solid OpenSCAD_Model
  facet normal 0.965928 0.258811 0
    outer loop
      vertex 3.80064 -0.5 3
      vertex 3.66667 0 0
      vertex 3.66667 0 3
    endloop
  endfacet
  facet normal 0.965928 0.258811 0
    outer loop
      vertex 3.66667 0 0
      vertex 3.80064 -0.5 3
      vertex 3.80064 -0.5 0
    endloop
  endfacet
  facet normal -0.707112 -0.707102 0
    outer loop
      vertex 5.16667 0.866025 0
      vertex 5.53269 0.5 3
      vertex 5.16667 0.866025 3
    endloop
  endfacet
  facet normal -0.707112 -0.707102 -0
    outer loop
      vertex 5.53269 0.5 3
      vertex 5.16667 0.866025 0
      vertex 5.53269 0.5 0
    endloop
  endfacet
  facet normal -0.965923 -0.258829 0
    outer loop
      vertex 5.66667 0 0
      vertex 5.53269 0.5 3
      vertex 5.53269 0.5 0
    endloop
  endfacet
  facet normal -0.965923 -0.258829 0
    outer loop
      vertex 5.53269 0.5 3
      vertex 5.66667 0 0
      vertex 5.66667 0 3
    endloop
  endfacet
  facet normal -0.25882 -0.965926 0
    outer loop
      vertex 4.66667 1 0
      vertex 5.16667 0.866025 3
      vertex 4.66667 1 3
    endloop
  endfacet
  facet normal -0.25882 -0.965926 -0
    outer loop
      vertex 5.16667 0.866025 3
      vertex 4.66667 1 0
      vertex 5.16667 0.866025 0
    endloop
  endfacet
  facet normal 0.965928 -0.258811 0
    outer loop
      vertex 3.66667 0 3
      vertex 3.80064 0.5 0
      vertex 3.80064 0.5 3
    endloop
  endfacet
  facet normal 0.965928 -0.258811 0
    outer loop
      vertex 3.80064 0.5 0
      vertex 3.66667 0 3
      vertex 3.66667 0 0
    endloop
  endfacet
  facet normal -0.25882 0.965926 0
    outer loop
      vertex 5.16667 -0.866025 0
      vertex 4.66667 -1 3
      vertex 5.16667 -0.866025 3
    endloop
  endfacet
  facet normal -0.25882 0.965926 0
    outer loop
      vertex 4.66667 -1 3
      vertex 5.16667 -0.866025 0
      vertex 4.66667 -1 0
    endloop
  endfacet
  facet normal 0.25882 -0.965926 0
    outer loop
      vertex 4.16667 0.866025 0
      vertex 4.66667 1 3
      vertex 4.16667 0.866025 3
    endloop
  endfacet
  facet normal 0.25882 -0.965926 0
    outer loop
      vertex 4.66667 1 3
      vertex 4.16667 0.866025 0
      vertex 4.66667 1 0
    endloop
  endfacet
  facet normal -0.707112 0.707102 0
    outer loop
      vertex 5.53269 -0.5 0
      vertex 5.16667 -0.866025 3
      vertex 5.53269 -0.5 3
    endloop
  endfacet
  facet normal -0.707112 0.707102 0
    outer loop
      vertex 5.16667 -0.866025 3
      vertex 5.53269 -0.5 0
      vertex 5.16667 -0.866025 0
    endloop
  endfacet
  facet normal -0.965923 0.258829 0
    outer loop
      vertex 5.53269 -0.5 0
      vertex 5.66667 0 3
      vertex 5.66667 0 0
    endloop
  endfacet
  facet normal -0.965923 0.258829 0
    outer loop
      vertex 5.66667 0 3
      vertex 5.53269 -0.5 0
      vertex 5.53269 -0.5 3
    endloop
  endfacet
  facet normal 0.707102 -0.707112 0
    outer loop
      vertex 3.80064 0.5 3
      vertex 4.16667 0.866025 0
      vertex 4.16667 0.866025 3
    endloop
  endfacet
  facet normal 0.707102 -0.707112 0
    outer loop
      vertex 4.16667 0.866025 0
      vertex 3.80064 0.5 3
      vertex 3.80064 0.5 0
    endloop
  endfacet
  facet normal 0.707102 0.707112 0
    outer loop
      vertex 4.16667 -0.866025 3
      vertex 3.80064 -0.5 0
      vertex 3.80064 -0.5 3
    endloop
  endfacet
  facet normal 0.707102 0.707112 0
    outer loop
      vertex 3.80064 -0.5 0
      vertex 4.16667 -0.866025 3
      vertex 4.16667 -0.866025 0
    endloop
  endfacet
  facet normal 0.25882 0.965926 -0
    outer loop
      vertex 4.66667 -1 0
      vertex 4.16667 -0.866025 3
      vertex 4.66667 -1 3
    endloop
  endfacet
  facet normal 0.25882 0.965926 0
    outer loop
      vertex 4.16667 -0.866025 3
      vertex 4.66667 -1 0
      vertex 4.16667 -0.866025 0
    endloop
  endfacet
  facet normal -0.707107 -0.707107 0
    outer loop
      vertex 3.19936 4.54145 0
      vertex 2.83333 4.90748 3
      vertex 2.83333 4.90748 0
    endloop
  endfacet
  facet normal -0.707107 -0.707107 0
    outer loop
      vertex 2.83333 4.90748 3
      vertex 3.19936 4.54145 0
      vertex 3.19936 4.54145 3
    endloop
  endfacet
  facet normal -0.965928 -0.258811 0
    outer loop
      vertex 3.33333 4.04145 0
      vertex 3.19936 4.54145 3
      vertex 3.19936 4.54145 0
    endloop
  endfacet
  facet normal -0.965928 -0.258811 0
    outer loop
      vertex 3.19936 4.54145 3
      vertex 3.33333 4.04145 0
      vertex 3.33333 4.04145 3
    endloop
  endfacet
  facet normal -0.258811 -0.965928 0
    outer loop
      vertex 2.33333 5.04145 0
      vertex 2.83333 4.90748 3
      vertex 2.33333 5.04145 3
    endloop
  endfacet
  facet normal -0.258811 -0.965928 -0
    outer loop
      vertex 2.83333 4.90748 3
      vertex 2.33333 5.04145 0
      vertex 2.83333 4.90748 0
    endloop
  endfacet
  facet normal 0.258811 -0.965928 0
    outer loop
      vertex 1.83333 4.90748 0
      vertex 2.33333 5.04145 3
      vertex 1.83333 4.90748 3
    endloop
  endfacet
  facet normal 0.258811 -0.965928 0
    outer loop
      vertex 2.33333 5.04145 3
      vertex 1.83333 4.90748 0
      vertex 2.33333 5.04145 0
    endloop
  endfacet
  facet normal -0.707097 0.707116 0
    outer loop
      vertex 2.83333 3.17543 0
      vertex 3.19936 3.54145 3
      vertex 3.19936 3.54145 0
    endloop
  endfacet
  facet normal -0.707097 0.707116 0
    outer loop
      vertex 3.19936 3.54145 3
      vertex 2.83333 3.17543 0
      vertex 2.83333 3.17543 3
    endloop
  endfacet
  facet normal 0.707116 -0.707097 0
    outer loop
      vertex 1.46731 4.54145 0
      vertex 1.83333 4.90748 3
      vertex 1.46731 4.54145 3
    endloop
  endfacet
  facet normal 0.707116 -0.707097 0
    outer loop
      vertex 1.83333 4.90748 3
      vertex 1.46731 4.54145 0
      vertex 1.83333 4.90748 0
    endloop
  endfacet
  facet normal 0.965923 -0.258829 0
    outer loop
      vertex 1.33333 4.04145 3
      vertex 1.46731 4.54145 0
      vertex 1.46731 4.54145 3
    endloop
  endfacet
  facet normal 0.965923 -0.258829 0
    outer loop
      vertex 1.46731 4.54145 0
      vertex 1.33333 4.04145 3
      vertex 1.33333 4.04145 0
    endloop
  endfacet
  facet normal 0.707107 0.707107 0
    outer loop
      vertex 1.83333 3.17543 3
      vertex 1.46731 3.54145 0
      vertex 1.46731 3.54145 3
    endloop
  endfacet
  facet normal 0.707107 0.707107 0
    outer loop
      vertex 1.46731 3.54145 0
      vertex 1.83333 3.17543 3
      vertex 1.83333 3.17543 0
    endloop
  endfacet
  facet normal -0.965928 0.258811 0
    outer loop
      vertex 3.19936 3.54145 0
      vertex 3.33333 4.04145 3
      vertex 3.33333 4.04145 0
    endloop
  endfacet
  facet normal -0.965928 0.258811 0
    outer loop
      vertex 3.33333 4.04145 3
      vertex 3.19936 3.54145 0
      vertex 3.19936 3.54145 3
    endloop
  endfacet
  facet normal 0.965923 0.258829 0
    outer loop
      vertex 1.46731 3.54145 3
      vertex 1.33333 4.04145 0
      vertex 1.33333 4.04145 3
    endloop
  endfacet
  facet normal 0.965923 0.258829 0
    outer loop
      vertex 1.33333 4.04145 0
      vertex 1.46731 3.54145 3
      vertex 1.46731 3.54145 0
    endloop
  endfacet
  facet normal -0.258829 0.965923 0
    outer loop
      vertex 2.83333 3.17543 0
      vertex 2.33333 3.04145 3
      vertex 2.83333 3.17543 3
    endloop
  endfacet
  facet normal -0.258829 0.965923 0
    outer loop
      vertex 2.33333 3.04145 3
      vertex 2.83333 3.17543 0
      vertex 2.33333 3.04145 0
    endloop
  endfacet
  facet normal 0.258829 0.965923 -0
    outer loop
      vertex 2.33333 3.04145 0
      vertex 1.83333 3.17543 3
      vertex 2.33333 3.04145 3
    endloop
  endfacet
  facet normal 0.258829 0.965923 0
    outer loop
      vertex 1.83333 3.17543 3
      vertex 2.33333 3.04145 0
      vertex 1.83333 3.17543 0
    endloop
  endfacet
  facet normal -0.707116 -0.707097 0
    outer loop
      vertex -1.83333 4.90748 0
      vertex -1.46731 4.54145 3
      vertex -1.83333 4.90748 3
    endloop
  endfacet
  facet normal -0.707116 -0.707097 -0
    outer loop
      vertex -1.46731 4.54145 3
      vertex -1.83333 4.90748 0
      vertex -1.46731 4.54145 0
    endloop
  endfacet
  facet normal -0.965923 -0.258829 0
    outer loop
      vertex -1.33333 4.04145 0
      vertex -1.46731 4.54145 3
      vertex -1.46731 4.54145 0
    endloop
  endfacet
  facet normal -0.965923 -0.258829 0
    outer loop
      vertex -1.46731 4.54145 3
      vertex -1.33333 4.04145 0
      vertex -1.33333 4.04145 3
    endloop
  endfacet
  facet normal -0.258811 -0.965928 0
    outer loop
      vertex -2.33333 5.04145 0
      vertex -1.83333 4.90748 3
      vertex -2.33333 5.04145 3
    endloop
  endfacet
  facet normal -0.258811 -0.965928 -0
    outer loop
      vertex -1.83333 4.90748 3
      vertex -2.33333 5.04145 0
      vertex -1.83333 4.90748 0
    endloop
  endfacet
  facet normal -0.707107 0.707107 0
    outer loop
      vertex -1.83333 3.17543 0
      vertex -1.46731 3.54145 3
      vertex -1.46731 3.54145 0
    endloop
  endfacet
  facet normal -0.707107 0.707107 0
    outer loop
      vertex -1.46731 3.54145 3
      vertex -1.83333 3.17543 0
      vertex -1.83333 3.17543 3
    endloop
  endfacet
  facet normal 0.258829 0.965923 -0
    outer loop
      vertex -2.33333 3.04145 0
      vertex -2.83333 3.17543 3
      vertex -2.33333 3.04145 3
    endloop
  endfacet
  facet normal 0.258829 0.965923 0
    outer loop
      vertex -2.83333 3.17543 3
      vertex -2.33333 3.04145 0
      vertex -2.83333 3.17543 0
    endloop
  endfacet
  facet normal 0.258811 -0.965928 0
    outer loop
      vertex -2.83333 4.90748 0
      vertex -2.33333 5.04145 3
      vertex -2.83333 4.90748 3
    endloop
  endfacet
  facet normal 0.258811 -0.965928 0
    outer loop
      vertex -2.33333 5.04145 3
      vertex -2.83333 4.90748 0
      vertex -2.33333 5.04145 0
    endloop
  endfacet
  facet normal 0.707097 0.707116 0
    outer loop
      vertex -2.83333 3.17543 3
      vertex -3.19936 3.54145 0
      vertex -3.19936 3.54145 3
    endloop
  endfacet
  facet normal 0.707097 0.707116 0
    outer loop
      vertex -3.19936 3.54145 0
      vertex -2.83333 3.17543 3
      vertex -2.83333 3.17543 0
    endloop
  endfacet
  facet normal 0.965928 -0.258811 0
    outer loop
      vertex -3.33333 4.04145 3
      vertex -3.19936 4.54145 0
      vertex -3.19936 4.54145 3
    endloop
  endfacet
  facet normal 0.965928 -0.258811 0
    outer loop
      vertex -3.19936 4.54145 0
      vertex -3.33333 4.04145 3
      vertex -3.33333 4.04145 0
    endloop
  endfacet
  facet normal -0.965923 0.258829 0
    outer loop
      vertex -1.46731 3.54145 0
      vertex -1.33333 4.04145 3
      vertex -1.33333 4.04145 0
    endloop
  endfacet
  facet normal -0.965923 0.258829 0
    outer loop
      vertex -1.33333 4.04145 3
      vertex -1.46731 3.54145 0
      vertex -1.46731 3.54145 3
    endloop
  endfacet
  facet normal 0.707107 -0.707107 0
    outer loop
      vertex -3.19936 4.54145 3
      vertex -2.83333 4.90748 0
      vertex -2.83333 4.90748 3
    endloop
  endfacet
  facet normal 0.707107 -0.707107 0
    outer loop
      vertex -2.83333 4.90748 0
      vertex -3.19936 4.54145 3
      vertex -3.19936 4.54145 0
    endloop
  endfacet
  facet normal -0.258829 0.965923 0
    outer loop
      vertex -1.83333 3.17543 0
      vertex -2.33333 3.04145 3
      vertex -1.83333 3.17543 3
    endloop
  endfacet
  facet normal -0.258829 0.965923 0
    outer loop
      vertex -2.33333 3.04145 3
      vertex -1.83333 3.17543 0
      vertex -2.33333 3.04145 0
    endloop
  endfacet
  facet normal 0.965928 0.258811 0
    outer loop
      vertex -3.19936 3.54145 3
      vertex -3.33333 4.04145 0
      vertex -3.33333 4.04145 3
    endloop
  endfacet
  facet normal 0.965928 0.258811 0
    outer loop
      vertex -3.33333 4.04145 0
      vertex -3.19936 3.54145 3
      vertex -3.19936 3.54145 0
    endloop
  endfacet
  facet normal 0.25882 0.965926 -0
    outer loop
      vertex -4.66667 -1 0
      vertex -5.16667 -0.866025 3
      vertex -4.66667 -1 3
    endloop
  endfacet
  facet normal 0.25882 0.965926 0
    outer loop
      vertex -5.16667 -0.866025 3
      vertex -4.66667 -1 0
      vertex -5.16667 -0.866025 0
    endloop
  endfacet
  facet normal -0.707102 -0.707112 0
    outer loop
      vertex -3.80064 0.5 0
      vertex -4.16667 0.866025 3
      vertex -4.16667 0.866025 0
    endloop
  endfacet
  facet normal -0.707102 -0.707112 0
    outer loop
      vertex -4.16667 0.866025 3
      vertex -3.80064 0.5 0
      vertex -3.80064 0.5 3
    endloop
  endfacet
  facet normal -0.965928 -0.258811 0
    outer loop
      vertex -3.66667 0 0
      vertex -3.80064 0.5 3
      vertex -3.80064 0.5 0
    endloop
  endfacet
  facet normal -0.965928 -0.258811 0
    outer loop
      vertex -3.80064 0.5 3
      vertex -3.66667 0 0
      vertex -3.66667 0 3
    endloop
  endfacet
  facet normal -0.25882 -0.965926 0
    outer loop
      vertex -4.66667 1 0
      vertex -4.16667 0.866025 3
      vertex -4.66667 1 3
    endloop
  endfacet
  facet normal -0.25882 -0.965926 -0
    outer loop
      vertex -4.16667 0.866025 3
      vertex -4.66667 1 0
      vertex -4.16667 0.866025 0
    endloop
  endfacet
  facet normal 0.707112 -0.707102 0
    outer loop
      vertex -5.53269 0.5 0
      vertex -5.16667 0.866025 3
      vertex -5.53269 0.5 3
    endloop
  endfacet
  facet normal 0.707112 -0.707102 0
    outer loop
      vertex -5.16667 0.866025 3
      vertex -5.53269 0.5 0
      vertex -5.16667 0.866025 0
    endloop
  endfacet
  facet normal 0.965923 -0.258829 0
    outer loop
      vertex -5.66667 0 3
      vertex -5.53269 0.5 0
      vertex -5.53269 0.5 3
    endloop
  endfacet
  facet normal 0.965923 -0.258829 0
    outer loop
      vertex -5.53269 0.5 0
      vertex -5.66667 0 3
      vertex -5.66667 0 0
    endloop
  endfacet
  facet normal 0.707112 0.707102 -0
    outer loop
      vertex -5.16667 -0.866025 0
      vertex -5.53269 -0.5 3
      vertex -5.16667 -0.866025 3
    endloop
  endfacet
  facet normal 0.707112 0.707102 0
    outer loop
      vertex -5.53269 -0.5 3
      vertex -5.16667 -0.866025 0
      vertex -5.53269 -0.5 0
    endloop
  endfacet
  facet normal 0.25882 -0.965926 0
    outer loop
      vertex -5.16667 0.866025 0
      vertex -4.66667 1 3
      vertex -5.16667 0.866025 3
    endloop
  endfacet
  facet normal 0.25882 -0.965926 0
    outer loop
      vertex -4.66667 1 3
      vertex -5.16667 0.866025 0
      vertex -4.66667 1 0
    endloop
  endfacet
  facet normal -0.965928 0.258811 0
    outer loop
      vertex -3.80064 -0.5 0
      vertex -3.66667 0 3
      vertex -3.66667 0 0
    endloop
  endfacet
  facet normal -0.965928 0.258811 0
    outer loop
      vertex -3.66667 0 3
      vertex -3.80064 -0.5 0
      vertex -3.80064 -0.5 3
    endloop
  endfacet
  facet normal 0.965923 0.258829 0
    outer loop
      vertex -5.53269 -0.5 3
      vertex -5.66667 0 0
      vertex -5.66667 0 3
    endloop
  endfacet
  facet normal 0.965923 0.258829 0
    outer loop
      vertex -5.66667 0 0
      vertex -5.53269 -0.5 3
      vertex -5.53269 -0.5 0
    endloop
  endfacet
  facet normal -0.25882 0.965926 0
    outer loop
      vertex -4.16667 -0.866025 0
      vertex -4.66667 -1 3
      vertex -4.16667 -0.866025 3
    endloop
  endfacet
  facet normal -0.25882 0.965926 0
    outer loop
      vertex -4.66667 -1 3
      vertex -4.16667 -0.866025 0
      vertex -4.66667 -1 0
    endloop
  endfacet
  facet normal -0.707102 0.707112 0
    outer loop
      vertex -4.16667 -0.866025 0
      vertex -3.80064 -0.5 3
      vertex -3.80064 -0.5 0
    endloop
  endfacet
  facet normal -0.707102 0.707112 0
    outer loop
      vertex -3.80064 -0.5 3
      vertex -4.16667 -0.866025 0
      vertex -4.16667 -0.866025 3
    endloop
  endfacet
  facet normal -0.707116 0.707097 0
    outer loop
      vertex -1.46731 -4.54145 0
      vertex -1.83333 -4.90748 3
      vertex -1.46731 -4.54145 3
    endloop
  endfacet
  facet normal -0.707116 0.707097 0
    outer loop
      vertex -1.83333 -4.90748 3
      vertex -1.46731 -4.54145 0
      vertex -1.83333 -4.90748 0
    endloop
  endfacet
  facet normal 0.965928 0.258811 0
    outer loop
      vertex -3.19936 -4.54145 3
      vertex -3.33333 -4.04145 0
      vertex -3.33333 -4.04145 3
    endloop
  endfacet
  facet normal 0.965928 0.258811 0
    outer loop
      vertex -3.33333 -4.04145 0
      vertex -3.19936 -4.54145 3
      vertex -3.19936 -4.54145 0
    endloop
  endfacet
  facet normal -0.707107 -0.707107 0
    outer loop
      vertex -1.46731 -3.54145 0
      vertex -1.83333 -3.17543 3
      vertex -1.83333 -3.17543 0
    endloop
  endfacet
  facet normal -0.707107 -0.707107 0
    outer loop
      vertex -1.83333 -3.17543 3
      vertex -1.46731 -3.54145 0
      vertex -1.46731 -3.54145 3
    endloop
  endfacet
  facet normal -0.965923 -0.258829 0
    outer loop
      vertex -1.33333 -4.04145 0
      vertex -1.46731 -3.54145 3
      vertex -1.46731 -3.54145 0
    endloop
  endfacet
  facet normal -0.965923 -0.258829 0
    outer loop
      vertex -1.46731 -3.54145 3
      vertex -1.33333 -4.04145 0
      vertex -1.33333 -4.04145 3
    endloop
  endfacet
  facet normal 0.707107 0.707107 0
    outer loop
      vertex -2.83333 -4.90748 3
      vertex -3.19936 -4.54145 0
      vertex -3.19936 -4.54145 3
    endloop
  endfacet
  facet normal 0.707107 0.707107 0
    outer loop
      vertex -3.19936 -4.54145 0
      vertex -2.83333 -4.90748 3
      vertex -2.83333 -4.90748 0
    endloop
  endfacet
  facet normal 0.258829 -0.965923 0
    outer loop
      vertex -2.83333 -3.17543 0
      vertex -2.33333 -3.04145 3
      vertex -2.83333 -3.17543 3
    endloop
  endfacet
  facet normal 0.258829 -0.965923 0
    outer loop
      vertex -2.33333 -3.04145 3
      vertex -2.83333 -3.17543 0
      vertex -2.33333 -3.04145 0
    endloop
  endfacet
  facet normal 0.707097 -0.707116 0
    outer loop
      vertex -3.19936 -3.54145 3
      vertex -2.83333 -3.17543 0
      vertex -2.83333 -3.17543 3
    endloop
  endfacet
  facet normal 0.707097 -0.707116 0
    outer loop
      vertex -2.83333 -3.17543 0
      vertex -3.19936 -3.54145 3
      vertex -3.19936 -3.54145 0
    endloop
  endfacet
  facet normal 0.258811 0.965928 -0
    outer loop
      vertex -2.33333 -5.04145 0
      vertex -2.83333 -4.90748 3
      vertex -2.33333 -5.04145 3
    endloop
  endfacet
  facet normal 0.258811 0.965928 0
    outer loop
      vertex -2.83333 -4.90748 3
      vertex -2.33333 -5.04145 0
      vertex -2.83333 -4.90748 0
    endloop
  endfacet
  facet normal -0.965923 0.258829 0
    outer loop
      vertex -1.46731 -4.54145 0
      vertex -1.33333 -4.04145 3
      vertex -1.33333 -4.04145 0
    endloop
  endfacet
  facet normal -0.965923 0.258829 0
    outer loop
      vertex -1.33333 -4.04145 3
      vertex -1.46731 -4.54145 0
      vertex -1.46731 -4.54145 3
    endloop
  endfacet
  facet normal 0.965928 -0.258811 0
    outer loop
      vertex -3.33333 -4.04145 3
      vertex -3.19936 -3.54145 0
      vertex -3.19936 -3.54145 3
    endloop
  endfacet
  facet normal 0.965928 -0.258811 0
    outer loop
      vertex -3.19936 -3.54145 0
      vertex -3.33333 -4.04145 3
      vertex -3.33333 -4.04145 0
    endloop
  endfacet
  facet normal -0.258829 -0.965923 0
    outer loop
      vertex -2.33333 -3.04145 0
      vertex -1.83333 -3.17543 3
      vertex -2.33333 -3.04145 3
    endloop
  endfacet
  facet normal -0.258829 -0.965923 -0
    outer loop
      vertex -1.83333 -3.17543 3
      vertex -2.33333 -3.04145 0
      vertex -1.83333 -3.17543 0
    endloop
  endfacet
  facet normal -0.258811 0.965928 0
    outer loop
      vertex -1.83333 -4.90748 0
      vertex -2.33333 -5.04145 3
      vertex -1.83333 -4.90748 3
    endloop
  endfacet
  facet normal -0.258811 0.965928 0
    outer loop
      vertex -2.33333 -5.04145 3
      vertex -1.83333 -4.90748 0
      vertex -2.33333 -5.04145 0
    endloop
  endfacet
  facet normal 0.707116 0.707097 -0
    outer loop
      vertex 1.83333 -4.90748 0
      vertex 1.46731 -4.54145 3
      vertex 1.83333 -4.90748 3
    endloop
  endfacet
  facet normal 0.707116 0.707097 0
    outer loop
      vertex 1.46731 -4.54145 3
      vertex 1.83333 -4.90748 0
      vertex 1.46731 -4.54145 0
    endloop
  endfacet
  facet normal -0.707097 -0.707116 0
    outer loop
      vertex 3.19936 -3.54145 0
      vertex 2.83333 -3.17543 3
      vertex 2.83333 -3.17543 0
    endloop
  endfacet
  facet normal -0.707097 -0.707116 0
    outer loop
      vertex 2.83333 -3.17543 3
      vertex 3.19936 -3.54145 0
      vertex 3.19936 -3.54145 3
    endloop
  endfacet
  facet normal -0.965928 -0.258811 0
    outer loop
      vertex 3.33333 -4.04145 0
      vertex 3.19936 -3.54145 3
      vertex 3.19936 -3.54145 0
    endloop
  endfacet
  facet normal -0.965928 -0.258811 0
    outer loop
      vertex 3.19936 -3.54145 3
      vertex 3.33333 -4.04145 0
      vertex 3.33333 -4.04145 3
    endloop
  endfacet
  facet normal -0.965928 0.258811 0
    outer loop
      vertex 3.19936 -4.54145 0
      vertex 3.33333 -4.04145 3
      vertex 3.33333 -4.04145 0
    endloop
  endfacet
  facet normal -0.965928 0.258811 0
    outer loop
      vertex 3.33333 -4.04145 3
      vertex 3.19936 -4.54145 0
      vertex 3.19936 -4.54145 3
    endloop
  endfacet
  facet normal 0.965923 -0.258829 0
    outer loop
      vertex 1.33333 -4.04145 3
      vertex 1.46731 -3.54145 0
      vertex 1.46731 -3.54145 3
    endloop
  endfacet
  facet normal 0.965923 -0.258829 0
    outer loop
      vertex 1.46731 -3.54145 0
      vertex 1.33333 -4.04145 3
      vertex 1.33333 -4.04145 0
    endloop
  endfacet
  facet normal 0.258811 0.965928 -0
    outer loop
      vertex 2.33333 -5.04145 0
      vertex 1.83333 -4.90748 3
      vertex 2.33333 -5.04145 3
    endloop
  endfacet
  facet normal 0.258811 0.965928 0
    outer loop
      vertex 1.83333 -4.90748 3
      vertex 2.33333 -5.04145 0
      vertex 1.83333 -4.90748 0
    endloop
  endfacet
  facet normal 0.707107 -0.707107 0
    outer loop
      vertex 1.46731 -3.54145 3
      vertex 1.83333 -3.17543 0
      vertex 1.83333 -3.17543 3
    endloop
  endfacet
  facet normal 0.707107 -0.707107 0
    outer loop
      vertex 1.83333 -3.17543 0
      vertex 1.46731 -3.54145 3
      vertex 1.46731 -3.54145 0
    endloop
  endfacet
  facet normal -0.258811 0.965928 0
    outer loop
      vertex 2.83333 -4.90748 0
      vertex 2.33333 -5.04145 3
      vertex 2.83333 -4.90748 3
    endloop
  endfacet
  facet normal -0.258811 0.965928 0
    outer loop
      vertex 2.33333 -5.04145 3
      vertex 2.83333 -4.90748 0
      vertex 2.33333 -5.04145 0
    endloop
  endfacet
  facet normal 0.258829 -0.965923 0
    outer loop
      vertex 1.83333 -3.17543 0
      vertex 2.33333 -3.04145 3
      vertex 1.83333 -3.17543 3
    endloop
  endfacet
  facet normal 0.258829 -0.965923 0
    outer loop
      vertex 2.33333 -3.04145 3
      vertex 1.83333 -3.17543 0
      vertex 2.33333 -3.04145 0
    endloop
  endfacet
  facet normal 0.965923 0.258829 0
    outer loop
      vertex 1.46731 -4.54145 3
      vertex 1.33333 -4.04145 0
      vertex 1.33333 -4.04145 3
    endloop
  endfacet
  facet normal 0.965923 0.258829 0
    outer loop
      vertex 1.33333 -4.04145 0
      vertex 1.46731 -4.54145 3
      vertex 1.46731 -4.54145 0
    endloop
  endfacet
  facet normal -0.707107 0.707107 0
    outer loop
      vertex 2.83333 -4.90748 0
      vertex 3.19936 -4.54145 3
      vertex 3.19936 -4.54145 0
    endloop
  endfacet
  facet normal -0.707107 0.707107 0
    outer loop
      vertex 3.19936 -4.54145 3
      vertex 2.83333 -4.90748 0
      vertex 2.83333 -4.90748 3
    endloop
  endfacet
  facet normal -0.258829 -0.965923 0
    outer loop
      vertex 2.33333 -3.04145 0
      vertex 2.83333 -3.17543 3
      vertex 2.33333 -3.04145 3
    endloop
  endfacet
  facet normal -0.258829 -0.965923 -0
    outer loop
      vertex 2.83333 -3.17543 3
      vertex 2.33333 -3.04145 0
      vertex 2.83333 -3.17543 0
    endloop
  endfacet
  facet normal 0.25882 0.965926 -0
    outer loop
      vertex 9.33333 -1 0
      vertex 8.83333 -0.866025 3
      vertex 9.33333 -1 3
    endloop
  endfacet
  facet normal 0.25882 0.965926 0
    outer loop
      vertex 8.83333 -0.866025 3
      vertex 9.33333 -1 0
      vertex 8.83333 -0.866025 0
    endloop
  endfacet
  facet normal -0.707063 -0.70715 0
    outer loop
      vertex 10.1994 0.5 0
      vertex 9.83333 0.866025 3
      vertex 9.83333 0.866025 0
    endloop
  endfacet
  facet normal -0.707063 -0.70715 0
    outer loop
      vertex 9.83333 0.866025 3
      vertex 10.1994 0.5 0
      vertex 10.1994 0.5 3
    endloop
  endfacet
  facet normal -0.965962 -0.258685 0
    outer loop
      vertex 10.3333 0 0
      vertex 10.1994 0.5 3
      vertex 10.1994 0.5 0
    endloop
  endfacet
  facet normal -0.965962 -0.258685 0
    outer loop
      vertex 10.1994 0.5 3
      vertex 10.3333 0 0
      vertex 10.3333 0 3
    endloop
  endfacet
  facet normal -0.25882 -0.965926 0
    outer loop
      vertex 9.33333 1 0
      vertex 9.83333 0.866025 3
      vertex 9.33333 1 3
    endloop
  endfacet
  facet normal -0.25882 -0.965926 -0
    outer loop
      vertex 9.83333 0.866025 3
      vertex 9.33333 1 0
      vertex 9.83333 0.866025 0
    endloop
  endfacet
  facet normal 0.25882 -0.965926 0
    outer loop
      vertex 8.83333 0.866025 0
      vertex 9.33333 1 3
      vertex 8.83333 0.866025 3
    endloop
  endfacet
  facet normal 0.25882 -0.965926 0
    outer loop
      vertex 9.33333 1 3
      vertex 8.83333 0.866025 0
      vertex 9.33333 1 0
    endloop
  endfacet
  facet normal 0.707112 -0.707102 0
    outer loop
      vertex 8.46731 0.5 0
      vertex 8.83333 0.866025 3
      vertex 8.46731 0.5 3
    endloop
  endfacet
  facet normal 0.707112 -0.707102 0
    outer loop
      vertex 8.83333 0.866025 3
      vertex 8.46731 0.5 0
      vertex 8.83333 0.866025 0
    endloop
  endfacet
  facet normal 0.965923 -0.258829 0
    outer loop
      vertex 8.33333 0 3
      vertex 8.46731 0.5 0
      vertex 8.46731 0.5 3
    endloop
  endfacet
  facet normal 0.965923 -0.258829 0
    outer loop
      vertex 8.46731 0.5 0
      vertex 8.33333 0 3
      vertex 8.33333 0 0
    endloop
  endfacet
  facet normal 0.707112 0.707102 -0
    outer loop
      vertex 8.83333 -0.866025 0
      vertex 8.46731 -0.5 3
      vertex 8.83333 -0.866025 3
    endloop
  endfacet
  facet normal 0.707112 0.707102 0
    outer loop
      vertex 8.46731 -0.5 3
      vertex 8.83333 -0.866025 0
      vertex 8.46731 -0.5 0
    endloop
  endfacet
  facet normal -0.965962 0.258685 0
    outer loop
      vertex 10.1994 -0.5 0
      vertex 10.3333 0 3
      vertex 10.3333 0 0
    endloop
  endfacet
  facet normal -0.965962 0.258685 0
    outer loop
      vertex 10.3333 0 3
      vertex 10.1994 -0.5 0
      vertex 10.1994 -0.5 3
    endloop
  endfacet
  facet normal 0.965923 0.258829 0
    outer loop
      vertex 8.46731 -0.5 3
      vertex 8.33333 0 0
      vertex 8.33333 0 3
    endloop
  endfacet
  facet normal 0.965923 0.258829 0
    outer loop
      vertex 8.33333 0 0
      vertex 8.46731 -0.5 3
      vertex 8.46731 -0.5 0
    endloop
  endfacet
  facet normal -0.25882 0.965926 0
    outer loop
      vertex 9.83333 -0.866025 0
      vertex 9.33333 -1 3
      vertex 9.83333 -0.866025 3
    endloop
  endfacet
  facet normal -0.25882 0.965926 0
    outer loop
      vertex 9.33333 -1 3
      vertex 9.83333 -0.866025 0
      vertex 9.33333 -1 0
    endloop
  endfacet
  facet normal -0.707063 0.70715 0
    outer loop
      vertex 9.83333 -0.866025 0
      vertex 10.1994 -0.5 3
      vertex 10.1994 -0.5 0
    endloop
  endfacet
  facet normal -0.707063 0.70715 0
    outer loop
      vertex 10.1994 -0.5 3
      vertex 9.83333 -0.866025 0
      vertex 9.83333 -0.866025 3
    endloop
  endfacet
  facet normal -0.707107 0.707107 0
    outer loop
      vertex 8.94893 4.16667 0
      vertex 8.5829 3.80064 3
      vertex 8.94893 4.16667 3
    endloop
  endfacet
  facet normal -0.707107 0.707107 0
    outer loop
      vertex 8.5829 3.80064 3
      vertex 8.94893 4.16667 0
      vertex 8.5829 3.80064 0
    endloop
  endfacet
  facet normal 0.965923 0.258829 0
    outer loop
      vertex 7.21688 4.16667 3
      vertex 7.0829 4.66667 0
      vertex 7.0829 4.66667 3
    endloop
  endfacet
  facet normal 0.965923 0.258829 0
    outer loop
      vertex 7.0829 4.66667 0
      vertex 7.21688 4.16667 3
      vertex 7.21688 4.16667 0
    endloop
  endfacet
  facet normal -0.707097 -0.707116 0
    outer loop
      vertex 8.94893 5.16667 0
      vertex 8.5829 5.53269 3
      vertex 8.5829 5.53269 0
    endloop
  endfacet
  facet normal -0.707097 -0.707116 0
    outer loop
      vertex 8.5829 5.53269 3
      vertex 8.94893 5.16667 0
      vertex 8.94893 5.16667 3
    endloop
  endfacet
  facet normal -0.965928 -0.258811 0
    outer loop
      vertex 9.0829 4.66667 0
      vertex 8.94893 5.16667 3
      vertex 8.94893 5.16667 0
    endloop
  endfacet
  facet normal -0.965928 -0.258811 0
    outer loop
      vertex 8.94893 5.16667 3
      vertex 9.0829 4.66667 0
      vertex 9.0829 4.66667 3
    endloop
  endfacet
  facet normal 0.707116 0.707097 0
    outer loop
      vertex 7.5829 3.80064 3
      vertex 7.21688 4.16667 0
      vertex 7.21688 4.16667 3
    endloop
  endfacet
  facet normal 0.707116 0.707097 0
    outer loop
      vertex 7.21688 4.16667 0
      vertex 7.5829 3.80064 3
      vertex 7.5829 3.80064 0
    endloop
  endfacet
  facet normal 0.258829 -0.965923 0
    outer loop
      vertex 7.5829 5.53269 0
      vertex 8.0829 5.66667 3
      vertex 7.5829 5.53269 3
    endloop
  endfacet
  facet normal 0.258829 -0.965923 0
    outer loop
      vertex 8.0829 5.66667 3
      vertex 7.5829 5.53269 0
      vertex 8.0829 5.66667 0
    endloop
  endfacet
  facet normal 0.707107 -0.707107 0
    outer loop
      vertex 7.21688 5.16667 3
      vertex 7.5829 5.53269 0
      vertex 7.5829 5.53269 3
    endloop
  endfacet
  facet normal 0.707107 -0.707107 0
    outer loop
      vertex 7.5829 5.53269 0
      vertex 7.21688 5.16667 3
      vertex 7.21688 5.16667 0
    endloop
  endfacet
  facet normal 0.258811 0.965928 -0
    outer loop
      vertex 8.0829 3.66667 0
      vertex 7.5829 3.80064 3
      vertex 8.0829 3.66667 3
    endloop
  endfacet
  facet normal 0.258811 0.965928 0
    outer loop
      vertex 7.5829 3.80064 3
      vertex 8.0829 3.66667 0
      vertex 7.5829 3.80064 0
    endloop
  endfacet
  facet normal -0.965928 0.258811 0
    outer loop
      vertex 8.94893 4.16667 0
      vertex 9.0829 4.66667 3
      vertex 9.0829 4.66667 0
    endloop
  endfacet
  facet normal -0.965928 0.258811 0
    outer loop
      vertex 9.0829 4.66667 3
      vertex 8.94893 4.16667 0
      vertex 8.94893 4.16667 3
    endloop
  endfacet
  facet normal 0.965923 -0.258829 0
    outer loop
      vertex 7.0829 4.66667 3
      vertex 7.21688 5.16667 0
      vertex 7.21688 5.16667 3
    endloop
  endfacet
  facet normal 0.965923 -0.258829 0
    outer loop
      vertex 7.21688 5.16667 0
      vertex 7.0829 4.66667 3
      vertex 7.0829 4.66667 0
    endloop
  endfacet
  facet normal -0.258829 -0.965923 0
    outer loop
      vertex 8.0829 5.66667 0
      vertex 8.5829 5.53269 3
      vertex 8.0829 5.66667 3
    endloop
  endfacet
  facet normal -0.258829 -0.965923 -0
    outer loop
      vertex 8.5829 5.53269 3
      vertex 8.0829 5.66667 0
      vertex 8.5829 5.53269 0
    endloop
  endfacet
  facet normal -0.258811 0.965928 0
    outer loop
      vertex 8.5829 3.80064 0
      vertex 8.0829 3.66667 3
      vertex 8.5829 3.80064 3
    endloop
  endfacet
  facet normal -0.258811 0.965928 0
    outer loop
      vertex 8.0829 3.66667 3
      vertex 8.5829 3.80064 0
      vertex 8.0829 3.66667 0
    endloop
  endfacet
  facet normal -0.707107 0.707107 0
    outer loop
      vertex 5.53269 7.5829 0
      vertex 5.16667 7.21688 3
      vertex 5.53269 7.5829 3
    endloop
  endfacet
  facet normal -0.707107 0.707107 0
    outer loop
      vertex 5.16667 7.21688 3
      vertex 5.53269 7.5829 0
      vertex 5.16667 7.21688 0
    endloop
  endfacet
  facet normal 0.965928 0.258811 0
    outer loop
      vertex 3.80064 7.5829 3
      vertex 3.66667 8.0829 0
      vertex 3.66667 8.0829 3
    endloop
  endfacet
  facet normal 0.965928 0.258811 0
    outer loop
      vertex 3.66667 8.0829 0
      vertex 3.80064 7.5829 3
      vertex 3.80064 7.5829 0
    endloop
  endfacet
  facet normal -0.707116 -0.707097 0
    outer loop
      vertex 5.53269 8.5829 0
      vertex 5.16667 8.94893 3
      vertex 5.16667 8.94893 0
    endloop
  endfacet
  facet normal -0.707116 -0.707097 0
    outer loop
      vertex 5.16667 8.94893 3
      vertex 5.53269 8.5829 0
      vertex 5.53269 8.5829 3
    endloop
  endfacet
  facet normal -0.965923 -0.258829 0
    outer loop
      vertex 5.66667 8.0829 0
      vertex 5.53269 8.5829 3
      vertex 5.53269 8.5829 0
    endloop
  endfacet
  facet normal -0.965923 -0.258829 0
    outer loop
      vertex 5.53269 8.5829 3
      vertex 5.66667 8.0829 0
      vertex 5.66667 8.0829 3
    endloop
  endfacet
  facet normal 0.707097 0.707116 0
    outer loop
      vertex 4.16667 7.21688 3
      vertex 3.80064 7.5829 0
      vertex 3.80064 7.5829 3
    endloop
  endfacet
  facet normal 0.707097 0.707116 0
    outer loop
      vertex 3.80064 7.5829 0
      vertex 4.16667 7.21688 3
      vertex 4.16667 7.21688 0
    endloop
  endfacet
  facet normal 0.258811 -0.965928 0
    outer loop
      vertex 4.16667 8.94893 0
      vertex 4.66667 9.0829 3
      vertex 4.16667 8.94893 3
    endloop
  endfacet
  facet normal 0.258811 -0.965928 0
    outer loop
      vertex 4.66667 9.0829 3
      vertex 4.16667 8.94893 0
      vertex 4.66667 9.0829 0
    endloop
  endfacet
  facet normal 0.707107 -0.707107 0
    outer loop
      vertex 3.80064 8.5829 3
      vertex 4.16667 8.94893 0
      vertex 4.16667 8.94893 3
    endloop
  endfacet
  facet normal 0.707107 -0.707107 0
    outer loop
      vertex 4.16667 8.94893 0
      vertex 3.80064 8.5829 3
      vertex 3.80064 8.5829 0
    endloop
  endfacet
  facet normal 0.258829 0.965923 -0
    outer loop
      vertex 4.66667 7.0829 0
      vertex 4.16667 7.21688 3
      vertex 4.66667 7.0829 3
    endloop
  endfacet
  facet normal 0.258829 0.965923 0
    outer loop
      vertex 4.16667 7.21688 3
      vertex 4.66667 7.0829 0
      vertex 4.16667 7.21688 0
    endloop
  endfacet
  facet normal -0.965923 0.258829 0
    outer loop
      vertex 5.53269 7.5829 0
      vertex 5.66667 8.0829 3
      vertex 5.66667 8.0829 0
    endloop
  endfacet
  facet normal -0.965923 0.258829 0
    outer loop
      vertex 5.66667 8.0829 3
      vertex 5.53269 7.5829 0
      vertex 5.53269 7.5829 3
    endloop
  endfacet
  facet normal 0.965928 -0.258811 0
    outer loop
      vertex 3.66667 8.0829 3
      vertex 3.80064 8.5829 0
      vertex 3.80064 8.5829 3
    endloop
  endfacet
  facet normal 0.965928 -0.258811 0
    outer loop
      vertex 3.80064 8.5829 0
      vertex 3.66667 8.0829 3
      vertex 3.66667 8.0829 0
    endloop
  endfacet
  facet normal -0.258811 -0.965928 0
    outer loop
      vertex 4.66667 9.0829 0
      vertex 5.16667 8.94893 3
      vertex 4.66667 9.0829 3
    endloop
  endfacet
  facet normal -0.258811 -0.965928 -0
    outer loop
      vertex 5.16667 8.94893 3
      vertex 4.66667 9.0829 0
      vertex 5.16667 8.94893 0
    endloop
  endfacet
  facet normal -0.258829 0.965923 0
    outer loop
      vertex 5.16667 7.21688 0
      vertex 4.66667 7.0829 3
      vertex 5.16667 7.21688 3
    endloop
  endfacet
  facet normal -0.258829 0.965923 0
    outer loop
      vertex 4.66667 7.0829 3
      vertex 5.16667 7.21688 0
      vertex 4.66667 7.0829 0
    endloop
  endfacet
  facet normal 0.258685 -0.965962 0
    outer loop
      vertex -0.5 10.1994 0
      vertex 0 10.3333 3
      vertex -0.5 10.1994 3
    endloop
  endfacet
  facet normal 0.258685 -0.965962 0
    outer loop
      vertex 0 10.3333 3
      vertex -0.5 10.1994 0
      vertex 0 10.3333 0
    endloop
  endfacet
  facet normal -0.70715 -0.707063 0
    outer loop
      vertex 0.866025 9.83333 0
      vertex 0.5 10.1994 3
      vertex 0.5 10.1994 0
    endloop
  endfacet
  facet normal -0.70715 -0.707063 0
    outer loop
      vertex 0.5 10.1994 3
      vertex 0.866025 9.83333 0
      vertex 0.866025 9.83333 3
    endloop
  endfacet
  facet normal -0.965926 -0.25882 0
    outer loop
      vertex 1 9.33333 0
      vertex 0.866025 9.83333 3
      vertex 0.866025 9.83333 0
    endloop
  endfacet
  facet normal -0.965926 -0.25882 0
    outer loop
      vertex 0.866025 9.83333 3
      vertex 1 9.33333 0
      vertex 1 9.33333 3
    endloop
  endfacet
  facet normal -0.258685 -0.965962 0
    outer loop
      vertex 0 10.3333 0
      vertex 0.5 10.1994 3
      vertex 0 10.3333 3
    endloop
  endfacet
  facet normal -0.258685 -0.965962 -0
    outer loop
      vertex 0.5 10.1994 3
      vertex 0 10.3333 0
      vertex 0.5 10.1994 0
    endloop
  endfacet
  facet normal -0.707102 0.707112 0
    outer loop
      vertex 0.5 8.46731 0
      vertex 0.866025 8.83333 3
      vertex 0.866025 8.83333 0
    endloop
  endfacet
  facet normal -0.707102 0.707112 0
    outer loop
      vertex 0.866025 8.83333 3
      vertex 0.5 8.46731 0
      vertex 0.5 8.46731 3
    endloop
  endfacet
  facet normal 0.258829 0.965923 -0
    outer loop
      vertex 0 8.33333 0
      vertex -0.5 8.46731 3
      vertex 0 8.33333 3
    endloop
  endfacet
  facet normal 0.258829 0.965923 0
    outer loop
      vertex -0.5 8.46731 3
      vertex 0 8.33333 0
      vertex -0.5 8.46731 0
    endloop
  endfacet
  facet normal 0.965926 -0.25882 0
    outer loop
      vertex -1 9.33333 3
      vertex -0.866025 9.83333 0
      vertex -0.866025 9.83333 3
    endloop
  endfacet
  facet normal 0.965926 -0.25882 0
    outer loop
      vertex -0.866025 9.83333 0
      vertex -1 9.33333 3
      vertex -1 9.33333 0
    endloop
  endfacet
  facet normal 0.707102 0.707112 0
    outer loop
      vertex -0.5 8.46731 3
      vertex -0.866025 8.83333 0
      vertex -0.866025 8.83333 3
    endloop
  endfacet
  facet normal 0.707102 0.707112 0
    outer loop
      vertex -0.866025 8.83333 0
      vertex -0.5 8.46731 3
      vertex -0.5 8.46731 0
    endloop
  endfacet
  facet normal -0.965926 0.25882 0
    outer loop
      vertex 0.866025 8.83333 0
      vertex 1 9.33333 3
      vertex 1 9.33333 0
    endloop
  endfacet
  facet normal -0.965926 0.25882 0
    outer loop
      vertex 1 9.33333 3
      vertex 0.866025 8.83333 0
      vertex 0.866025 8.83333 3
    endloop
  endfacet
  facet normal 0.70715 -0.707063 0
    outer loop
      vertex -0.866025 9.83333 3
      vertex -0.5 10.1994 0
      vertex -0.5 10.1994 3
    endloop
  endfacet
  facet normal 0.70715 -0.707063 0
    outer loop
      vertex -0.5 10.1994 0
      vertex -0.866025 9.83333 3
      vertex -0.866025 9.83333 0
    endloop
  endfacet
  facet normal -0.258829 0.965923 0
    outer loop
      vertex 0.5 8.46731 0
      vertex 0 8.33333 3
      vertex 0.5 8.46731 3
    endloop
  endfacet
  facet normal -0.258829 0.965923 0
    outer loop
      vertex 0 8.33333 3
      vertex 0.5 8.46731 0
      vertex 0 8.33333 0
    endloop
  endfacet
  facet normal 0.965926 0.25882 0
    outer loop
      vertex -0.866025 8.83333 3
      vertex -1 9.33333 0
      vertex -1 9.33333 3
    endloop
  endfacet
  facet normal 0.965926 0.25882 0
    outer loop
      vertex -1 9.33333 0
      vertex -0.866025 8.83333 3
      vertex -0.866025 8.83333 0
    endloop
  endfacet
  facet normal 0.707107 0.707107 -0
    outer loop
      vertex -5.16667 7.21688 0
      vertex -5.53269 7.5829 3
      vertex -5.16667 7.21688 3
    endloop
  endfacet
  facet normal 0.707107 0.707107 0
    outer loop
      vertex -5.53269 7.5829 3
      vertex -5.16667 7.21688 0
      vertex -5.53269 7.5829 0
    endloop
  endfacet
  facet normal -0.707107 -0.707107 0
    outer loop
      vertex -3.80064 8.5829 0
      vertex -4.16667 8.94893 3
      vertex -4.16667 8.94893 0
    endloop
  endfacet
  facet normal -0.707107 -0.707107 0
    outer loop
      vertex -4.16667 8.94893 3
      vertex -3.80064 8.5829 0
      vertex -3.80064 8.5829 3
    endloop
  endfacet
  facet normal -0.965928 -0.258811 0
    outer loop
      vertex -3.66667 8.0829 0
      vertex -3.80064 8.5829 3
      vertex -3.80064 8.5829 0
    endloop
  endfacet
  facet normal -0.965928 -0.258811 0
    outer loop
      vertex -3.80064 8.5829 3
      vertex -3.66667 8.0829 0
      vertex -3.66667 8.0829 3
    endloop
  endfacet
  facet normal -0.965928 0.258811 0
    outer loop
      vertex -3.80064 7.5829 0
      vertex -3.66667 8.0829 3
      vertex -3.66667 8.0829 0
    endloop
  endfacet
  facet normal -0.965928 0.258811 0
    outer loop
      vertex -3.66667 8.0829 3
      vertex -3.80064 7.5829 0
      vertex -3.80064 7.5829 3
    endloop
  endfacet
  facet normal -0.258811 -0.965928 0
    outer loop
      vertex -4.66667 9.0829 0
      vertex -4.16667 8.94893 3
      vertex -4.66667 9.0829 3
    endloop
  endfacet
  facet normal -0.258811 -0.965928 -0
    outer loop
      vertex -4.16667 8.94893 3
      vertex -4.66667 9.0829 0
      vertex -4.16667 8.94893 0
    endloop
  endfacet
  facet normal 0.965923 -0.258829 0
    outer loop
      vertex -5.66667 8.0829 3
      vertex -5.53269 8.5829 0
      vertex -5.53269 8.5829 3
    endloop
  endfacet
  facet normal 0.965923 -0.258829 0
    outer loop
      vertex -5.53269 8.5829 0
      vertex -5.66667 8.0829 3
      vertex -5.66667 8.0829 0
    endloop
  endfacet
  facet normal 0.258829 0.965923 -0
    outer loop
      vertex -4.66667 7.0829 0
      vertex -5.16667 7.21688 3
      vertex -4.66667 7.0829 3
    endloop
  endfacet
  facet normal 0.258829 0.965923 0
    outer loop
      vertex -5.16667 7.21688 3
      vertex -4.66667 7.0829 0
      vertex -5.16667 7.21688 0
    endloop
  endfacet
  facet normal 0.707116 -0.707097 0
    outer loop
      vertex -5.53269 8.5829 3
      vertex -5.16667 8.94893 0
      vertex -5.16667 8.94893 3
    endloop
  endfacet
  facet normal 0.707116 -0.707097 0
    outer loop
      vertex -5.16667 8.94893 0
      vertex -5.53269 8.5829 3
      vertex -5.53269 8.5829 0
    endloop
  endfacet
  facet normal -0.258829 0.965923 0
    outer loop
      vertex -4.16667 7.21688 0
      vertex -4.66667 7.0829 3
      vertex -4.16667 7.21688 3
    endloop
  endfacet
  facet normal -0.258829 0.965923 0
    outer loop
      vertex -4.66667 7.0829 3
      vertex -4.16667 7.21688 0
      vertex -4.66667 7.0829 0
    endloop
  endfacet
  facet normal 0.258811 -0.965928 0
    outer loop
      vertex -5.16667 8.94893 0
      vertex -4.66667 9.0829 3
      vertex -5.16667 8.94893 3
    endloop
  endfacet
  facet normal 0.258811 -0.965928 0
    outer loop
      vertex -4.66667 9.0829 3
      vertex -5.16667 8.94893 0
      vertex -4.66667 9.0829 0
    endloop
  endfacet
  facet normal 0.965923 0.258829 0
    outer loop
      vertex -5.53269 7.5829 3
      vertex -5.66667 8.0829 0
      vertex -5.66667 8.0829 3
    endloop
  endfacet
  facet normal 0.965923 0.258829 0
    outer loop
      vertex -5.66667 8.0829 0
      vertex -5.53269 7.5829 3
      vertex -5.53269 7.5829 0
    endloop
  endfacet
  facet normal -0.707097 0.707116 0
    outer loop
      vertex -4.16667 7.21688 0
      vertex -3.80064 7.5829 3
      vertex -3.80064 7.5829 0
    endloop
  endfacet
  facet normal -0.707097 0.707116 0
    outer loop
      vertex -3.80064 7.5829 3
      vertex -4.16667 7.21688 0
      vertex -4.16667 7.21688 3
    endloop
  endfacet
  facet normal 0.707107 0.707107 -0
    outer loop
      vertex -8.5829 3.80064 0
      vertex -8.94893 4.16667 3
      vertex -8.5829 3.80064 3
    endloop
  endfacet
  facet normal 0.707107 0.707107 0
    outer loop
      vertex -8.94893 4.16667 3
      vertex -8.5829 3.80064 0
      vertex -8.94893 4.16667 0
    endloop
  endfacet
  facet normal -0.707107 -0.707107 0
    outer loop
      vertex -7.21688 5.16667 0
      vertex -7.5829 5.53269 3
      vertex -7.5829 5.53269 0
    endloop
  endfacet
  facet normal -0.707107 -0.707107 0
    outer loop
      vertex -7.5829 5.53269 3
      vertex -7.21688 5.16667 0
      vertex -7.21688 5.16667 3
    endloop
  endfacet
  facet normal -0.965923 -0.258829 0
    outer loop
      vertex -7.0829 4.66667 0
      vertex -7.21688 5.16667 3
      vertex -7.21688 5.16667 0
    endloop
  endfacet
  facet normal -0.965923 -0.258829 0
    outer loop
      vertex -7.21688 5.16667 3
      vertex -7.0829 4.66667 0
      vertex -7.0829 4.66667 3
    endloop
  endfacet
  facet normal -0.965923 0.258829 0
    outer loop
      vertex -7.21688 4.16667 0
      vertex -7.0829 4.66667 3
      vertex -7.0829 4.66667 0
    endloop
  endfacet
  facet normal -0.965923 0.258829 0
    outer loop
      vertex -7.0829 4.66667 3
      vertex -7.21688 4.16667 0
      vertex -7.21688 4.16667 3
    endloop
  endfacet
  facet normal 0.965928 -0.258811 0
    outer loop
      vertex -9.0829 4.66667 3
      vertex -8.94893 5.16667 0
      vertex -8.94893 5.16667 3
    endloop
  endfacet
  facet normal 0.965928 -0.258811 0
    outer loop
      vertex -8.94893 5.16667 0
      vertex -9.0829 4.66667 3
      vertex -9.0829 4.66667 0
    endloop
  endfacet
  facet normal 0.258811 0.965928 -0
    outer loop
      vertex -8.0829 3.66667 0
      vertex -8.5829 3.80064 3
      vertex -8.0829 3.66667 3
    endloop
  endfacet
  facet normal 0.258811 0.965928 0
    outer loop
      vertex -8.5829 3.80064 3
      vertex -8.0829 3.66667 0
      vertex -8.5829 3.80064 0
    endloop
  endfacet
  facet normal 0.707097 -0.707116 0
    outer loop
      vertex -8.94893 5.16667 3
      vertex -8.5829 5.53269 0
      vertex -8.5829 5.53269 3
    endloop
  endfacet
  facet normal 0.707097 -0.707116 0
    outer loop
      vertex -8.5829 5.53269 0
      vertex -8.94893 5.16667 3
      vertex -8.94893 5.16667 0
    endloop
  endfacet
  facet normal -0.258811 0.965928 0
    outer loop
      vertex -7.5829 3.80064 0
      vertex -8.0829 3.66667 3
      vertex -7.5829 3.80064 3
    endloop
  endfacet
  facet normal -0.258811 0.965928 0
    outer loop
      vertex -8.0829 3.66667 3
      vertex -7.5829 3.80064 0
      vertex -8.0829 3.66667 0
    endloop
  endfacet
  facet normal 0.258829 -0.965923 0
    outer loop
      vertex -8.5829 5.53269 0
      vertex -8.0829 5.66667 3
      vertex -8.5829 5.53269 3
    endloop
  endfacet
  facet normal 0.258829 -0.965923 0
    outer loop
      vertex -8.0829 5.66667 3
      vertex -8.5829 5.53269 0
      vertex -8.0829 5.66667 0
    endloop
  endfacet
  facet normal 0.965928 0.258811 0
    outer loop
      vertex -8.94893 4.16667 3
      vertex -9.0829 4.66667 0
      vertex -9.0829 4.66667 3
    endloop
  endfacet
  facet normal 0.965928 0.258811 0
    outer loop
      vertex -9.0829 4.66667 0
      vertex -8.94893 4.16667 3
      vertex -8.94893 4.16667 0
    endloop
  endfacet
  facet normal -0.707116 0.707097 0
    outer loop
      vertex -7.5829 3.80064 0
      vertex -7.21688 4.16667 3
      vertex -7.21688 4.16667 0
    endloop
  endfacet
  facet normal -0.707116 0.707097 0
    outer loop
      vertex -7.21688 4.16667 3
      vertex -7.5829 3.80064 0
      vertex -7.5829 3.80064 3
    endloop
  endfacet
  facet normal -0.258829 -0.965923 0
    outer loop
      vertex -8.0829 5.66667 0
      vertex -7.5829 5.53269 3
      vertex -8.0829 5.66667 3
    endloop
  endfacet
  facet normal -0.258829 -0.965923 -0
    outer loop
      vertex -7.5829 5.53269 3
      vertex -8.0829 5.66667 0
      vertex -7.5829 5.53269 0
    endloop
  endfacet
  facet normal 0.965962 0.258685 0
    outer loop
      vertex -10.1994 -0.5 3
      vertex -10.3333 0 0
      vertex -10.3333 0 3
    endloop
  endfacet
  facet normal 0.965962 0.258685 0
    outer loop
      vertex -10.3333 0 0
      vertex -10.1994 -0.5 3
      vertex -10.1994 -0.5 0
    endloop
  endfacet
  facet normal -0.707112 -0.707102 0
    outer loop
      vertex -8.83333 0.866025 0
      vertex -8.46731 0.5 3
      vertex -8.83333 0.866025 3
    endloop
  endfacet
  facet normal -0.707112 -0.707102 -0
    outer loop
      vertex -8.46731 0.5 3
      vertex -8.83333 0.866025 0
      vertex -8.46731 0.5 0
    endloop
  endfacet
  facet normal -0.965923 -0.258829 0
    outer loop
      vertex -8.33333 0 0
      vertex -8.46731 0.5 3
      vertex -8.46731 0.5 0
    endloop
  endfacet
  facet normal -0.965923 -0.258829 0
    outer loop
      vertex -8.46731 0.5 3
      vertex -8.33333 0 0
      vertex -8.33333 0 3
    endloop
  endfacet
  facet normal -0.25882 -0.965926 0
    outer loop
      vertex -9.33333 1 0
      vertex -8.83333 0.866025 3
      vertex -9.33333 1 3
    endloop
  endfacet
  facet normal -0.25882 -0.965926 -0
    outer loop
      vertex -8.83333 0.866025 3
      vertex -9.33333 1 0
      vertex -8.83333 0.866025 0
    endloop
  endfacet
  facet normal 0.965962 -0.258685 0
    outer loop
      vertex -10.3333 0 3
      vertex -10.1994 0.5 0
      vertex -10.1994 0.5 3
    endloop
  endfacet
  facet normal 0.965962 -0.258685 0
    outer loop
      vertex -10.1994 0.5 0
      vertex -10.3333 0 3
      vertex -10.3333 0 0
    endloop
  endfacet
  facet normal -0.25882 0.965926 0
    outer loop
      vertex -8.83333 -0.866025 0
      vertex -9.33333 -1 3
      vertex -8.83333 -0.866025 3
    endloop
  endfacet
  facet normal -0.25882 0.965926 0
    outer loop
      vertex -9.33333 -1 3
      vertex -8.83333 -0.866025 0
      vertex -9.33333 -1 0
    endloop
  endfacet
  facet normal 0.25882 -0.965926 0
    outer loop
      vertex -9.83333 0.866025 0
      vertex -9.33333 1 3
      vertex -9.83333 0.866025 3
    endloop
  endfacet
  facet normal 0.25882 -0.965926 0
    outer loop
      vertex -9.33333 1 3
      vertex -9.83333 0.866025 0
      vertex -9.33333 1 0
    endloop
  endfacet
  facet normal -0.707112 0.707102 0
    outer loop
      vertex -8.46731 -0.5 0
      vertex -8.83333 -0.866025 3
      vertex -8.46731 -0.5 3
    endloop
  endfacet
  facet normal -0.707112 0.707102 0
    outer loop
      vertex -8.83333 -0.866025 3
      vertex -8.46731 -0.5 0
      vertex -8.83333 -0.866025 0
    endloop
  endfacet
  facet normal -0.965923 0.258829 0
    outer loop
      vertex -8.46731 -0.5 0
      vertex -8.33333 0 3
      vertex -8.33333 0 0
    endloop
  endfacet
  facet normal -0.965923 0.258829 0
    outer loop
      vertex -8.33333 0 3
      vertex -8.46731 -0.5 0
      vertex -8.46731 -0.5 3
    endloop
  endfacet
  facet normal 0.707063 -0.70715 0
    outer loop
      vertex -10.1994 0.5 3
      vertex -9.83333 0.866025 0
      vertex -9.83333 0.866025 3
    endloop
  endfacet
  facet normal 0.707063 -0.70715 0
    outer loop
      vertex -9.83333 0.866025 0
      vertex -10.1994 0.5 3
      vertex -10.1994 0.5 0
    endloop
  endfacet
  facet normal 0.707063 0.70715 0
    outer loop
      vertex -9.83333 -0.866025 3
      vertex -10.1994 -0.5 0
      vertex -10.1994 -0.5 3
    endloop
  endfacet
  facet normal 0.707063 0.70715 0
    outer loop
      vertex -10.1994 -0.5 0
      vertex -9.83333 -0.866025 3
      vertex -9.83333 -0.866025 0
    endloop
  endfacet
  facet normal 0.25882 0.965926 -0
    outer loop
      vertex -9.33333 -1 0
      vertex -9.83333 -0.866025 3
      vertex -9.33333 -1 3
    endloop
  endfacet
  facet normal 0.25882 0.965926 0
    outer loop
      vertex -9.83333 -0.866025 3
      vertex -9.33333 -1 0
      vertex -9.83333 -0.866025 0
    endloop
  endfacet
  facet normal -0.707116 -0.707097 0
    outer loop
      vertex -7.21688 -4.16667 0
      vertex -7.5829 -3.80064 3
      vertex -7.5829 -3.80064 0
    endloop
  endfacet
  facet normal -0.707116 -0.707097 0
    outer loop
      vertex -7.5829 -3.80064 3
      vertex -7.21688 -4.16667 0
      vertex -7.21688 -4.16667 3
    endloop
  endfacet
  facet normal -0.965923 -0.258829 0
    outer loop
      vertex -7.0829 -4.66667 0
      vertex -7.21688 -4.16667 3
      vertex -7.21688 -4.16667 0
    endloop
  endfacet
  facet normal -0.965923 -0.258829 0
    outer loop
      vertex -7.21688 -4.16667 3
      vertex -7.0829 -4.66667 0
      vertex -7.0829 -4.66667 3
    endloop
  endfacet
  facet normal -0.258811 -0.965928 0
    outer loop
      vertex -8.0829 -3.66667 0
      vertex -7.5829 -3.80064 3
      vertex -8.0829 -3.66667 3
    endloop
  endfacet
  facet normal -0.258811 -0.965928 -0
    outer loop
      vertex -7.5829 -3.80064 3
      vertex -8.0829 -3.66667 0
      vertex -7.5829 -3.80064 0
    endloop
  endfacet
  facet normal 0.258811 -0.965928 0
    outer loop
      vertex -8.5829 -3.80064 0
      vertex -8.0829 -3.66667 3
      vertex -8.5829 -3.80064 3
    endloop
  endfacet
  facet normal 0.258811 -0.965928 0
    outer loop
      vertex -8.0829 -3.66667 3
      vertex -8.5829 -3.80064 0
      vertex -8.0829 -3.66667 0
    endloop
  endfacet
  facet normal -0.707107 0.707107 0
    outer loop
      vertex -7.5829 -5.53269 0
      vertex -7.21688 -5.16667 3
      vertex -7.21688 -5.16667 0
    endloop
  endfacet
  facet normal -0.707107 0.707107 0
    outer loop
      vertex -7.21688 -5.16667 3
      vertex -7.5829 -5.53269 0
      vertex -7.5829 -5.53269 3
    endloop
  endfacet
  facet normal 0.707107 -0.707107 0
    outer loop
      vertex -8.94893 -4.16667 0
      vertex -8.5829 -3.80064 3
      vertex -8.94893 -4.16667 3
    endloop
  endfacet
  facet normal 0.707107 -0.707107 0
    outer loop
      vertex -8.5829 -3.80064 3
      vertex -8.94893 -4.16667 0
      vertex -8.5829 -3.80064 0
    endloop
  endfacet
  facet normal 0.965928 -0.258811 0
    outer loop
      vertex -9.0829 -4.66667 3
      vertex -8.94893 -4.16667 0
      vertex -8.94893 -4.16667 3
    endloop
  endfacet
  facet normal 0.965928 -0.258811 0
    outer loop
      vertex -8.94893 -4.16667 0
      vertex -9.0829 -4.66667 3
      vertex -9.0829 -4.66667 0
    endloop
  endfacet
  facet normal 0.707097 0.707116 0
    outer loop
      vertex -8.5829 -5.53269 3
      vertex -8.94893 -5.16667 0
      vertex -8.94893 -5.16667 3
    endloop
  endfacet
  facet normal 0.707097 0.707116 0
    outer loop
      vertex -8.94893 -5.16667 0
      vertex -8.5829 -5.53269 3
      vertex -8.5829 -5.53269 0
    endloop
  endfacet
  facet normal -0.965923 0.258829 0
    outer loop
      vertex -7.21688 -5.16667 0
      vertex -7.0829 -4.66667 3
      vertex -7.0829 -4.66667 0
    endloop
  endfacet
  facet normal -0.965923 0.258829 0
    outer loop
      vertex -7.0829 -4.66667 3
      vertex -7.21688 -5.16667 0
      vertex -7.21688 -5.16667 3
    endloop
  endfacet
  facet normal 0.965928 0.258811 0
    outer loop
      vertex -8.94893 -5.16667 3
      vertex -9.0829 -4.66667 0
      vertex -9.0829 -4.66667 3
    endloop
  endfacet
  facet normal 0.965928 0.258811 0
    outer loop
      vertex -9.0829 -4.66667 0
      vertex -8.94893 -5.16667 3
      vertex -8.94893 -5.16667 0
    endloop
  endfacet
  facet normal -0.258829 0.965923 0
    outer loop
      vertex -7.5829 -5.53269 0
      vertex -8.0829 -5.66667 3
      vertex -7.5829 -5.53269 3
    endloop
  endfacet
  facet normal -0.258829 0.965923 0
    outer loop
      vertex -8.0829 -5.66667 3
      vertex -7.5829 -5.53269 0
      vertex -8.0829 -5.66667 0
    endloop
  endfacet
  facet normal 0.258829 0.965923 -0
    outer loop
      vertex -8.0829 -5.66667 0
      vertex -8.5829 -5.53269 3
      vertex -8.0829 -5.66667 3
    endloop
  endfacet
  facet normal 0.258829 0.965923 0
    outer loop
      vertex -8.5829 -5.53269 3
      vertex -8.0829 -5.66667 0
      vertex -8.5829 -5.53269 0
    endloop
  endfacet
  facet normal -0.707097 -0.707116 0
    outer loop
      vertex -3.80064 -7.5829 0
      vertex -4.16667 -7.21688 3
      vertex -4.16667 -7.21688 0
    endloop
  endfacet
  facet normal -0.707097 -0.707116 0
    outer loop
      vertex -4.16667 -7.21688 3
      vertex -3.80064 -7.5829 0
      vertex -3.80064 -7.5829 3
    endloop
  endfacet
  facet normal -0.965928 -0.258811 0
    outer loop
      vertex -3.66667 -8.0829 0
      vertex -3.80064 -7.5829 3
      vertex -3.80064 -7.5829 0
    endloop
  endfacet
  facet normal -0.965928 -0.258811 0
    outer loop
      vertex -3.80064 -7.5829 3
      vertex -3.66667 -8.0829 0
      vertex -3.66667 -8.0829 3
    endloop
  endfacet
  facet normal -0.258829 -0.965923 0
    outer loop
      vertex -4.66667 -7.0829 0
      vertex -4.16667 -7.21688 3
      vertex -4.66667 -7.0829 3
    endloop
  endfacet
  facet normal -0.258829 -0.965923 -0
    outer loop
      vertex -4.16667 -7.21688 3
      vertex -4.66667 -7.0829 0
      vertex -4.16667 -7.21688 0
    endloop
  endfacet
  facet normal 0.258829 -0.965923 0
    outer loop
      vertex -5.16667 -7.21688 0
      vertex -4.66667 -7.0829 3
      vertex -5.16667 -7.21688 3
    endloop
  endfacet
  facet normal 0.258829 -0.965923 0
    outer loop
      vertex -4.66667 -7.0829 3
      vertex -5.16667 -7.21688 0
      vertex -4.66667 -7.0829 0
    endloop
  endfacet
  facet normal -0.707107 0.707107 0
    outer loop
      vertex -4.16667 -8.94893 0
      vertex -3.80064 -8.5829 3
      vertex -3.80064 -8.5829 0
    endloop
  endfacet
  facet normal -0.707107 0.707107 0
    outer loop
      vertex -3.80064 -8.5829 3
      vertex -4.16667 -8.94893 0
      vertex -4.16667 -8.94893 3
    endloop
  endfacet
  facet normal 0.707107 -0.707107 0
    outer loop
      vertex -5.53269 -7.5829 0
      vertex -5.16667 -7.21688 3
      vertex -5.53269 -7.5829 3
    endloop
  endfacet
  facet normal 0.707107 -0.707107 0
    outer loop
      vertex -5.16667 -7.21688 3
      vertex -5.53269 -7.5829 0
      vertex -5.16667 -7.21688 0
    endloop
  endfacet
  facet normal 0.965923 -0.258829 0
    outer loop
      vertex -5.66667 -8.0829 3
      vertex -5.53269 -7.5829 0
      vertex -5.53269 -7.5829 3
    endloop
  endfacet
  facet normal 0.965923 -0.258829 0
    outer loop
      vertex -5.53269 -7.5829 0
      vertex -5.66667 -8.0829 3
      vertex -5.66667 -8.0829 0
    endloop
  endfacet
  facet normal 0.707116 0.707097 0
    outer loop
      vertex -5.16667 -8.94893 3
      vertex -5.53269 -8.5829 0
      vertex -5.53269 -8.5829 3
    endloop
  endfacet
  facet normal 0.707116 0.707097 0
    outer loop
      vertex -5.53269 -8.5829 0
      vertex -5.16667 -8.94893 3
      vertex -5.16667 -8.94893 0
    endloop
  endfacet
  facet normal -0.965928 0.258811 0
    outer loop
      vertex -3.80064 -8.5829 0
      vertex -3.66667 -8.0829 3
      vertex -3.66667 -8.0829 0
    endloop
  endfacet
  facet normal -0.965928 0.258811 0
    outer loop
      vertex -3.66667 -8.0829 3
      vertex -3.80064 -8.5829 0
      vertex -3.80064 -8.5829 3
    endloop
  endfacet
  facet normal 0.965923 0.258829 0
    outer loop
      vertex -5.53269 -8.5829 3
      vertex -5.66667 -8.0829 0
      vertex -5.66667 -8.0829 3
    endloop
  endfacet
  facet normal 0.965923 0.258829 0
    outer loop
      vertex -5.66667 -8.0829 0
      vertex -5.53269 -8.5829 3
      vertex -5.53269 -8.5829 0
    endloop
  endfacet
  facet normal -0.258811 0.965928 0
    outer loop
      vertex -4.16667 -8.94893 0
      vertex -4.66667 -9.0829 3
      vertex -4.16667 -8.94893 3
    endloop
  endfacet
  facet normal -0.258811 0.965928 0
    outer loop
      vertex -4.66667 -9.0829 3
      vertex -4.16667 -8.94893 0
      vertex -4.66667 -9.0829 0
    endloop
  endfacet
  facet normal 0.258811 0.965928 -0
    outer loop
      vertex -4.66667 -9.0829 0
      vertex -5.16667 -8.94893 3
      vertex -4.66667 -9.0829 3
    endloop
  endfacet
  facet normal 0.258811 0.965928 0
    outer loop
      vertex -5.16667 -8.94893 3
      vertex -4.66667 -9.0829 0
      vertex -5.16667 -8.94893 0
    endloop
  endfacet
  facet normal 0.965926 0.25882 0
    outer loop
      vertex -0.866025 -9.83333 3
      vertex -1 -9.33333 0
      vertex -1 -9.33333 3
    endloop
  endfacet
  facet normal 0.965926 0.25882 0
    outer loop
      vertex -1 -9.33333 0
      vertex -0.866025 -9.83333 3
      vertex -0.866025 -9.83333 0
    endloop
  endfacet
  facet normal -0.707102 -0.707112 0
    outer loop
      vertex 0.866025 -8.83333 0
      vertex 0.5 -8.46731 3
      vertex 0.5 -8.46731 0
    endloop
  endfacet
  facet normal -0.707102 -0.707112 0
    outer loop
      vertex 0.5 -8.46731 3
      vertex 0.866025 -8.83333 0
      vertex 0.866025 -8.83333 3
    endloop
  endfacet
  facet normal -0.965926 -0.25882 0
    outer loop
      vertex 1 -9.33333 0
      vertex 0.866025 -8.83333 3
      vertex 0.866025 -8.83333 0
    endloop
  endfacet
  facet normal -0.965926 -0.25882 0
    outer loop
      vertex 0.866025 -8.83333 3
      vertex 1 -9.33333 0
      vertex 1 -9.33333 3
    endloop
  endfacet
  facet normal -0.258685 0.965962 0
    outer loop
      vertex 0.5 -10.1994 0
      vertex 0 -10.3333 3
      vertex 0.5 -10.1994 3
    endloop
  endfacet
  facet normal -0.258685 0.965962 0
    outer loop
      vertex 0 -10.3333 3
      vertex 0.5 -10.1994 0
      vertex 0 -10.3333 0
    endloop
  endfacet
  facet normal -0.965926 0.25882 0
    outer loop
      vertex 0.866025 -9.83333 0
      vertex 1 -9.33333 3
      vertex 1 -9.33333 0
    endloop
  endfacet
  facet normal -0.965926 0.25882 0
    outer loop
      vertex 1 -9.33333 3
      vertex 0.866025 -9.83333 0
      vertex 0.866025 -9.83333 3
    endloop
  endfacet
  facet normal 0.707102 -0.707112 0
    outer loop
      vertex -0.866025 -8.83333 3
      vertex -0.5 -8.46731 0
      vertex -0.5 -8.46731 3
    endloop
  endfacet
  facet normal 0.707102 -0.707112 0
    outer loop
      vertex -0.5 -8.46731 0
      vertex -0.866025 -8.83333 3
      vertex -0.866025 -8.83333 0
    endloop
  endfacet
  facet normal 0.258829 -0.965923 0
    outer loop
      vertex -0.5 -8.46731 0
      vertex 0 -8.33333 3
      vertex -0.5 -8.46731 3
    endloop
  endfacet
  facet normal 0.258829 -0.965923 0
    outer loop
      vertex 0 -8.33333 3
      vertex -0.5 -8.46731 0
      vertex 0 -8.33333 0
    endloop
  endfacet
  facet normal 0.258685 0.965962 -0
    outer loop
      vertex 0 -10.3333 0
      vertex -0.5 -10.1994 3
      vertex 0 -10.3333 3
    endloop
  endfacet
  facet normal 0.258685 0.965962 0
    outer loop
      vertex -0.5 -10.1994 3
      vertex 0 -10.3333 0
      vertex -0.5 -10.1994 0
    endloop
  endfacet
  facet normal 0.965926 -0.25882 0
    outer loop
      vertex -1 -9.33333 3
      vertex -0.866025 -8.83333 0
      vertex -0.866025 -8.83333 3
    endloop
  endfacet
  facet normal 0.965926 -0.25882 0
    outer loop
      vertex -0.866025 -8.83333 0
      vertex -1 -9.33333 3
      vertex -1 -9.33333 0
    endloop
  endfacet
  facet normal -0.70715 0.707063 0
    outer loop
      vertex 0.5 -10.1994 0
      vertex 0.866025 -9.83333 3
      vertex 0.866025 -9.83333 0
    endloop
  endfacet
  facet normal -0.70715 0.707063 0
    outer loop
      vertex 0.866025 -9.83333 3
      vertex 0.5 -10.1994 0
      vertex 0.5 -10.1994 3
    endloop
  endfacet
  facet normal 0.70715 0.707063 0
    outer loop
      vertex -0.5 -10.1994 3
      vertex -0.866025 -9.83333 0
      vertex -0.866025 -9.83333 3
    endloop
  endfacet
  facet normal 0.70715 0.707063 0
    outer loop
      vertex -0.866025 -9.83333 0
      vertex -0.5 -10.1994 3
      vertex -0.5 -10.1994 0
    endloop
  endfacet
  facet normal -0.258829 -0.965923 0
    outer loop
      vertex 0 -8.33333 0
      vertex 0.5 -8.46731 3
      vertex 0 -8.33333 3
    endloop
  endfacet
  facet normal -0.258829 -0.965923 -0
    outer loop
      vertex 0.5 -8.46731 3
      vertex 0 -8.33333 0
      vertex 0.5 -8.46731 0
    endloop
  endfacet
  facet normal -0.707107 -0.707107 0
    outer loop
      vertex 5.16667 -7.21688 0
      vertex 5.53269 -7.5829 3
      vertex 5.16667 -7.21688 3
    endloop
  endfacet
  facet normal -0.707107 -0.707107 -0
    outer loop
      vertex 5.53269 -7.5829 3
      vertex 5.16667 -7.21688 0
      vertex 5.53269 -7.5829 0
    endloop
  endfacet
  facet normal -0.965923 -0.258829 0
    outer loop
      vertex 5.66667 -8.0829 0
      vertex 5.53269 -7.5829 3
      vertex 5.53269 -7.5829 0
    endloop
  endfacet
  facet normal -0.965923 -0.258829 0
    outer loop
      vertex 5.53269 -7.5829 3
      vertex 5.66667 -8.0829 0
      vertex 5.66667 -8.0829 3
    endloop
  endfacet
  facet normal -0.258829 -0.965923 0
    outer loop
      vertex 4.66667 -7.0829 0
      vertex 5.16667 -7.21688 3
      vertex 4.66667 -7.0829 3
    endloop
  endfacet
  facet normal -0.258829 -0.965923 -0
    outer loop
      vertex 5.16667 -7.21688 3
      vertex 4.66667 -7.0829 0
      vertex 5.16667 -7.21688 0
    endloop
  endfacet
  facet normal -0.707116 0.707097 0
    outer loop
      vertex 5.16667 -8.94893 0
      vertex 5.53269 -8.5829 3
      vertex 5.53269 -8.5829 0
    endloop
  endfacet
  facet normal -0.707116 0.707097 0
    outer loop
      vertex 5.53269 -8.5829 3
      vertex 5.16667 -8.94893 0
      vertex 5.16667 -8.94893 3
    endloop
  endfacet
  facet normal 0.258811 0.965928 -0
    outer loop
      vertex 4.66667 -9.0829 0
      vertex 4.16667 -8.94893 3
      vertex 4.66667 -9.0829 3
    endloop
  endfacet
  facet normal 0.258811 0.965928 0
    outer loop
      vertex 4.16667 -8.94893 3
      vertex 4.66667 -9.0829 0
      vertex 4.16667 -8.94893 0
    endloop
  endfacet
  facet normal 0.258829 -0.965923 0
    outer loop
      vertex 4.16667 -7.21688 0
      vertex 4.66667 -7.0829 3
      vertex 4.16667 -7.21688 3
    endloop
  endfacet
  facet normal 0.258829 -0.965923 0
    outer loop
      vertex 4.66667 -7.0829 3
      vertex 4.16667 -7.21688 0
      vertex 4.66667 -7.0829 0
    endloop
  endfacet
  facet normal 0.707107 0.707107 0
    outer loop
      vertex 4.16667 -8.94893 3
      vertex 3.80064 -8.5829 0
      vertex 3.80064 -8.5829 3
    endloop
  endfacet
  facet normal 0.707107 0.707107 0
    outer loop
      vertex 3.80064 -8.5829 0
      vertex 4.16667 -8.94893 3
      vertex 4.16667 -8.94893 0
    endloop
  endfacet
  facet normal 0.965928 -0.258811 0
    outer loop
      vertex 3.66667 -8.0829 3
      vertex 3.80064 -7.5829 0
      vertex 3.80064 -7.5829 3
    endloop
  endfacet
  facet normal 0.965928 -0.258811 0
    outer loop
      vertex 3.80064 -7.5829 0
      vertex 3.66667 -8.0829 3
      vertex 3.66667 -8.0829 0
    endloop
  endfacet
  facet normal -0.965923 0.258829 0
    outer loop
      vertex 5.53269 -8.5829 0
      vertex 5.66667 -8.0829 3
      vertex 5.66667 -8.0829 0
    endloop
  endfacet
  facet normal -0.965923 0.258829 0
    outer loop
      vertex 5.66667 -8.0829 3
      vertex 5.53269 -8.5829 0
      vertex 5.53269 -8.5829 3
    endloop
  endfacet
  facet normal 0.707097 -0.707116 0
    outer loop
      vertex 3.80064 -7.5829 3
      vertex 4.16667 -7.21688 0
      vertex 4.16667 -7.21688 3
    endloop
  endfacet
  facet normal 0.707097 -0.707116 0
    outer loop
      vertex 4.16667 -7.21688 0
      vertex 3.80064 -7.5829 3
      vertex 3.80064 -7.5829 0
    endloop
  endfacet
  facet normal -0.258811 0.965928 0
    outer loop
      vertex 5.16667 -8.94893 0
      vertex 4.66667 -9.0829 3
      vertex 5.16667 -8.94893 3
    endloop
  endfacet
  facet normal -0.258811 0.965928 0
    outer loop
      vertex 4.66667 -9.0829 3
      vertex 5.16667 -8.94893 0
      vertex 4.66667 -9.0829 0
    endloop
  endfacet
  facet normal 0.965928 0.258811 0
    outer loop
      vertex 3.80064 -8.5829 3
      vertex 3.66667 -8.0829 0
      vertex 3.66667 -8.0829 3
    endloop
  endfacet
  facet normal 0.965928 0.258811 0
    outer loop
      vertex 3.66667 -8.0829 0
      vertex 3.80064 -8.5829 3
      vertex 3.80064 -8.5829 0
    endloop
  endfacet
  facet normal -0.707107 -0.707107 0
    outer loop
      vertex 8.5829 -3.80064 0
      vertex 8.94893 -4.16667 3
      vertex 8.5829 -3.80064 3
    endloop
  endfacet
  facet normal -0.707107 -0.707107 -0
    outer loop
      vertex 8.94893 -4.16667 3
      vertex 8.5829 -3.80064 0
      vertex 8.94893 -4.16667 0
    endloop
  endfacet
  facet normal -0.965928 -0.258811 0
    outer loop
      vertex 9.0829 -4.66667 0
      vertex 8.94893 -4.16667 3
      vertex 8.94893 -4.16667 0
    endloop
  endfacet
  facet normal -0.965928 -0.258811 0
    outer loop
      vertex 8.94893 -4.16667 3
      vertex 9.0829 -4.66667 0
      vertex 9.0829 -4.66667 3
    endloop
  endfacet
  facet normal -0.258811 -0.965928 0
    outer loop
      vertex 8.0829 -3.66667 0
      vertex 8.5829 -3.80064 3
      vertex 8.0829 -3.66667 3
    endloop
  endfacet
  facet normal -0.258811 -0.965928 -0
    outer loop
      vertex 8.5829 -3.80064 3
      vertex 8.0829 -3.66667 0
      vertex 8.5829 -3.80064 0
    endloop
  endfacet
  facet normal -0.707097 0.707116 0
    outer loop
      vertex 8.5829 -5.53269 0
      vertex 8.94893 -5.16667 3
      vertex 8.94893 -5.16667 0
    endloop
  endfacet
  facet normal -0.707097 0.707116 0
    outer loop
      vertex 8.94893 -5.16667 3
      vertex 8.5829 -5.53269 0
      vertex 8.5829 -5.53269 3
    endloop
  endfacet
  facet normal 0.258829 0.965923 -0
    outer loop
      vertex 8.0829 -5.66667 0
      vertex 7.5829 -5.53269 3
      vertex 8.0829 -5.66667 3
    endloop
  endfacet
  facet normal 0.258829 0.965923 0
    outer loop
      vertex 7.5829 -5.53269 3
      vertex 8.0829 -5.66667 0
      vertex 7.5829 -5.53269 0
    endloop
  endfacet
  facet normal 0.258811 -0.965928 0
    outer loop
      vertex 7.5829 -3.80064 0
      vertex 8.0829 -3.66667 3
      vertex 7.5829 -3.80064 3
    endloop
  endfacet
  facet normal 0.258811 -0.965928 0
    outer loop
      vertex 8.0829 -3.66667 3
      vertex 7.5829 -3.80064 0
      vertex 8.0829 -3.66667 0
    endloop
  endfacet
  facet normal 0.707107 0.707107 0
    outer loop
      vertex 7.5829 -5.53269 3
      vertex 7.21688 -5.16667 0
      vertex 7.21688 -5.16667 3
    endloop
  endfacet
  facet normal 0.707107 0.707107 0
    outer loop
      vertex 7.21688 -5.16667 0
      vertex 7.5829 -5.53269 3
      vertex 7.5829 -5.53269 0
    endloop
  endfacet
  facet normal 0.965923 -0.258829 0
    outer loop
      vertex 7.0829 -4.66667 3
      vertex 7.21688 -4.16667 0
      vertex 7.21688 -4.16667 3
    endloop
  endfacet
  facet normal 0.965923 -0.258829 0
    outer loop
      vertex 7.21688 -4.16667 0
      vertex 7.0829 -4.66667 3
      vertex 7.0829 -4.66667 0
    endloop
  endfacet
  facet normal -0.965928 0.258811 0
    outer loop
      vertex 8.94893 -5.16667 0
      vertex 9.0829 -4.66667 3
      vertex 9.0829 -4.66667 0
    endloop
  endfacet
  facet normal -0.965928 0.258811 0
    outer loop
      vertex 9.0829 -4.66667 3
      vertex 8.94893 -5.16667 0
      vertex 8.94893 -5.16667 3
    endloop
  endfacet
  facet normal 0.707116 -0.707097 0
    outer loop
      vertex 7.21688 -4.16667 3
      vertex 7.5829 -3.80064 0
      vertex 7.5829 -3.80064 3
    endloop
  endfacet
  facet normal 0.707116 -0.707097 0
    outer loop
      vertex 7.5829 -3.80064 0
      vertex 7.21688 -4.16667 3
      vertex 7.21688 -4.16667 0
    endloop
  endfacet
  facet normal -0.258829 0.965923 0
    outer loop
      vertex 8.5829 -5.53269 0
      vertex 8.0829 -5.66667 3
      vertex 8.5829 -5.53269 3
    endloop
  endfacet
  facet normal -0.258829 0.965923 0
    outer loop
      vertex 8.0829 -5.66667 3
      vertex 8.5829 -5.53269 0
      vertex 8.0829 -5.66667 0
    endloop
  endfacet
  facet normal 0.965923 0.258829 0
    outer loop
      vertex 7.21688 -5.16667 3
      vertex 7.0829 -4.66667 0
      vertex 7.0829 -4.66667 3
    endloop
  endfacet
  facet normal 0.965923 0.258829 0
    outer loop
      vertex 7.0829 -4.66667 0
      vertex 7.21688 -5.16667 3
      vertex 7.21688 -5.16667 0
    endloop
  endfacet
  facet normal 0.25882 0.965926 -0
    outer loop
      vertex 14 -1 0
      vertex 13.5 -0.866025 3
      vertex 14 -1 3
    endloop
  endfacet
  facet normal 0.25882 0.965926 0
    outer loop
      vertex 13.5 -0.866025 3
      vertex 14 -1 0
      vertex 13.5 -0.866025 0
    endloop
  endfacet
  facet normal -0.707131 -0.707083 0
    outer loop
      vertex 14.866 0.5 0
      vertex 14.5 0.866025 3
      vertex 14.5 0.866025 0
    endloop
  endfacet
  facet normal -0.707131 -0.707083 0
    outer loop
      vertex 14.5 0.866025 3
      vertex 14.866 0.5 0
      vertex 14.866 0.5 3
    endloop
  endfacet
  facet normal -0.965914 -0.258865 0
    outer loop
      vertex 15 0 0
      vertex 14.866 0.5 3
      vertex 14.866 0.5 0
    endloop
  endfacet
  facet normal -0.965914 -0.258865 0
    outer loop
      vertex 14.866 0.5 3
      vertex 15 0 0
      vertex 15 0 3
    endloop
  endfacet
  facet normal -0.25882 -0.965926 0
    outer loop
      vertex 14 1 0
      vertex 14.5 0.866025 3
      vertex 14 1 3
    endloop
  endfacet
  facet normal -0.25882 -0.965926 -0
    outer loop
      vertex 14.5 0.866025 3
      vertex 14 1 0
      vertex 14.5 0.866025 0
    endloop
  endfacet
  facet normal 0.707131 -0.707083 0
    outer loop
      vertex 13.134 0.5 0
      vertex 13.5 0.866025 3
      vertex 13.134 0.5 3
    endloop
  endfacet
  facet normal 0.707131 -0.707083 0
    outer loop
      vertex 13.5 0.866025 3
      vertex 13.134 0.5 0
      vertex 13.5 0.866025 0
    endloop
  endfacet
  facet normal 0.965914 -0.258865 0
    outer loop
      vertex 13 0 3
      vertex 13.134 0.5 0
      vertex 13.134 0.5 3
    endloop
  endfacet
  facet normal 0.965914 -0.258865 0
    outer loop
      vertex 13.134 0.5 0
      vertex 13 0 3
      vertex 13 0 0
    endloop
  endfacet
  facet normal 0.707131 0.707083 -0
    outer loop
      vertex 13.5 -0.866025 0
      vertex 13.134 -0.5 3
      vertex 13.5 -0.866025 3
    endloop
  endfacet
  facet normal 0.707131 0.707083 0
    outer loop
      vertex 13.134 -0.5 3
      vertex 13.5 -0.866025 0
      vertex 13.134 -0.5 0
    endloop
  endfacet
  facet normal 0.25882 -0.965926 0
    outer loop
      vertex 13.5 0.866025 0
      vertex 14 1 3
      vertex 13.5 0.866025 3
    endloop
  endfacet
  facet normal 0.25882 -0.965926 0
    outer loop
      vertex 14 1 3
      vertex 13.5 0.866025 0
      vertex 14 1 0
    endloop
  endfacet
  facet normal -0.965914 0.258865 0
    outer loop
      vertex 14.866 -0.5 0
      vertex 15 0 3
      vertex 15 0 0
    endloop
  endfacet
  facet normal -0.965914 0.258865 0
    outer loop
      vertex 15 0 3
      vertex 14.866 -0.5 0
      vertex 14.866 -0.5 3
    endloop
  endfacet
  facet normal 0.965914 0.258865 0
    outer loop
      vertex 13.134 -0.5 3
      vertex 13 0 0
      vertex 13 0 3
    endloop
  endfacet
  facet normal 0.965914 0.258865 0
    outer loop
      vertex 13 0 0
      vertex 13.134 -0.5 3
      vertex 13.134 -0.5 0
    endloop
  endfacet
  facet normal -0.25882 0.965926 0
    outer loop
      vertex 14.5 -0.866025 0
      vertex 14 -1 3
      vertex 14.5 -0.866025 3
    endloop
  endfacet
  facet normal -0.25882 0.965926 0
    outer loop
      vertex 14 -1 3
      vertex 14.5 -0.866025 0
      vertex 14 -1 0
    endloop
  endfacet
  facet normal -0.707131 0.707083 0
    outer loop
      vertex 14.5 -0.866025 0
      vertex 14.866 -0.5 3
      vertex 14.866 -0.5 0
    endloop
  endfacet
  facet normal -0.707131 0.707083 0
    outer loop
      vertex 14.866 -0.5 3
      vertex 14.5 -0.866025 0
      vertex 14.5 -0.866025 3
    endloop
  endfacet
  facet normal -0.707126 0.707087 0
    outer loop
      vertex 14.0217 4.28828 0
      vertex 13.6557 3.92226 3
      vertex 14.0217 4.28828 3
    endloop
  endfacet
  facet normal -0.707126 0.707087 0
    outer loop
      vertex 13.6557 3.92226 3
      vertex 14.0217 4.28828 0
      vertex 13.6557 3.92226 0
    endloop
  endfacet
  facet normal 0.965914 0.258865 0
    outer loop
      vertex 12.2897 4.28828 3
      vertex 12.1557 4.78828 0
      vertex 12.1557 4.78828 3
    endloop
  endfacet
  facet normal 0.965914 0.258865 0
    outer loop
      vertex 12.1557 4.78828 0
      vertex 12.2897 4.28828 3
      vertex 12.2897 4.28828 0
    endloop
  endfacet
  facet normal -0.707136 -0.707078 0
    outer loop
      vertex 14.0217 5.28828 0
      vertex 13.6557 5.65431 3
      vertex 13.6557 5.65431 0
    endloop
  endfacet
  facet normal -0.707136 -0.707078 0
    outer loop
      vertex 13.6557 5.65431 3
      vertex 14.0217 5.28828 0
      vertex 14.0217 5.28828 3
    endloop
  endfacet
  facet normal -0.965914 -0.258865 0
    outer loop
      vertex 14.1557 4.78828 0
      vertex 14.0217 5.28828 3
      vertex 14.0217 5.28828 0
    endloop
  endfacet
  facet normal -0.965914 -0.258865 0
    outer loop
      vertex 14.0217 5.28828 3
      vertex 14.1557 4.78828 0
      vertex 14.1557 4.78828 3
    endloop
  endfacet
  facet normal 0.707126 0.707087 0
    outer loop
      vertex 12.6557 3.92226 3
      vertex 12.2897 4.28828 0
      vertex 12.2897 4.28828 3
    endloop
  endfacet
  facet normal 0.707126 0.707087 0
    outer loop
      vertex 12.2897 4.28828 0
      vertex 12.6557 3.92226 3
      vertex 12.6557 3.92226 0
    endloop
  endfacet
  facet normal 0.258811 -0.965928 0
    outer loop
      vertex 12.6557 5.65431 0
      vertex 13.1557 5.78828 3
      vertex 12.6557 5.65431 3
    endloop
  endfacet
  facet normal 0.258811 -0.965928 0
    outer loop
      vertex 13.1557 5.78828 3
      vertex 12.6557 5.65431 0
      vertex 13.1557 5.78828 0
    endloop
  endfacet
  facet normal 0.707136 -0.707078 0
    outer loop
      vertex 12.2897 5.28828 3
      vertex 12.6557 5.65431 0
      vertex 12.6557 5.65431 3
    endloop
  endfacet
  facet normal 0.707136 -0.707078 0
    outer loop
      vertex 12.6557 5.65431 0
      vertex 12.2897 5.28828 3
      vertex 12.2897 5.28828 0
    endloop
  endfacet
  facet normal 0.258829 0.965923 -0
    outer loop
      vertex 13.1557 3.78828 0
      vertex 12.6557 3.92226 3
      vertex 13.1557 3.78828 3
    endloop
  endfacet
  facet normal 0.258829 0.965923 0
    outer loop
      vertex 12.6557 3.92226 3
      vertex 13.1557 3.78828 0
      vertex 12.6557 3.92226 0
    endloop
  endfacet
  facet normal -0.965914 0.258865 0
    outer loop
      vertex 14.0217 4.28828 0
      vertex 14.1557 4.78828 3
      vertex 14.1557 4.78828 0
    endloop
  endfacet
  facet normal -0.965914 0.258865 0
    outer loop
      vertex 14.1557 4.78828 3
      vertex 14.0217 4.28828 0
      vertex 14.0217 4.28828 3
    endloop
  endfacet
  facet normal 0.965914 -0.258865 0
    outer loop
      vertex 12.1557 4.78828 3
      vertex 12.2897 5.28828 0
      vertex 12.2897 5.28828 3
    endloop
  endfacet
  facet normal 0.965914 -0.258865 0
    outer loop
      vertex 12.2897 5.28828 0
      vertex 12.1557 4.78828 3
      vertex 12.1557 4.78828 0
    endloop
  endfacet
  facet normal -0.258811 -0.965928 0
    outer loop
      vertex 13.1557 5.78828 0
      vertex 13.6557 5.65431 3
      vertex 13.1557 5.78828 3
    endloop
  endfacet
  facet normal -0.258811 -0.965928 -0
    outer loop
      vertex 13.6557 5.65431 3
      vertex 13.1557 5.78828 0
      vertex 13.6557 5.65431 0
    endloop
  endfacet
  facet normal -0.258829 0.965923 0
    outer loop
      vertex 13.6557 3.92226 0
      vertex 13.1557 3.78828 3
      vertex 13.6557 3.92226 3
    endloop
  endfacet
  facet normal -0.258829 0.965923 0
    outer loop
      vertex 13.1557 3.78828 3
      vertex 13.6557 3.92226 0
      vertex 13.1557 3.78828 0
    endloop
  endfacet
  facet normal -0.707126 -0.707087 0
    outer loop
      vertex 11.5906 9.49903 0
      vertex 11.2246 9.86505 3
      vertex 11.2246 9.86505 0
    endloop
  endfacet
  facet normal -0.707126 -0.707087 0
    outer loop
      vertex 11.2246 9.86505 3
      vertex 11.5906 9.49903 0
      vertex 11.5906 9.49903 3
    endloop
  endfacet
  facet normal -0.965914 -0.258865 0
    outer loop
      vertex 11.7246 8.99903 0
      vertex 11.5906 9.49903 3
      vertex 11.5906 9.49903 0
    endloop
  endfacet
  facet normal -0.965914 -0.258865 0
    outer loop
      vertex 11.5906 9.49903 3
      vertex 11.7246 8.99903 0
      vertex 11.7246 8.99903 3
    endloop
  endfacet
  facet normal -0.258829 -0.965923 0
    outer loop
      vertex 10.7246 9.99903 0
      vertex 11.2246 9.86505 3
      vertex 10.7246 9.99903 3
    endloop
  endfacet
  facet normal -0.258829 -0.965923 -0
    outer loop
      vertex 11.2246 9.86505 3
      vertex 10.7246 9.99903 0
      vertex 11.2246 9.86505 0
    endloop
  endfacet
  facet normal 0.258829 -0.965923 0
    outer loop
      vertex 10.2246 9.86505 0
      vertex 10.7246 9.99903 3
      vertex 10.2246 9.86505 3
    endloop
  endfacet
  facet normal 0.258829 -0.965923 0
    outer loop
      vertex 10.7246 9.99903 3
      vertex 10.2246 9.86505 0
      vertex 10.7246 9.99903 0
    endloop
  endfacet
  facet normal -0.707136 0.707078 0
    outer loop
      vertex 11.2246 8.133 0
      vertex 11.5906 8.49903 3
      vertex 11.5906 8.49903 0
    endloop
  endfacet
  facet normal -0.707136 0.707078 0
    outer loop
      vertex 11.5906 8.49903 3
      vertex 11.2246 8.133 0
      vertex 11.2246 8.133 3
    endloop
  endfacet
  facet normal 0.707126 -0.707087 0
    outer loop
      vertex 9.8586 9.49903 0
      vertex 10.2246 9.86505 3
      vertex 9.8586 9.49903 3
    endloop
  endfacet
  facet normal 0.707126 -0.707087 0
    outer loop
      vertex 10.2246 9.86505 3
      vertex 9.8586 9.49903 0
      vertex 10.2246 9.86505 0
    endloop
  endfacet
  facet normal 0.965923 -0.258829 0
    outer loop
      vertex 9.72462 8.99903 3
      vertex 9.8586 9.49903 0
      vertex 9.8586 9.49903 3
    endloop
  endfacet
  facet normal 0.965923 -0.258829 0
    outer loop
      vertex 9.8586 9.49903 0
      vertex 9.72462 8.99903 3
      vertex 9.72462 8.99903 0
    endloop
  endfacet
  facet normal 0.707136 0.707078 0
    outer loop
      vertex 10.2246 8.133 3
      vertex 9.8586 8.49903 0
      vertex 9.8586 8.49903 3
    endloop
  endfacet
  facet normal 0.707136 0.707078 0
    outer loop
      vertex 9.8586 8.49903 0
      vertex 10.2246 8.133 3
      vertex 10.2246 8.133 0
    endloop
  endfacet
  facet normal -0.965914 0.258865 0
    outer loop
      vertex 11.5906 8.49903 0
      vertex 11.7246 8.99903 3
      vertex 11.7246 8.99903 0
    endloop
  endfacet
  facet normal -0.965914 0.258865 0
    outer loop
      vertex 11.7246 8.99903 3
      vertex 11.5906 8.49903 0
      vertex 11.5906 8.49903 3
    endloop
  endfacet
  facet normal 0.965923 0.258829 0
    outer loop
      vertex 9.8586 8.49903 3
      vertex 9.72462 8.99903 0
      vertex 9.72462 8.99903 3
    endloop
  endfacet
  facet normal 0.965923 0.258829 0
    outer loop
      vertex 9.72462 8.99903 0
      vertex 9.8586 8.49903 3
      vertex 9.8586 8.49903 0
    endloop
  endfacet
  facet normal -0.258811 0.965928 0
    outer loop
      vertex 11.2246 8.133 0
      vertex 10.7246 7.99903 3
      vertex 11.2246 8.133 3
    endloop
  endfacet
  facet normal -0.258811 0.965928 0
    outer loop
      vertex 10.7246 7.99903 3
      vertex 11.2246 8.133 0
      vertex 10.7246 7.99903 0
    endloop
  endfacet
  facet normal 0.258811 0.965928 -0
    outer loop
      vertex 10.7246 7.99903 0
      vertex 10.2246 8.133 3
      vertex 10.7246 7.99903 3
    endloop
  endfacet
  facet normal 0.258811 0.965928 0
    outer loop
      vertex 10.2246 8.133 3
      vertex 10.7246 7.99903 0
      vertex 10.2246 8.133 0
    endloop
  endfacet
  facet normal -0.707087 -0.707126 0
    outer loop
      vertex 7.86602 12.6244 0
      vertex 7.5 12.9904 3
      vertex 7.5 12.9904 0
    endloop
  endfacet
  facet normal -0.707087 -0.707126 0
    outer loop
      vertex 7.5 12.9904 3
      vertex 7.86602 12.6244 0
      vertex 7.86602 12.6244 3
    endloop
  endfacet
  facet normal -0.965923 -0.258829 0
    outer loop
      vertex 8 12.1244 0
      vertex 7.86602 12.6244 3
      vertex 7.86602 12.6244 0
    endloop
  endfacet
  facet normal -0.965923 -0.258829 0
    outer loop
      vertex 7.86602 12.6244 3
      vertex 8 12.1244 0
      vertex 8 12.1244 3
    endloop
  endfacet
  facet normal -0.258865 -0.965914 0
    outer loop
      vertex 7 13.1244 0
      vertex 7.5 12.9904 3
      vertex 7 13.1244 3
    endloop
  endfacet
  facet normal -0.258865 -0.965914 -0
    outer loop
      vertex 7.5 12.9904 3
      vertex 7 13.1244 0
      vertex 7.5 12.9904 0
    endloop
  endfacet
  facet normal 0.258865 -0.965914 0
    outer loop
      vertex 6.5 12.9904 0
      vertex 7 13.1244 3
      vertex 6.5 12.9904 3
    endloop
  endfacet
  facet normal 0.258865 -0.965914 0
    outer loop
      vertex 7 13.1244 3
      vertex 6.5 12.9904 0
      vertex 7 13.1244 0
    endloop
  endfacet
  facet normal -0.707184 0.70703 0
    outer loop
      vertex 7.5 11.2583 0
      vertex 7.86602 11.6244 3
      vertex 7.86602 11.6244 0
    endloop
  endfacet
  facet normal -0.707184 0.70703 0
    outer loop
      vertex 7.86602 11.6244 3
      vertex 7.5 11.2583 0
      vertex 7.5 11.2583 3
    endloop
  endfacet
  facet normal 0.707078 -0.707136 0
    outer loop
      vertex 6.13397 12.6244 0
      vertex 6.5 12.9904 3
      vertex 6.13397 12.6244 3
    endloop
  endfacet
  facet normal 0.707078 -0.707136 0
    outer loop
      vertex 6.5 12.9904 3
      vertex 6.13397 12.6244 0
      vertex 6.5 12.9904 0
    endloop
  endfacet
  facet normal 0.965928 -0.258811 0
    outer loop
      vertex 6 12.1244 3
      vertex 6.13397 12.6244 0
      vertex 6.13397 12.6244 3
    endloop
  endfacet
  facet normal 0.965928 -0.258811 0
    outer loop
      vertex 6.13397 12.6244 0
      vertex 6 12.1244 3
      vertex 6 12.1244 0
    endloop
  endfacet
  facet normal 0.707174 0.707039 0
    outer loop
      vertex 6.5 11.2583 3
      vertex 6.13397 11.6244 0
      vertex 6.13397 11.6244 3
    endloop
  endfacet
  facet normal 0.707174 0.707039 0
    outer loop
      vertex 6.13397 11.6244 0
      vertex 6.5 11.2583 3
      vertex 6.5 11.2583 0
    endloop
  endfacet
  facet normal -0.965923 0.258829 0
    outer loop
      vertex 7.86602 11.6244 0
      vertex 8 12.1244 3
      vertex 8 12.1244 0
    endloop
  endfacet
  facet normal -0.965923 0.258829 0
    outer loop
      vertex 8 12.1244 3
      vertex 7.86602 11.6244 0
      vertex 7.86602 11.6244 3
    endloop
  endfacet
  facet normal 0.965928 0.258811 0
    outer loop
      vertex 6.13397 11.6244 3
      vertex 6 12.1244 0
      vertex 6 12.1244 3
    endloop
  endfacet
  facet normal 0.965928 0.258811 0
    outer loop
      vertex 6 12.1244 0
      vertex 6.13397 11.6244 3
      vertex 6.13397 11.6244 0
    endloop
  endfacet
  facet normal -0.258685 0.965962 0
    outer loop
      vertex 7.5 11.2583 0
      vertex 7 11.1244 3
      vertex 7.5 11.2583 3
    endloop
  endfacet
  facet normal -0.258685 0.965962 0
    outer loop
      vertex 7 11.1244 3
      vertex 7.5 11.2583 0
      vertex 7 11.1244 0
    endloop
  endfacet
  facet normal 0.258685 0.965962 -0
    outer loop
      vertex 7 11.1244 0
      vertex 6.5 11.2583 3
      vertex 7 11.1244 3
    endloop
  endfacet
  facet normal 0.258685 0.965962 0
    outer loop
      vertex 6.5 11.2583 3
      vertex 7 11.1244 0
      vertex 6.5 11.2583 0
    endloop
  endfacet
  facet normal 0.707087 0.707126 -0
    outer loop
      vertex 1.93107 12.9213 0
      vertex 1.56505 13.2873 3
      vertex 1.93107 12.9213 3
    endloop
  endfacet
  facet normal 0.707087 0.707126 0
    outer loop
      vertex 1.56505 13.2873 3
      vertex 1.93107 12.9213 0
      vertex 1.56505 13.2873 0
    endloop
  endfacet
  facet normal -0.707078 -0.707136 0
    outer loop
      vertex 3.2971 14.2873 0
      vertex 2.93107 14.6533 3
      vertex 2.93107 14.6533 0
    endloop
  endfacet
  facet normal -0.707078 -0.707136 0
    outer loop
      vertex 2.93107 14.6533 3
      vertex 3.2971 14.2873 0
      vertex 3.2971 14.2873 3
    endloop
  endfacet
  facet normal -0.965928 -0.258811 0
    outer loop
      vertex 3.43107 13.7873 0
      vertex 3.2971 14.2873 3
      vertex 3.2971 14.2873 0
    endloop
  endfacet
  facet normal -0.965928 -0.258811 0
    outer loop
      vertex 3.2971 14.2873 3
      vertex 3.43107 13.7873 0
      vertex 3.43107 13.7873 3
    endloop
  endfacet
  facet normal -0.965928 0.258811 0
    outer loop
      vertex 3.2971 13.2873 0
      vertex 3.43107 13.7873 3
      vertex 3.43107 13.7873 0
    endloop
  endfacet
  facet normal -0.965928 0.258811 0
    outer loop
      vertex 3.43107 13.7873 3
      vertex 3.2971 13.2873 0
      vertex 3.2971 13.2873 3
    endloop
  endfacet
  facet normal 0.965923 -0.258829 0
    outer loop
      vertex 1.43107 13.7873 3
      vertex 1.56505 14.2873 0
      vertex 1.56505 14.2873 3
    endloop
  endfacet
  facet normal 0.965923 -0.258829 0
    outer loop
      vertex 1.56505 14.2873 0
      vertex 1.43107 13.7873 3
      vertex 1.43107 13.7873 0
    endloop
  endfacet
  facet normal 0.258865 0.965914 -0
    outer loop
      vertex 2.43107 12.7873 0
      vertex 1.93107 12.9213 3
      vertex 2.43107 12.7873 3
    endloop
  endfacet
  facet normal 0.258865 0.965914 0
    outer loop
      vertex 1.93107 12.9213 3
      vertex 2.43107 12.7873 0
      vertex 1.93107 12.9213 0
    endloop
  endfacet
  facet normal 0.707087 -0.707126 0
    outer loop
      vertex 1.56505 14.2873 3
      vertex 1.93107 14.6533 0
      vertex 1.93107 14.6533 3
    endloop
  endfacet
  facet normal 0.707087 -0.707126 0
    outer loop
      vertex 1.93107 14.6533 0
      vertex 1.56505 14.2873 3
      vertex 1.56505 14.2873 0
    endloop
  endfacet
  facet normal -0.258865 0.965914 0
    outer loop
      vertex 2.93107 12.9213 0
      vertex 2.43107 12.7873 3
      vertex 2.93107 12.9213 3
    endloop
  endfacet
  facet normal -0.258865 0.965914 0
    outer loop
      vertex 2.43107 12.7873 3
      vertex 2.93107 12.9213 0
      vertex 2.43107 12.7873 0
    endloop
  endfacet
  facet normal 0.258865 -0.965914 0
    outer loop
      vertex 1.93107 14.6533 0
      vertex 2.43107 14.7873 3
      vertex 1.93107 14.6533 3
    endloop
  endfacet
  facet normal 0.258865 -0.965914 0
    outer loop
      vertex 2.43107 14.7873 3
      vertex 1.93107 14.6533 0
      vertex 2.43107 14.7873 0
    endloop
  endfacet
  facet normal 0.965923 0.258829 0
    outer loop
      vertex 1.56505 13.2873 3
      vertex 1.43107 13.7873 0
      vertex 1.43107 13.7873 3
    endloop
  endfacet
  facet normal 0.965923 0.258829 0
    outer loop
      vertex 1.43107 13.7873 0
      vertex 1.56505 13.2873 3
      vertex 1.56505 13.2873 0
    endloop
  endfacet
  facet normal -0.707078 0.707136 0
    outer loop
      vertex 2.93107 12.9213 0
      vertex 3.2971 13.2873 3
      vertex 3.2971 13.2873 0
    endloop
  endfacet
  facet normal -0.707078 0.707136 0
    outer loop
      vertex 3.2971 13.2873 3
      vertex 2.93107 12.9213 0
      vertex 2.93107 12.9213 3
    endloop
  endfacet
  facet normal -0.258865 -0.965914 0
    outer loop
      vertex 2.43107 14.7873 0
      vertex 2.93107 14.6533 3
      vertex 2.43107 14.7873 3
    endloop
  endfacet
  facet normal -0.258865 -0.965914 -0
    outer loop
      vertex 2.93107 14.6533 3
      vertex 2.43107 14.7873 0
      vertex 2.93107 14.6533 0
    endloop
  endfacet
  facet normal -0.707087 0.707126 0
    outer loop
      vertex -1.56505 13.2873 0
      vertex -1.93107 12.9213 3
      vertex -1.56505 13.2873 3
    endloop
  endfacet
  facet normal -0.707087 0.707126 0
    outer loop
      vertex -1.93107 12.9213 3
      vertex -1.56505 13.2873 0
      vertex -1.93107 12.9213 0
    endloop
  endfacet
  facet normal 0.965928 0.258811 0
    outer loop
      vertex -3.2971 13.2873 3
      vertex -3.43107 13.7873 0
      vertex -3.43107 13.7873 3
    endloop
  endfacet
  facet normal 0.965928 0.258811 0
    outer loop
      vertex -3.43107 13.7873 0
      vertex -3.2971 13.2873 3
      vertex -3.2971 13.2873 0
    endloop
  endfacet
  facet normal -0.707087 -0.707126 0
    outer loop
      vertex -1.56505 14.2873 0
      vertex -1.93107 14.6533 3
      vertex -1.93107 14.6533 0
    endloop
  endfacet
  facet normal -0.707087 -0.707126 0
    outer loop
      vertex -1.93107 14.6533 3
      vertex -1.56505 14.2873 0
      vertex -1.56505 14.2873 3
    endloop
  endfacet
  facet normal -0.965923 -0.258829 0
    outer loop
      vertex -1.43107 13.7873 0
      vertex -1.56505 14.2873 3
      vertex -1.56505 14.2873 0
    endloop
  endfacet
  facet normal -0.965923 -0.258829 0
    outer loop
      vertex -1.56505 14.2873 3
      vertex -1.43107 13.7873 0
      vertex -1.43107 13.7873 3
    endloop
  endfacet
  facet normal 0.707078 0.707136 0
    outer loop
      vertex -2.93107 12.9213 3
      vertex -3.2971 13.2873 0
      vertex -3.2971 13.2873 3
    endloop
  endfacet
  facet normal 0.707078 0.707136 0
    outer loop
      vertex -3.2971 13.2873 0
      vertex -2.93107 12.9213 3
      vertex -2.93107 12.9213 0
    endloop
  endfacet
  facet normal 0.258865 -0.965914 0
    outer loop
      vertex -2.93107 14.6533 0
      vertex -2.43107 14.7873 3
      vertex -2.93107 14.6533 3
    endloop
  endfacet
  facet normal 0.258865 -0.965914 0
    outer loop
      vertex -2.43107 14.7873 3
      vertex -2.93107 14.6533 0
      vertex -2.43107 14.7873 0
    endloop
  endfacet
  facet normal 0.707078 -0.707136 0
    outer loop
      vertex -3.2971 14.2873 3
      vertex -2.93107 14.6533 0
      vertex -2.93107 14.6533 3
    endloop
  endfacet
  facet normal 0.707078 -0.707136 0
    outer loop
      vertex -2.93107 14.6533 0
      vertex -3.2971 14.2873 3
      vertex -3.2971 14.2873 0
    endloop
  endfacet
  facet normal 0.258865 0.965914 -0
    outer loop
      vertex -2.43107 12.7873 0
      vertex -2.93107 12.9213 3
      vertex -2.43107 12.7873 3
    endloop
  endfacet
  facet normal 0.258865 0.965914 0
    outer loop
      vertex -2.93107 12.9213 3
      vertex -2.43107 12.7873 0
      vertex -2.93107 12.9213 0
    endloop
  endfacet
  facet normal -0.965923 0.258829 0
    outer loop
      vertex -1.56505 13.2873 0
      vertex -1.43107 13.7873 3
      vertex -1.43107 13.7873 0
    endloop
  endfacet
  facet normal -0.965923 0.258829 0
    outer loop
      vertex -1.43107 13.7873 3
      vertex -1.56505 13.2873 0
      vertex -1.56505 13.2873 3
    endloop
  endfacet
  facet normal 0.965928 -0.258811 0
    outer loop
      vertex -3.43107 13.7873 3
      vertex -3.2971 14.2873 0
      vertex -3.2971 14.2873 3
    endloop
  endfacet
  facet normal 0.965928 -0.258811 0
    outer loop
      vertex -3.2971 14.2873 0
      vertex -3.43107 13.7873 3
      vertex -3.43107 13.7873 0
    endloop
  endfacet
  facet normal -0.258865 -0.965914 0
    outer loop
      vertex -2.43107 14.7873 0
      vertex -1.93107 14.6533 3
      vertex -2.43107 14.7873 3
    endloop
  endfacet
  facet normal -0.258865 -0.965914 -0
    outer loop
      vertex -1.93107 14.6533 3
      vertex -2.43107 14.7873 0
      vertex -1.93107 14.6533 0
    endloop
  endfacet
  facet normal -0.258865 0.965914 0
    outer loop
      vertex -1.93107 12.9213 0
      vertex -2.43107 12.7873 3
      vertex -1.93107 12.9213 3
    endloop
  endfacet
  facet normal -0.258865 0.965914 0
    outer loop
      vertex -2.43107 12.7873 3
      vertex -1.93107 12.9213 0
      vertex -2.43107 12.7873 0
    endloop
  endfacet
  facet normal -0.707078 -0.707136 0
    outer loop
      vertex -6.5 12.9904 0
      vertex -6.13397 12.6244 3
      vertex -6.5 12.9904 3
    endloop
  endfacet
  facet normal -0.707078 -0.707136 -0
    outer loop
      vertex -6.13397 12.6244 3
      vertex -6.5 12.9904 0
      vertex -6.13397 12.6244 0
    endloop
  endfacet
  facet normal -0.965928 -0.258811 0
    outer loop
      vertex -6 12.1244 0
      vertex -6.13397 12.6244 3
      vertex -6.13397 12.6244 0
    endloop
  endfacet
  facet normal -0.965928 -0.258811 0
    outer loop
      vertex -6.13397 12.6244 3
      vertex -6 12.1244 0
      vertex -6 12.1244 3
    endloop
  endfacet
  facet normal -0.258865 -0.965914 0
    outer loop
      vertex -7 13.1244 0
      vertex -6.5 12.9904 3
      vertex -7 13.1244 3
    endloop
  endfacet
  facet normal -0.258865 -0.965914 -0
    outer loop
      vertex -6.5 12.9904 3
      vertex -7 13.1244 0
      vertex -6.5 12.9904 0
    endloop
  endfacet
  facet normal -0.707174 0.707039 0
    outer loop
      vertex -6.5 11.2583 0
      vertex -6.13397 11.6244 3
      vertex -6.13397 11.6244 0
    endloop
  endfacet
  facet normal -0.707174 0.707039 0
    outer loop
      vertex -6.13397 11.6244 3
      vertex -6.5 11.2583 0
      vertex -6.5 11.2583 3
    endloop
  endfacet
  facet normal 0.258685 0.965962 -0
    outer loop
      vertex -7 11.1244 0
      vertex -7.5 11.2583 3
      vertex -7 11.1244 3
    endloop
  endfacet
  facet normal 0.258685 0.965962 0
    outer loop
      vertex -7.5 11.2583 3
      vertex -7 11.1244 0
      vertex -7.5 11.2583 0
    endloop
  endfacet
  facet normal 0.258865 -0.965914 0
    outer loop
      vertex -7.5 12.9904 0
      vertex -7 13.1244 3
      vertex -7.5 12.9904 3
    endloop
  endfacet
  facet normal 0.258865 -0.965914 0
    outer loop
      vertex -7 13.1244 3
      vertex -7.5 12.9904 0
      vertex -7 13.1244 0
    endloop
  endfacet
  facet normal 0.707184 0.70703 0
    outer loop
      vertex -7.5 11.2583 3
      vertex -7.86602 11.6244 0
      vertex -7.86602 11.6244 3
    endloop
  endfacet
  facet normal 0.707184 0.70703 0
    outer loop
      vertex -7.86602 11.6244 0
      vertex -7.5 11.2583 3
      vertex -7.5 11.2583 0
    endloop
  endfacet
  facet normal 0.965923 -0.258829 0
    outer loop
      vertex -8 12.1244 3
      vertex -7.86602 12.6244 0
      vertex -7.86602 12.6244 3
    endloop
  endfacet
  facet normal 0.965923 -0.258829 0
    outer loop
      vertex -7.86602 12.6244 0
      vertex -8 12.1244 3
      vertex -8 12.1244 0
    endloop
  endfacet
  facet normal -0.965928 0.258811 0
    outer loop
      vertex -6.13397 11.6244 0
      vertex -6 12.1244 3
      vertex -6 12.1244 0
    endloop
  endfacet
  facet normal -0.965928 0.258811 0
    outer loop
      vertex -6 12.1244 3
      vertex -6.13397 11.6244 0
      vertex -6.13397 11.6244 3
    endloop
  endfacet
  facet normal 0.707087 -0.707126 0
    outer loop
      vertex -7.86602 12.6244 3
      vertex -7.5 12.9904 0
      vertex -7.5 12.9904 3
    endloop
  endfacet
  facet normal 0.707087 -0.707126 0
    outer loop
      vertex -7.5 12.9904 0
      vertex -7.86602 12.6244 3
      vertex -7.86602 12.6244 0
    endloop
  endfacet
  facet normal -0.258685 0.965962 0
    outer loop
      vertex -6.5 11.2583 0
      vertex -7 11.1244 3
      vertex -6.5 11.2583 3
    endloop
  endfacet
  facet normal -0.258685 0.965962 0
    outer loop
      vertex -7 11.1244 3
      vertex -6.5 11.2583 0
      vertex -7 11.1244 0
    endloop
  endfacet
  facet normal 0.965923 0.258829 0
    outer loop
      vertex -7.86602 11.6244 3
      vertex -8 12.1244 0
      vertex -8 12.1244 3
    endloop
  endfacet
  facet normal 0.965923 0.258829 0
    outer loop
      vertex -8 12.1244 0
      vertex -7.86602 11.6244 3
      vertex -7.86602 11.6244 0
    endloop
  endfacet
  facet normal -0.707126 -0.707087 0
    outer loop
      vertex -10.2246 9.86505 0
      vertex -9.8586 9.49903 3
      vertex -10.2246 9.86505 3
    endloop
  endfacet
  facet normal -0.707126 -0.707087 -0
    outer loop
      vertex -9.8586 9.49903 3
      vertex -10.2246 9.86505 0
      vertex -9.8586 9.49903 0
    endloop
  endfacet
  facet normal -0.965923 -0.258829 0
    outer loop
      vertex -9.72462 8.99903 0
      vertex -9.8586 9.49903 3
      vertex -9.8586 9.49903 0
    endloop
  endfacet
  facet normal -0.965923 -0.258829 0
    outer loop
      vertex -9.8586 9.49903 3
      vertex -9.72462 8.99903 0
      vertex -9.72462 8.99903 3
    endloop
  endfacet
  facet normal -0.258829 -0.965923 0
    outer loop
      vertex -10.7246 9.99903 0
      vertex -10.2246 9.86505 3
      vertex -10.7246 9.99903 3
    endloop
  endfacet
  facet normal -0.258829 -0.965923 -0
    outer loop
      vertex -10.2246 9.86505 3
      vertex -10.7246 9.99903 0
      vertex -10.2246 9.86505 0
    endloop
  endfacet
  facet normal -0.707136 0.707078 0
    outer loop
      vertex -10.2246 8.133 0
      vertex -9.8586 8.49903 3
      vertex -9.8586 8.49903 0
    endloop
  endfacet
  facet normal -0.707136 0.707078 0
    outer loop
      vertex -9.8586 8.49903 3
      vertex -10.2246 8.133 0
      vertex -10.2246 8.133 3
    endloop
  endfacet
  facet normal 0.258811 0.965928 -0
    outer loop
      vertex -10.7246 7.99903 0
      vertex -11.2246 8.133 3
      vertex -10.7246 7.99903 3
    endloop
  endfacet
  facet normal 0.258811 0.965928 0
    outer loop
      vertex -11.2246 8.133 3
      vertex -10.7246 7.99903 0
      vertex -11.2246 8.133 0
    endloop
  endfacet
  facet normal 0.258829 -0.965923 0
    outer loop
      vertex -11.2246 9.86505 0
      vertex -10.7246 9.99903 3
      vertex -11.2246 9.86505 3
    endloop
  endfacet
  facet normal 0.258829 -0.965923 0
    outer loop
      vertex -10.7246 9.99903 3
      vertex -11.2246 9.86505 0
      vertex -10.7246 9.99903 0
    endloop
  endfacet
  facet normal 0.707136 0.707078 0
    outer loop
      vertex -11.2246 8.133 3
      vertex -11.5906 8.49903 0
      vertex -11.5906 8.49903 3
    endloop
  endfacet
  facet normal 0.707136 0.707078 0
    outer loop
      vertex -11.5906 8.49903 0
      vertex -11.2246 8.133 3
      vertex -11.2246 8.133 0
    endloop
  endfacet
  facet normal 0.965914 -0.258865 0
    outer loop
      vertex -11.7246 8.99903 3
      vertex -11.5906 9.49903 0
      vertex -11.5906 9.49903 3
    endloop
  endfacet
  facet normal 0.965914 -0.258865 0
    outer loop
      vertex -11.5906 9.49903 0
      vertex -11.7246 8.99903 3
      vertex -11.7246 8.99903 0
    endloop
  endfacet
  facet normal -0.965923 0.258829 0
    outer loop
      vertex -9.8586 8.49903 0
      vertex -9.72462 8.99903 3
      vertex -9.72462 8.99903 0
    endloop
  endfacet
  facet normal -0.965923 0.258829 0
    outer loop
      vertex -9.72462 8.99903 3
      vertex -9.8586 8.49903 0
      vertex -9.8586 8.49903 3
    endloop
  endfacet
  facet normal 0.707126 -0.707087 0
    outer loop
      vertex -11.5906 9.49903 3
      vertex -11.2246 9.86505 0
      vertex -11.2246 9.86505 3
    endloop
  endfacet
  facet normal 0.707126 -0.707087 0
    outer loop
      vertex -11.2246 9.86505 0
      vertex -11.5906 9.49903 3
      vertex -11.5906 9.49903 0
    endloop
  endfacet
  facet normal -0.258811 0.965928 0
    outer loop
      vertex -10.2246 8.133 0
      vertex -10.7246 7.99903 3
      vertex -10.2246 8.133 3
    endloop
  endfacet
  facet normal -0.258811 0.965928 0
    outer loop
      vertex -10.7246 7.99903 3
      vertex -10.2246 8.133 0
      vertex -10.7246 7.99903 0
    endloop
  endfacet
  facet normal 0.965914 0.258865 0
    outer loop
      vertex -11.5906 8.49903 3
      vertex -11.7246 8.99903 0
      vertex -11.7246 8.99903 3
    endloop
  endfacet
  facet normal 0.965914 0.258865 0
    outer loop
      vertex -11.7246 8.99903 0
      vertex -11.5906 8.49903 3
      vertex -11.5906 8.49903 0
    endloop
  endfacet
  facet normal 0.707126 0.707087 -0
    outer loop
      vertex -13.6557 3.92226 0
      vertex -14.0217 4.28828 3
      vertex -13.6557 3.92226 3
    endloop
  endfacet
  facet normal 0.707126 0.707087 0
    outer loop
      vertex -14.0217 4.28828 3
      vertex -13.6557 3.92226 0
      vertex -14.0217 4.28828 0
    endloop
  endfacet
  facet normal -0.707136 -0.707078 0
    outer loop
      vertex -12.2897 5.28828 0
      vertex -12.6557 5.65431 3
      vertex -12.6557 5.65431 0
    endloop
  endfacet
  facet normal -0.707136 -0.707078 0
    outer loop
      vertex -12.6557 5.65431 3
      vertex -12.2897 5.28828 0
      vertex -12.2897 5.28828 3
    endloop
  endfacet
  facet normal -0.965914 -0.258865 0
    outer loop
      vertex -12.1557 4.78828 0
      vertex -12.2897 5.28828 3
      vertex -12.2897 5.28828 0
    endloop
  endfacet
  facet normal -0.965914 -0.258865 0
    outer loop
      vertex -12.2897 5.28828 3
      vertex -12.1557 4.78828 0
      vertex -12.1557 4.78828 3
    endloop
  endfacet
  facet normal -0.965914 0.258865 0
    outer loop
      vertex -12.2897 4.28828 0
      vertex -12.1557 4.78828 3
      vertex -12.1557 4.78828 0
    endloop
  endfacet
  facet normal -0.965914 0.258865 0
    outer loop
      vertex -12.1557 4.78828 3
      vertex -12.2897 4.28828 0
      vertex -12.2897 4.28828 3
    endloop
  endfacet
  facet normal -0.258811 -0.965928 0
    outer loop
      vertex -13.1557 5.78828 0
      vertex -12.6557 5.65431 3
      vertex -13.1557 5.78828 3
    endloop
  endfacet
  facet normal -0.258811 -0.965928 -0
    outer loop
      vertex -12.6557 5.65431 3
      vertex -13.1557 5.78828 0
      vertex -12.6557 5.65431 0
    endloop
  endfacet
  facet normal 0.965914 -0.258865 0
    outer loop
      vertex -14.1557 4.78828 3
      vertex -14.0217 5.28828 0
      vertex -14.0217 5.28828 3
    endloop
  endfacet
  facet normal 0.965914 -0.258865 0
    outer loop
      vertex -14.0217 5.28828 0
      vertex -14.1557 4.78828 3
      vertex -14.1557 4.78828 0
    endloop
  endfacet
  facet normal 0.258829 0.965923 -0
    outer loop
      vertex -13.1557 3.78828 0
      vertex -13.6557 3.92226 3
      vertex -13.1557 3.78828 3
    endloop
  endfacet
  facet normal 0.258829 0.965923 0
    outer loop
      vertex -13.6557 3.92226 3
      vertex -13.1557 3.78828 0
      vertex -13.6557 3.92226 0
    endloop
  endfacet
  facet normal 0.707136 -0.707078 0
    outer loop
      vertex -14.0217 5.28828 3
      vertex -13.6557 5.65431 0
      vertex -13.6557 5.65431 3
    endloop
  endfacet
  facet normal 0.707136 -0.707078 0
    outer loop
      vertex -13.6557 5.65431 0
      vertex -14.0217 5.28828 3
      vertex -14.0217 5.28828 0
    endloop
  endfacet
  facet normal -0.258829 0.965923 0
    outer loop
      vertex -12.6557 3.92226 0
      vertex -13.1557 3.78828 3
      vertex -12.6557 3.92226 3
    endloop
  endfacet
  facet normal -0.258829 0.965923 0
    outer loop
      vertex -13.1557 3.78828 3
      vertex -12.6557 3.92226 0
      vertex -13.1557 3.78828 0
    endloop
  endfacet
  facet normal 0.258811 -0.965928 0
    outer loop
      vertex -13.6557 5.65431 0
      vertex -13.1557 5.78828 3
      vertex -13.6557 5.65431 3
    endloop
  endfacet
  facet normal 0.258811 -0.965928 0
    outer loop
      vertex -13.1557 5.78828 3
      vertex -13.6557 5.65431 0
      vertex -13.1557 5.78828 0
    endloop
  endfacet
  facet normal 0.965914 0.258865 0
    outer loop
      vertex -14.0217 4.28828 3
      vertex -14.1557 4.78828 0
      vertex -14.1557 4.78828 3
    endloop
  endfacet
  facet normal 0.965914 0.258865 0
    outer loop
      vertex -14.1557 4.78828 0
      vertex -14.0217 4.28828 3
      vertex -14.0217 4.28828 0
    endloop
  endfacet
  facet normal -0.707126 0.707087 0
    outer loop
      vertex -12.6557 3.92226 0
      vertex -12.2897 4.28828 3
      vertex -12.2897 4.28828 0
    endloop
  endfacet
  facet normal -0.707126 0.707087 0
    outer loop
      vertex -12.2897 4.28828 3
      vertex -12.6557 3.92226 0
      vertex -12.6557 3.92226 3
    endloop
  endfacet
  facet normal 0.965914 0.258865 0
    outer loop
      vertex -14.866 -0.5 3
      vertex -15 0 0
      vertex -15 0 3
    endloop
  endfacet
  facet normal 0.965914 0.258865 0
    outer loop
      vertex -15 0 0
      vertex -14.866 -0.5 3
      vertex -14.866 -0.5 0
    endloop
  endfacet
  facet normal -0.707131 -0.707083 0
    outer loop
      vertex -13.5 0.866025 0
      vertex -13.134 0.5 3
      vertex -13.5 0.866025 3
    endloop
  endfacet
  facet normal -0.707131 -0.707083 -0
    outer loop
      vertex -13.134 0.5 3
      vertex -13.5 0.866025 0
      vertex -13.134 0.5 0
    endloop
  endfacet
  facet normal -0.965914 -0.258865 0
    outer loop
      vertex -13 0 0
      vertex -13.134 0.5 3
      vertex -13.134 0.5 0
    endloop
  endfacet
  facet normal -0.965914 -0.258865 0
    outer loop
      vertex -13.134 0.5 3
      vertex -13 0 0
      vertex -13 0 3
    endloop
  endfacet
  facet normal -0.25882 -0.965926 0
    outer loop
      vertex -14 1 0
      vertex -13.5 0.866025 3
      vertex -14 1 3
    endloop
  endfacet
  facet normal -0.25882 -0.965926 -0
    outer loop
      vertex -13.5 0.866025 3
      vertex -14 1 0
      vertex -13.5 0.866025 0
    endloop
  endfacet
  facet normal 0.965914 -0.258865 0
    outer loop
      vertex -15 0 3
      vertex -14.866 0.5 0
      vertex -14.866 0.5 3
    endloop
  endfacet
  facet normal 0.965914 -0.258865 0
    outer loop
      vertex -14.866 0.5 0
      vertex -15 0 3
      vertex -15 0 0
    endloop
  endfacet
  facet normal -0.25882 0.965926 0
    outer loop
      vertex -13.5 -0.866025 0
      vertex -14 -1 3
      vertex -13.5 -0.866025 3
    endloop
  endfacet
  facet normal -0.25882 0.965926 0
    outer loop
      vertex -14 -1 3
      vertex -13.5 -0.866025 0
      vertex -14 -1 0
    endloop
  endfacet
  facet normal 0.25882 -0.965926 0
    outer loop
      vertex -14.5 0.866025 0
      vertex -14 1 3
      vertex -14.5 0.866025 3
    endloop
  endfacet
  facet normal 0.25882 -0.965926 0
    outer loop
      vertex -14 1 3
      vertex -14.5 0.866025 0
      vertex -14 1 0
    endloop
  endfacet
  facet normal -0.707131 0.707083 0
    outer loop
      vertex -13.134 -0.5 0
      vertex -13.5 -0.866025 3
      vertex -13.134 -0.5 3
    endloop
  endfacet
  facet normal -0.707131 0.707083 0
    outer loop
      vertex -13.5 -0.866025 3
      vertex -13.134 -0.5 0
      vertex -13.5 -0.866025 0
    endloop
  endfacet
  facet normal -0.965914 0.258865 0
    outer loop
      vertex -13.134 -0.5 0
      vertex -13 0 3
      vertex -13 0 0
    endloop
  endfacet
  facet normal -0.965914 0.258865 0
    outer loop
      vertex -13 0 3
      vertex -13.134 -0.5 0
      vertex -13.134 -0.5 3
    endloop
  endfacet
  facet normal 0.707131 -0.707083 0
    outer loop
      vertex -14.866 0.5 3
      vertex -14.5 0.866025 0
      vertex -14.5 0.866025 3
    endloop
  endfacet
  facet normal 0.707131 -0.707083 0
    outer loop
      vertex -14.5 0.866025 0
      vertex -14.866 0.5 3
      vertex -14.866 0.5 0
    endloop
  endfacet
  facet normal 0.707131 0.707083 0
    outer loop
      vertex -14.5 -0.866025 3
      vertex -14.866 -0.5 0
      vertex -14.866 -0.5 3
    endloop
  endfacet
  facet normal 0.707131 0.707083 0
    outer loop
      vertex -14.866 -0.5 0
      vertex -14.5 -0.866025 3
      vertex -14.5 -0.866025 0
    endloop
  endfacet
  facet normal 0.25882 0.965926 -0
    outer loop
      vertex -14 -1 0
      vertex -14.5 -0.866025 3
      vertex -14 -1 3
    endloop
  endfacet
  facet normal 0.25882 0.965926 0
    outer loop
      vertex -14.5 -0.866025 3
      vertex -14 -1 0
      vertex -14.5 -0.866025 0
    endloop
  endfacet
  facet normal -0.707126 -0.707087 0
    outer loop
      vertex -12.2897 -4.28828 0
      vertex -12.6557 -3.92226 3
      vertex -12.6557 -3.92226 0
    endloop
  endfacet
  facet normal -0.707126 -0.707087 0
    outer loop
      vertex -12.6557 -3.92226 3
      vertex -12.2897 -4.28828 0
      vertex -12.2897 -4.28828 3
    endloop
  endfacet
  facet normal -0.965914 -0.258865 0
    outer loop
      vertex -12.1557 -4.78828 0
      vertex -12.2897 -4.28828 3
      vertex -12.2897 -4.28828 0
    endloop
  endfacet
  facet normal -0.965914 -0.258865 0
    outer loop
      vertex -12.2897 -4.28828 3
      vertex -12.1557 -4.78828 0
      vertex -12.1557 -4.78828 3
    endloop
  endfacet
  facet normal -0.258829 -0.965923 0
    outer loop
      vertex -13.1557 -3.78828 0
      vertex -12.6557 -3.92226 3
      vertex -13.1557 -3.78828 3
    endloop
  endfacet
  facet normal -0.258829 -0.965923 -0
    outer loop
      vertex -12.6557 -3.92226 3
      vertex -13.1557 -3.78828 0
      vertex -12.6557 -3.92226 0
    endloop
  endfacet
  facet normal 0.258829 -0.965923 0
    outer loop
      vertex -13.6557 -3.92226 0
      vertex -13.1557 -3.78828 3
      vertex -13.6557 -3.92226 3
    endloop
  endfacet
  facet normal 0.258829 -0.965923 0
    outer loop
      vertex -13.1557 -3.78828 3
      vertex -13.6557 -3.92226 0
      vertex -13.1557 -3.78828 0
    endloop
  endfacet
  facet normal -0.707136 0.707078 0
    outer loop
      vertex -12.6557 -5.65431 0
      vertex -12.2897 -5.28828 3
      vertex -12.2897 -5.28828 0
    endloop
  endfacet
  facet normal -0.707136 0.707078 0
    outer loop
      vertex -12.2897 -5.28828 3
      vertex -12.6557 -5.65431 0
      vertex -12.6557 -5.65431 3
    endloop
  endfacet
  facet normal 0.707126 -0.707087 0
    outer loop
      vertex -14.0217 -4.28828 0
      vertex -13.6557 -3.92226 3
      vertex -14.0217 -4.28828 3
    endloop
  endfacet
  facet normal 0.707126 -0.707087 0
    outer loop
      vertex -13.6557 -3.92226 3
      vertex -14.0217 -4.28828 0
      vertex -13.6557 -3.92226 0
    endloop
  endfacet
  facet normal 0.965914 -0.258865 0
    outer loop
      vertex -14.1557 -4.78828 3
      vertex -14.0217 -4.28828 0
      vertex -14.0217 -4.28828 3
    endloop
  endfacet
  facet normal 0.965914 -0.258865 0
    outer loop
      vertex -14.0217 -4.28828 0
      vertex -14.1557 -4.78828 3
      vertex -14.1557 -4.78828 0
    endloop
  endfacet
  facet normal 0.707136 0.707078 0
    outer loop
      vertex -13.6557 -5.65431 3
      vertex -14.0217 -5.28828 0
      vertex -14.0217 -5.28828 3
    endloop
  endfacet
  facet normal 0.707136 0.707078 0
    outer loop
      vertex -14.0217 -5.28828 0
      vertex -13.6557 -5.65431 3
      vertex -13.6557 -5.65431 0
    endloop
  endfacet
  facet normal -0.965914 0.258865 0
    outer loop
      vertex -12.2897 -5.28828 0
      vertex -12.1557 -4.78828 3
      vertex -12.1557 -4.78828 0
    endloop
  endfacet
  facet normal -0.965914 0.258865 0
    outer loop
      vertex -12.1557 -4.78828 3
      vertex -12.2897 -5.28828 0
      vertex -12.2897 -5.28828 3
    endloop
  endfacet
  facet normal 0.965914 0.258865 0
    outer loop
      vertex -14.0217 -5.28828 3
      vertex -14.1557 -4.78828 0
      vertex -14.1557 -4.78828 3
    endloop
  endfacet
  facet normal 0.965914 0.258865 0
    outer loop
      vertex -14.1557 -4.78828 0
      vertex -14.0217 -5.28828 3
      vertex -14.0217 -5.28828 0
    endloop
  endfacet
  facet normal -0.258811 0.965928 0
    outer loop
      vertex -12.6557 -5.65431 0
      vertex -13.1557 -5.78828 3
      vertex -12.6557 -5.65431 3
    endloop
  endfacet
  facet normal -0.258811 0.965928 0
    outer loop
      vertex -13.1557 -5.78828 3
      vertex -12.6557 -5.65431 0
      vertex -13.1557 -5.78828 0
    endloop
  endfacet
  facet normal 0.258811 0.965928 -0
    outer loop
      vertex -13.1557 -5.78828 0
      vertex -13.6557 -5.65431 3
      vertex -13.1557 -5.78828 3
    endloop
  endfacet
  facet normal 0.258811 0.965928 0
    outer loop
      vertex -13.6557 -5.65431 3
      vertex -13.1557 -5.78828 0
      vertex -13.6557 -5.65431 0
    endloop
  endfacet
  facet normal -0.707126 0.707087 0
    outer loop
      vertex -9.8586 -9.49903 0
      vertex -10.2246 -9.86505 3
      vertex -9.8586 -9.49903 3
    endloop
  endfacet
  facet normal -0.707126 0.707087 0
    outer loop
      vertex -10.2246 -9.86505 3
      vertex -9.8586 -9.49903 0
      vertex -10.2246 -9.86505 0
    endloop
  endfacet
  facet normal 0.965914 0.258865 0
    outer loop
      vertex -11.5906 -9.49903 3
      vertex -11.7246 -8.99903 0
      vertex -11.7246 -8.99903 3
    endloop
  endfacet
  facet normal 0.965914 0.258865 0
    outer loop
      vertex -11.7246 -8.99903 0
      vertex -11.5906 -9.49903 3
      vertex -11.5906 -9.49903 0
    endloop
  endfacet
  facet normal -0.707136 -0.707078 0
    outer loop
      vertex -9.8586 -8.49903 0
      vertex -10.2246 -8.133 3
      vertex -10.2246 -8.133 0
    endloop
  endfacet
  facet normal -0.707136 -0.707078 0
    outer loop
      vertex -10.2246 -8.133 3
      vertex -9.8586 -8.49903 0
      vertex -9.8586 -8.49903 3
    endloop
  endfacet
  facet normal -0.965923 -0.258829 0
    outer loop
      vertex -9.72462 -8.99903 0
      vertex -9.8586 -8.49903 3
      vertex -9.8586 -8.49903 0
    endloop
  endfacet
  facet normal -0.965923 -0.258829 0
    outer loop
      vertex -9.8586 -8.49903 3
      vertex -9.72462 -8.99903 0
      vertex -9.72462 -8.99903 3
    endloop
  endfacet
  facet normal 0.707126 0.707087 0
    outer loop
      vertex -11.2246 -9.86505 3
      vertex -11.5906 -9.49903 0
      vertex -11.5906 -9.49903 3
    endloop
  endfacet
  facet normal 0.707126 0.707087 0
    outer loop
      vertex -11.5906 -9.49903 0
      vertex -11.2246 -9.86505 3
      vertex -11.2246 -9.86505 0
    endloop
  endfacet
  facet normal 0.258811 -0.965928 0
    outer loop
      vertex -11.2246 -8.133 0
      vertex -10.7246 -7.99903 3
      vertex -11.2246 -8.133 3
    endloop
  endfacet
  facet normal 0.258811 -0.965928 0
    outer loop
      vertex -10.7246 -7.99903 3
      vertex -11.2246 -8.133 0
      vertex -10.7246 -7.99903 0
    endloop
  endfacet
  facet normal 0.707136 -0.707078 0
    outer loop
      vertex -11.5906 -8.49903 3
      vertex -11.2246 -8.133 0
      vertex -11.2246 -8.133 3
    endloop
  endfacet
  facet normal 0.707136 -0.707078 0
    outer loop
      vertex -11.2246 -8.133 0
      vertex -11.5906 -8.49903 3
      vertex -11.5906 -8.49903 0
    endloop
  endfacet
  facet normal 0.258829 0.965923 -0
    outer loop
      vertex -10.7246 -9.99903 0
      vertex -11.2246 -9.86505 3
      vertex -10.7246 -9.99903 3
    endloop
  endfacet
  facet normal 0.258829 0.965923 0
    outer loop
      vertex -11.2246 -9.86505 3
      vertex -10.7246 -9.99903 0
      vertex -11.2246 -9.86505 0
    endloop
  endfacet
  facet normal -0.965923 0.258829 0
    outer loop
      vertex -9.8586 -9.49903 0
      vertex -9.72462 -8.99903 3
      vertex -9.72462 -8.99903 0
    endloop
  endfacet
  facet normal -0.965923 0.258829 0
    outer loop
      vertex -9.72462 -8.99903 3
      vertex -9.8586 -9.49903 0
      vertex -9.8586 -9.49903 3
    endloop
  endfacet
  facet normal 0.965914 -0.258865 0
    outer loop
      vertex -11.7246 -8.99903 3
      vertex -11.5906 -8.49903 0
      vertex -11.5906 -8.49903 3
    endloop
  endfacet
  facet normal 0.965914 -0.258865 0
    outer loop
      vertex -11.5906 -8.49903 0
      vertex -11.7246 -8.99903 3
      vertex -11.7246 -8.99903 0
    endloop
  endfacet
  facet normal -0.258811 -0.965928 0
    outer loop
      vertex -10.7246 -7.99903 0
      vertex -10.2246 -8.133 3
      vertex -10.7246 -7.99903 3
    endloop
  endfacet
  facet normal -0.258811 -0.965928 -0
    outer loop
      vertex -10.2246 -8.133 3
      vertex -10.7246 -7.99903 0
      vertex -10.2246 -8.133 0
    endloop
  endfacet
  facet normal -0.258829 0.965923 0
    outer loop
      vertex -10.2246 -9.86505 0
      vertex -10.7246 -9.99903 3
      vertex -10.2246 -9.86505 3
    endloop
  endfacet
  facet normal -0.258829 0.965923 0
    outer loop
      vertex -10.7246 -9.99903 3
      vertex -10.2246 -9.86505 0
      vertex -10.7246 -9.99903 0
    endloop
  endfacet
  facet normal -0.707078 0.707136 0
    outer loop
      vertex -6.13397 -12.6244 0
      vertex -6.5 -12.9904 3
      vertex -6.13397 -12.6244 3
    endloop
  endfacet
  facet normal -0.707078 0.707136 0
    outer loop
      vertex -6.5 -12.9904 3
      vertex -6.13397 -12.6244 0
      vertex -6.5 -12.9904 0
    endloop
  endfacet
  facet normal 0.965923 0.258829 0
    outer loop
      vertex -7.86602 -12.6244 3
      vertex -8 -12.1244 0
      vertex -8 -12.1244 3
    endloop
  endfacet
  facet normal 0.965923 0.258829 0
    outer loop
      vertex -8 -12.1244 0
      vertex -7.86602 -12.6244 3
      vertex -7.86602 -12.6244 0
    endloop
  endfacet
  facet normal -0.707174 -0.707039 0
    outer loop
      vertex -6.13397 -11.6244 0
      vertex -6.5 -11.2583 3
      vertex -6.5 -11.2583 0
    endloop
  endfacet
  facet normal -0.707174 -0.707039 0
    outer loop
      vertex -6.5 -11.2583 3
      vertex -6.13397 -11.6244 0
      vertex -6.13397 -11.6244 3
    endloop
  endfacet
  facet normal -0.965928 -0.258811 0
    outer loop
      vertex -6 -12.1244 0
      vertex -6.13397 -11.6244 3
      vertex -6.13397 -11.6244 0
    endloop
  endfacet
  facet normal -0.965928 -0.258811 0
    outer loop
      vertex -6.13397 -11.6244 3
      vertex -6 -12.1244 0
      vertex -6 -12.1244 3
    endloop
  endfacet
  facet normal 0.707087 0.707126 0
    outer loop
      vertex -7.5 -12.9904 3
      vertex -7.86602 -12.6244 0
      vertex -7.86602 -12.6244 3
    endloop
  endfacet
  facet normal 0.707087 0.707126 0
    outer loop
      vertex -7.86602 -12.6244 0
      vertex -7.5 -12.9904 3
      vertex -7.5 -12.9904 0
    endloop
  endfacet
  facet normal 0.258685 -0.965962 0
    outer loop
      vertex -7.5 -11.2583 0
      vertex -7 -11.1244 3
      vertex -7.5 -11.2583 3
    endloop
  endfacet
  facet normal 0.258685 -0.965962 0
    outer loop
      vertex -7 -11.1244 3
      vertex -7.5 -11.2583 0
      vertex -7 -11.1244 0
    endloop
  endfacet
  facet normal 0.707184 -0.70703 0
    outer loop
      vertex -7.86602 -11.6244 3
      vertex -7.5 -11.2583 0
      vertex -7.5 -11.2583 3
    endloop
  endfacet
  facet normal 0.707184 -0.70703 0
    outer loop
      vertex -7.5 -11.2583 0
      vertex -7.86602 -11.6244 3
      vertex -7.86602 -11.6244 0
    endloop
  endfacet
  facet normal 0.258865 0.965914 -0
    outer loop
      vertex -7 -13.1244 0
      vertex -7.5 -12.9904 3
      vertex -7 -13.1244 3
    endloop
  endfacet
  facet normal 0.258865 0.965914 0
    outer loop
      vertex -7.5 -12.9904 3
      vertex -7 -13.1244 0
      vertex -7.5 -12.9904 0
    endloop
  endfacet
  facet normal -0.965928 0.258811 0
    outer loop
      vertex -6.13397 -12.6244 0
      vertex -6 -12.1244 3
      vertex -6 -12.1244 0
    endloop
  endfacet
  facet normal -0.965928 0.258811 0
    outer loop
      vertex -6 -12.1244 3
      vertex -6.13397 -12.6244 0
      vertex -6.13397 -12.6244 3
    endloop
  endfacet
  facet normal 0.965923 -0.258829 0
    outer loop
      vertex -8 -12.1244 3
      vertex -7.86602 -11.6244 0
      vertex -7.86602 -11.6244 3
    endloop
  endfacet
  facet normal 0.965923 -0.258829 0
    outer loop
      vertex -7.86602 -11.6244 0
      vertex -8 -12.1244 3
      vertex -8 -12.1244 0
    endloop
  endfacet
  facet normal -0.258685 -0.965962 0
    outer loop
      vertex -7 -11.1244 0
      vertex -6.5 -11.2583 3
      vertex -7 -11.1244 3
    endloop
  endfacet
  facet normal -0.258685 -0.965962 -0
    outer loop
      vertex -6.5 -11.2583 3
      vertex -7 -11.1244 0
      vertex -6.5 -11.2583 0
    endloop
  endfacet
  facet normal -0.258865 0.965914 0
    outer loop
      vertex -6.5 -12.9904 0
      vertex -7 -13.1244 3
      vertex -6.5 -12.9904 3
    endloop
  endfacet
  facet normal -0.258865 0.965914 0
    outer loop
      vertex -7 -13.1244 3
      vertex -6.5 -12.9904 0
      vertex -7 -13.1244 0
    endloop
  endfacet
  facet normal -0.707087 -0.707126 0
    outer loop
      vertex -1.93107 -12.9213 0
      vertex -1.56505 -13.2873 3
      vertex -1.93107 -12.9213 3
    endloop
  endfacet
  facet normal -0.707087 -0.707126 -0
    outer loop
      vertex -1.56505 -13.2873 3
      vertex -1.93107 -12.9213 0
      vertex -1.56505 -13.2873 0
    endloop
  endfacet
  facet normal -0.965923 -0.258829 0
    outer loop
      vertex -1.43107 -13.7873 0
      vertex -1.56505 -13.2873 3
      vertex -1.56505 -13.2873 0
    endloop
  endfacet
  facet normal -0.965923 -0.258829 0
    outer loop
      vertex -1.56505 -13.2873 3
      vertex -1.43107 -13.7873 0
      vertex -1.43107 -13.7873 3
    endloop
  endfacet
  facet normal -0.258865 -0.965914 0
    outer loop
      vertex -2.43107 -12.7873 0
      vertex -1.93107 -12.9213 3
      vertex -2.43107 -12.7873 3
    endloop
  endfacet
  facet normal -0.258865 -0.965914 -0
    outer loop
      vertex -1.93107 -12.9213 3
      vertex -2.43107 -12.7873 0
      vertex -1.93107 -12.9213 0
    endloop
  endfacet
  facet normal -0.707087 0.707126 0
    outer loop
      vertex -1.93107 -14.6533 0
      vertex -1.56505 -14.2873 3
      vertex -1.56505 -14.2873 0
    endloop
  endfacet
  facet normal -0.707087 0.707126 0
    outer loop
      vertex -1.56505 -14.2873 3
      vertex -1.93107 -14.6533 0
      vertex -1.93107 -14.6533 3
    endloop
  endfacet
  facet normal 0.258865 0.965914 -0
    outer loop
      vertex -2.43107 -14.7873 0
      vertex -2.93107 -14.6533 3
      vertex -2.43107 -14.7873 3
    endloop
  endfacet
  facet normal 0.258865 0.965914 0
    outer loop
      vertex -2.93107 -14.6533 3
      vertex -2.43107 -14.7873 0
      vertex -2.93107 -14.6533 0
    endloop
  endfacet
  facet normal 0.258865 -0.965914 0
    outer loop
      vertex -2.93107 -12.9213 0
      vertex -2.43107 -12.7873 3
      vertex -2.93107 -12.9213 3
    endloop
  endfacet
  facet normal 0.258865 -0.965914 0
    outer loop
      vertex -2.43107 -12.7873 3
      vertex -2.93107 -12.9213 0
      vertex -2.43107 -12.7873 0
    endloop
  endfacet
  facet normal 0.707078 0.707136 0
    outer loop
      vertex -2.93107 -14.6533 3
      vertex -3.2971 -14.2873 0
      vertex -3.2971 -14.2873 3
    endloop
  endfacet
  facet normal 0.707078 0.707136 0
    outer loop
      vertex -3.2971 -14.2873 0
      vertex -2.93107 -14.6533 3
      vertex -2.93107 -14.6533 0
    endloop
  endfacet
  facet normal 0.965928 -0.258811 0
    outer loop
      vertex -3.43107 -13.7873 3
      vertex -3.2971 -13.2873 0
      vertex -3.2971 -13.2873 3
    endloop
  endfacet
  facet normal 0.965928 -0.258811 0
    outer loop
      vertex -3.2971 -13.2873 0
      vertex -3.43107 -13.7873 3
      vertex -3.43107 -13.7873 0
    endloop
  endfacet
  facet normal -0.965923 0.258829 0
    outer loop
      vertex -1.56505 -14.2873 0
      vertex -1.43107 -13.7873 3
      vertex -1.43107 -13.7873 0
    endloop
  endfacet
  facet normal -0.965923 0.258829 0
    outer loop
      vertex -1.43107 -13.7873 3
      vertex -1.56505 -14.2873 0
      vertex -1.56505 -14.2873 3
    endloop
  endfacet
  facet normal 0.707078 -0.707136 0
    outer loop
      vertex -3.2971 -13.2873 3
      vertex -2.93107 -12.9213 0
      vertex -2.93107 -12.9213 3
    endloop
  endfacet
  facet normal 0.707078 -0.707136 0
    outer loop
      vertex -2.93107 -12.9213 0
      vertex -3.2971 -13.2873 3
      vertex -3.2971 -13.2873 0
    endloop
  endfacet
  facet normal -0.258865 0.965914 0
    outer loop
      vertex -1.93107 -14.6533 0
      vertex -2.43107 -14.7873 3
      vertex -1.93107 -14.6533 3
    endloop
  endfacet
  facet normal -0.258865 0.965914 0
    outer loop
      vertex -2.43107 -14.7873 3
      vertex -1.93107 -14.6533 0
      vertex -2.43107 -14.7873 0
    endloop
  endfacet
  facet normal 0.965928 0.258811 0
    outer loop
      vertex -3.2971 -14.2873 3
      vertex -3.43107 -13.7873 0
      vertex -3.43107 -13.7873 3
    endloop
  endfacet
  facet normal 0.965928 0.258811 0
    outer loop
      vertex -3.43107 -13.7873 0
      vertex -3.2971 -14.2873 3
      vertex -3.2971 -14.2873 0
    endloop
  endfacet
  facet normal -0.707078 -0.707136 0
    outer loop
      vertex 3.2971 -13.2873 0
      vertex 2.93107 -12.9213 3
      vertex 2.93107 -12.9213 0
    endloop
  endfacet
  facet normal -0.707078 -0.707136 0
    outer loop
      vertex 2.93107 -12.9213 3
      vertex 3.2971 -13.2873 0
      vertex 3.2971 -13.2873 3
    endloop
  endfacet
  facet normal -0.965928 -0.258811 0
    outer loop
      vertex 3.43107 -13.7873 0
      vertex 3.2971 -13.2873 3
      vertex 3.2971 -13.2873 0
    endloop
  endfacet
  facet normal -0.965928 -0.258811 0
    outer loop
      vertex 3.2971 -13.2873 3
      vertex 3.43107 -13.7873 0
      vertex 3.43107 -13.7873 3
    endloop
  endfacet
  facet normal -0.258865 -0.965914 0
    outer loop
      vertex 2.43107 -12.7873 0
      vertex 2.93107 -12.9213 3
      vertex 2.43107 -12.7873 3
    endloop
  endfacet
  facet normal -0.258865 -0.965914 -0
    outer loop
      vertex 2.93107 -12.9213 3
      vertex 2.43107 -12.7873 0
      vertex 2.93107 -12.9213 0
    endloop
  endfacet
  facet normal 0.258865 -0.965914 0
    outer loop
      vertex 1.93107 -12.9213 0
      vertex 2.43107 -12.7873 3
      vertex 1.93107 -12.9213 3
    endloop
  endfacet
  facet normal 0.258865 -0.965914 0
    outer loop
      vertex 2.43107 -12.7873 3
      vertex 1.93107 -12.9213 0
      vertex 2.43107 -12.7873 0
    endloop
  endfacet
  facet normal -0.707078 0.707136 0
    outer loop
      vertex 2.93107 -14.6533 0
      vertex 3.2971 -14.2873 3
      vertex 3.2971 -14.2873 0
    endloop
  endfacet
  facet normal -0.707078 0.707136 0
    outer loop
      vertex 3.2971 -14.2873 3
      vertex 2.93107 -14.6533 0
      vertex 2.93107 -14.6533 3
    endloop
  endfacet
  facet normal 0.707087 -0.707126 0
    outer loop
      vertex 1.56505 -13.2873 0
      vertex 1.93107 -12.9213 3
      vertex 1.56505 -13.2873 3
    endloop
  endfacet
  facet normal 0.707087 -0.707126 0
    outer loop
      vertex 1.93107 -12.9213 3
      vertex 1.56505 -13.2873 0
      vertex 1.93107 -12.9213 0
    endloop
  endfacet
  facet normal 0.965923 -0.258829 0
    outer loop
      vertex 1.43107 -13.7873 3
      vertex 1.56505 -13.2873 0
      vertex 1.56505 -13.2873 3
    endloop
  endfacet
  facet normal 0.965923 -0.258829 0
    outer loop
      vertex 1.56505 -13.2873 0
      vertex 1.43107 -13.7873 3
      vertex 1.43107 -13.7873 0
    endloop
  endfacet
  facet normal 0.707087 0.707126 0
    outer loop
      vertex 1.93107 -14.6533 3
      vertex 1.56505 -14.2873 0
      vertex 1.56505 -14.2873 3
    endloop
  endfacet
  facet normal 0.707087 0.707126 0
    outer loop
      vertex 1.56505 -14.2873 0
      vertex 1.93107 -14.6533 3
      vertex 1.93107 -14.6533 0
    endloop
  endfacet
  facet normal -0.965928 0.258811 0
    outer loop
      vertex 3.2971 -14.2873 0
      vertex 3.43107 -13.7873 3
      vertex 3.43107 -13.7873 0
    endloop
  endfacet
  facet normal -0.965928 0.258811 0
    outer loop
      vertex 3.43107 -13.7873 3
      vertex 3.2971 -14.2873 0
      vertex 3.2971 -14.2873 3
    endloop
  endfacet
  facet normal 0.965923 0.258829 0
    outer loop
      vertex 1.56505 -14.2873 3
      vertex 1.43107 -13.7873 0
      vertex 1.43107 -13.7873 3
    endloop
  endfacet
  facet normal 0.965923 0.258829 0
    outer loop
      vertex 1.43107 -13.7873 0
      vertex 1.56505 -14.2873 3
      vertex 1.56505 -14.2873 0
    endloop
  endfacet
  facet normal -0.258865 0.965914 0
    outer loop
      vertex 2.93107 -14.6533 0
      vertex 2.43107 -14.7873 3
      vertex 2.93107 -14.6533 3
    endloop
  endfacet
  facet normal -0.258865 0.965914 0
    outer loop
      vertex 2.43107 -14.7873 3
      vertex 2.93107 -14.6533 0
      vertex 2.43107 -14.7873 0
    endloop
  endfacet
  facet normal 0.258865 0.965914 -0
    outer loop
      vertex 2.43107 -14.7873 0
      vertex 1.93107 -14.6533 3
      vertex 2.43107 -14.7873 3
    endloop
  endfacet
  facet normal 0.258865 0.965914 0
    outer loop
      vertex 1.93107 -14.6533 3
      vertex 2.43107 -14.7873 0
      vertex 1.93107 -14.6533 0
    endloop
  endfacet
  facet normal 0.707078 0.707136 -0
    outer loop
      vertex 6.5 -12.9904 0
      vertex 6.13397 -12.6244 3
      vertex 6.5 -12.9904 3
    endloop
  endfacet
  facet normal 0.707078 0.707136 0
    outer loop
      vertex 6.13397 -12.6244 3
      vertex 6.5 -12.9904 0
      vertex 6.13397 -12.6244 0
    endloop
  endfacet
  facet normal -0.707184 -0.70703 0
    outer loop
      vertex 7.86602 -11.6244 0
      vertex 7.5 -11.2583 3
      vertex 7.5 -11.2583 0
    endloop
  endfacet
  facet normal -0.707184 -0.70703 0
    outer loop
      vertex 7.5 -11.2583 3
      vertex 7.86602 -11.6244 0
      vertex 7.86602 -11.6244 3
    endloop
  endfacet
  facet normal -0.965923 -0.258829 0
    outer loop
      vertex 8 -12.1244 0
      vertex 7.86602 -11.6244 3
      vertex 7.86602 -11.6244 0
    endloop
  endfacet
  facet normal -0.965923 -0.258829 0
    outer loop
      vertex 7.86602 -11.6244 3
      vertex 8 -12.1244 0
      vertex 8 -12.1244 3
    endloop
  endfacet
  facet normal -0.965923 0.258829 0
    outer loop
      vertex 7.86602 -12.6244 0
      vertex 8 -12.1244 3
      vertex 8 -12.1244 0
    endloop
  endfacet
  facet normal -0.965923 0.258829 0
    outer loop
      vertex 8 -12.1244 3
      vertex 7.86602 -12.6244 0
      vertex 7.86602 -12.6244 3
    endloop
  endfacet
  facet normal 0.965928 -0.258811 0
    outer loop
      vertex 6 -12.1244 3
      vertex 6.13397 -11.6244 0
      vertex 6.13397 -11.6244 3
    endloop
  endfacet
  facet normal 0.965928 -0.258811 0
    outer loop
      vertex 6.13397 -11.6244 0
      vertex 6 -12.1244 3
      vertex 6 -12.1244 0
    endloop
  endfacet
  facet normal 0.258865 0.965914 -0
    outer loop
      vertex 7 -13.1244 0
      vertex 6.5 -12.9904 3
      vertex 7 -13.1244 3
    endloop
  endfacet
  facet normal 0.258865 0.965914 0
    outer loop
      vertex 6.5 -12.9904 3
      vertex 7 -13.1244 0
      vertex 6.5 -12.9904 0
    endloop
  endfacet
  facet normal 0.707174 -0.707039 0
    outer loop
      vertex 6.13397 -11.6244 3
      vertex 6.5 -11.2583 0
      vertex 6.5 -11.2583 3
    endloop
  endfacet
  facet normal 0.707174 -0.707039 0
    outer loop
      vertex 6.5 -11.2583 0
      vertex 6.13397 -11.6244 3
      vertex 6.13397 -11.6244 0
    endloop
  endfacet
  facet normal -0.258865 0.965914 0
    outer loop
      vertex 7.5 -12.9904 0
      vertex 7 -13.1244 3
      vertex 7.5 -12.9904 3
    endloop
  endfacet
  facet normal -0.258865 0.965914 0
    outer loop
      vertex 7 -13.1244 3
      vertex 7.5 -12.9904 0
      vertex 7 -13.1244 0
    endloop
  endfacet
  facet normal 0.258685 -0.965962 0
    outer loop
      vertex 6.5 -11.2583 0
      vertex 7 -11.1244 3
      vertex 6.5 -11.2583 3
    endloop
  endfacet
  facet normal 0.258685 -0.965962 0
    outer loop
      vertex 7 -11.1244 3
      vertex 6.5 -11.2583 0
      vertex 7 -11.1244 0
    endloop
  endfacet
  facet normal 0.965928 0.258811 0
    outer loop
      vertex 6.13397 -12.6244 3
      vertex 6 -12.1244 0
      vertex 6 -12.1244 3
    endloop
  endfacet
  facet normal 0.965928 0.258811 0
    outer loop
      vertex 6 -12.1244 0
      vertex 6.13397 -12.6244 3
      vertex 6.13397 -12.6244 0
    endloop
  endfacet
  facet normal -0.707087 0.707126 0
    outer loop
      vertex 7.5 -12.9904 0
      vertex 7.86602 -12.6244 3
      vertex 7.86602 -12.6244 0
    endloop
  endfacet
  facet normal -0.707087 0.707126 0
    outer loop
      vertex 7.86602 -12.6244 3
      vertex 7.5 -12.9904 0
      vertex 7.5 -12.9904 3
    endloop
  endfacet
  facet normal -0.258685 -0.965962 0
    outer loop
      vertex 7 -11.1244 0
      vertex 7.5 -11.2583 3
      vertex 7 -11.1244 3
    endloop
  endfacet
  facet normal -0.258685 -0.965962 -0
    outer loop
      vertex 7.5 -11.2583 3
      vertex 7 -11.1244 0
      vertex 7.5 -11.2583 0
    endloop
  endfacet
  facet normal 0.707126 0.707087 -0
    outer loop
      vertex 10.2246 -9.86505 0
      vertex 9.8586 -9.49903 3
      vertex 10.2246 -9.86505 3
    endloop
  endfacet
  facet normal 0.707126 0.707087 0
    outer loop
      vertex 9.8586 -9.49903 3
      vertex 10.2246 -9.86505 0
      vertex 9.8586 -9.49903 0
    endloop
  endfacet
  facet normal -0.707136 -0.707078 0
    outer loop
      vertex 11.5906 -8.49903 0
      vertex 11.2246 -8.133 3
      vertex 11.2246 -8.133 0
    endloop
  endfacet
  facet normal -0.707136 -0.707078 0
    outer loop
      vertex 11.2246 -8.133 3
      vertex 11.5906 -8.49903 0
      vertex 11.5906 -8.49903 3
    endloop
  endfacet
  facet normal -0.965914 -0.258865 0
    outer loop
      vertex 11.7246 -8.99903 0
      vertex 11.5906 -8.49903 3
      vertex 11.5906 -8.49903 0
    endloop
  endfacet
  facet normal -0.965914 -0.258865 0
    outer loop
      vertex 11.5906 -8.49903 3
      vertex 11.7246 -8.99903 0
      vertex 11.7246 -8.99903 3
    endloop
  endfacet
  facet normal -0.965914 0.258865 0
    outer loop
      vertex 11.5906 -9.49903 0
      vertex 11.7246 -8.99903 3
      vertex 11.7246 -8.99903 0
    endloop
  endfacet
  facet normal -0.965914 0.258865 0
    outer loop
      vertex 11.7246 -8.99903 3
      vertex 11.5906 -9.49903 0
      vertex 11.5906 -9.49903 3
    endloop
  endfacet
  facet normal -0.258811 -0.965928 0
    outer loop
      vertex 10.7246 -7.99903 0
      vertex 11.2246 -8.133 3
      vertex 10.7246 -7.99903 3
    endloop
  endfacet
  facet normal -0.258811 -0.965928 -0
    outer loop
      vertex 11.2246 -8.133 3
      vertex 10.7246 -7.99903 0
      vertex 11.2246 -8.133 0
    endloop
  endfacet
  facet normal 0.965923 -0.258829 0
    outer loop
      vertex 9.72462 -8.99903 3
      vertex 9.8586 -8.49903 0
      vertex 9.8586 -8.49903 3
    endloop
  endfacet
  facet normal 0.965923 -0.258829 0
    outer loop
      vertex 9.8586 -8.49903 0
      vertex 9.72462 -8.99903 3
      vertex 9.72462 -8.99903 0
    endloop
  endfacet
  facet normal 0.258829 0.965923 -0
    outer loop
      vertex 10.7246 -9.99903 0
      vertex 10.2246 -9.86505 3
      vertex 10.7246 -9.99903 3
    endloop
  endfacet
  facet normal 0.258829 0.965923 0
    outer loop
      vertex 10.2246 -9.86505 3
      vertex 10.7246 -9.99903 0
      vertex 10.2246 -9.86505 0
    endloop
  endfacet
  facet normal 0.707136 -0.707078 0
    outer loop
      vertex 9.8586 -8.49903 3
      vertex 10.2246 -8.133 0
      vertex 10.2246 -8.133 3
    endloop
  endfacet
  facet normal 0.707136 -0.707078 0
    outer loop
      vertex 10.2246 -8.133 0
      vertex 9.8586 -8.49903 3
      vertex 9.8586 -8.49903 0
    endloop
  endfacet
  facet normal -0.258829 0.965923 0
    outer loop
      vertex 11.2246 -9.86505 0
      vertex 10.7246 -9.99903 3
      vertex 11.2246 -9.86505 3
    endloop
  endfacet
  facet normal -0.258829 0.965923 0
    outer loop
      vertex 10.7246 -9.99903 3
      vertex 11.2246 -9.86505 0
      vertex 10.7246 -9.99903 0
    endloop
  endfacet
  facet normal 0.258811 -0.965928 0
    outer loop
      vertex 10.2246 -8.133 0
      vertex 10.7246 -7.99903 3
      vertex 10.2246 -8.133 3
    endloop
  endfacet
  facet normal 0.258811 -0.965928 0
    outer loop
      vertex 10.7246 -7.99903 3
      vertex 10.2246 -8.133 0
      vertex 10.7246 -7.99903 0
    endloop
  endfacet
  facet normal 0.965923 0.258829 0
    outer loop
      vertex 9.8586 -9.49903 3
      vertex 9.72462 -8.99903 0
      vertex 9.72462 -8.99903 3
    endloop
  endfacet
  facet normal 0.965923 0.258829 0
    outer loop
      vertex 9.72462 -8.99903 0
      vertex 9.8586 -9.49903 3
      vertex 9.8586 -9.49903 0
    endloop
  endfacet
  facet normal -0.707126 0.707087 0
    outer loop
      vertex 11.2246 -9.86505 0
      vertex 11.5906 -9.49903 3
      vertex 11.5906 -9.49903 0
    endloop
  endfacet
  facet normal -0.707126 0.707087 0
    outer loop
      vertex 11.5906 -9.49903 3
      vertex 11.2246 -9.86505 0
      vertex 11.2246 -9.86505 3
    endloop
  endfacet
  facet normal -0.707126 -0.707087 0
    outer loop
      vertex 13.6557 -3.92226 0
      vertex 14.0217 -4.28828 3
      vertex 13.6557 -3.92226 3
    endloop
  endfacet
  facet normal -0.707126 -0.707087 -0
    outer loop
      vertex 14.0217 -4.28828 3
      vertex 13.6557 -3.92226 0
      vertex 14.0217 -4.28828 0
    endloop
  endfacet
  facet normal -0.965914 -0.258865 0
    outer loop
      vertex 14.1557 -4.78828 0
      vertex 14.0217 -4.28828 3
      vertex 14.0217 -4.28828 0
    endloop
  endfacet
  facet normal -0.965914 -0.258865 0
    outer loop
      vertex 14.0217 -4.28828 3
      vertex 14.1557 -4.78828 0
      vertex 14.1557 -4.78828 3
    endloop
  endfacet
  facet normal -0.258829 -0.965923 0
    outer loop
      vertex 13.1557 -3.78828 0
      vertex 13.6557 -3.92226 3
      vertex 13.1557 -3.78828 3
    endloop
  endfacet
  facet normal -0.258829 -0.965923 -0
    outer loop
      vertex 13.6557 -3.92226 3
      vertex 13.1557 -3.78828 0
      vertex 13.6557 -3.92226 0
    endloop
  endfacet
  facet normal -0.707136 0.707078 0
    outer loop
      vertex 13.6557 -5.65431 0
      vertex 14.0217 -5.28828 3
      vertex 14.0217 -5.28828 0
    endloop
  endfacet
  facet normal -0.707136 0.707078 0
    outer loop
      vertex 14.0217 -5.28828 3
      vertex 13.6557 -5.65431 0
      vertex 13.6557 -5.65431 3
    endloop
  endfacet
  facet normal 0.258811 0.965928 -0
    outer loop
      vertex 13.1557 -5.78828 0
      vertex 12.6557 -5.65431 3
      vertex 13.1557 -5.78828 3
    endloop
  endfacet
  facet normal 0.258811 0.965928 0
    outer loop
      vertex 12.6557 -5.65431 3
      vertex 13.1557 -5.78828 0
      vertex 12.6557 -5.65431 0
    endloop
  endfacet
  facet normal 0.258829 -0.965923 0
    outer loop
      vertex 12.6557 -3.92226 0
      vertex 13.1557 -3.78828 3
      vertex 12.6557 -3.92226 3
    endloop
  endfacet
  facet normal 0.258829 -0.965923 0
    outer loop
      vertex 13.1557 -3.78828 3
      vertex 12.6557 -3.92226 0
      vertex 13.1557 -3.78828 0
    endloop
  endfacet
  facet normal 0.707136 0.707078 0
    outer loop
      vertex 12.6557 -5.65431 3
      vertex 12.2897 -5.28828 0
      vertex 12.2897 -5.28828 3
    endloop
  endfacet
  facet normal 0.707136 0.707078 0
    outer loop
      vertex 12.2897 -5.28828 0
      vertex 12.6557 -5.65431 3
      vertex 12.6557 -5.65431 0
    endloop
  endfacet
  facet normal 0.965914 -0.258865 0
    outer loop
      vertex 12.1557 -4.78828 3
      vertex 12.2897 -4.28828 0
      vertex 12.2897 -4.28828 3
    endloop
  endfacet
  facet normal 0.965914 -0.258865 0
    outer loop
      vertex 12.2897 -4.28828 0
      vertex 12.1557 -4.78828 3
      vertex 12.1557 -4.78828 0
    endloop
  endfacet
  facet normal -0.965914 0.258865 0
    outer loop
      vertex 14.0217 -5.28828 0
      vertex 14.1557 -4.78828 3
      vertex 14.1557 -4.78828 0
    endloop
  endfacet
  facet normal -0.965914 0.258865 0
    outer loop
      vertex 14.1557 -4.78828 3
      vertex 14.0217 -5.28828 0
      vertex 14.0217 -5.28828 3
    endloop
  endfacet
  facet normal 0.707126 -0.707087 0
    outer loop
      vertex 12.2897 -4.28828 3
      vertex 12.6557 -3.92226 0
      vertex 12.6557 -3.92226 3
    endloop
  endfacet
  facet normal 0.707126 -0.707087 0
    outer loop
      vertex 12.6557 -3.92226 0
      vertex 12.2897 -4.28828 3
      vertex 12.2897 -4.28828 0
    endloop
  endfacet
  facet normal -0.258811 0.965928 0
    outer loop
      vertex 13.6557 -5.65431 0
      vertex 13.1557 -5.78828 3
      vertex 13.6557 -5.65431 3
    endloop
  endfacet
  facet normal -0.258811 0.965928 0
    outer loop
      vertex 13.1557 -5.78828 3
      vertex 13.6557 -5.65431 0
      vertex 13.1557 -5.78828 0
    endloop
  endfacet
  facet normal 0.965914 0.258865 0
    outer loop
      vertex 12.2897 -5.28828 3
      vertex 12.1557 -4.78828 0
      vertex 12.1557 -4.78828 3
    endloop
  endfacet
  facet normal 0.965914 0.258865 0
    outer loop
      vertex 12.1557 -4.78828 0
      vertex 12.2897 -5.28828 3
      vertex 12.2897 -5.28828 0
    endloop
  endfacet
  facet normal -0.671584 -0.740928 0
    outer loop
      vertex -14.1421 -14.1421 0
      vertex -12.6879 -15.4602 3
      vertex -14.1421 -14.1421 3
    endloop
  endfacet
  facet normal -0.671584 -0.740928 -0
    outer loop
      vertex -12.6879 -15.4602 3
      vertex -14.1421 -14.1421 0
      vertex -12.6879 -15.4602 0
    endloop
  endfacet
  facet normal -0.941547 0.336882 0
    outer loop
      vertex -19.1388 5.80569 0
      vertex -18.4776 7.65367 3
      vertex -18.4776 7.65367 0
    endloop
  endfacet
  facet normal -0.941547 0.336882 0
    outer loop
      vertex -18.4776 7.65367 3
      vertex -19.1388 5.80569 0
      vertex -19.1388 5.80569 3
    endloop
  endfacet
  facet normal 0.989176 0.146736 0
    outer loop
      vertex 19.9037 1.96034 3
      vertex 19.6157 3.90181 0
      vertex 19.6157 3.90181 3
    endloop
  endfacet
  facet normal 0.989176 0.146736 0
    outer loop
      vertex 19.6157 3.90181 0
      vertex 19.9037 1.96034 3
      vertex 19.9037 1.96034 0
    endloop
  endfacet
  facet normal 0.998796 0.049065 0
    outer loop
      vertex 20 0 3
      vertex 19.9037 1.96034 0
      vertex 19.9037 1.96034 3
    endloop
  endfacet
  facet normal 0.998796 0.049065 0
    outer loop
      vertex 19.9037 1.96034 0
      vertex 20 0 3
      vertex 20 0 0
    endloop
  endfacet
  facet normal -0.51409 -0.857736 0
    outer loop
      vertex -11.1114 -16.6294 0
      vertex -9.42793 -17.6384 3
      vertex -11.1114 -16.6294 3
    endloop
  endfacet
  facet normal -0.51409 -0.857736 -0
    outer loop
      vertex -9.42793 -17.6384 3
      vertex -11.1114 -16.6294 0
      vertex -9.42793 -17.6384 0
    endloop
  endfacet
  facet normal 0.671584 0.740928 -0
    outer loop
      vertex 14.1421 14.1421 0
      vertex 12.6879 15.4602 3
      vertex 14.1421 14.1421 3
    endloop
  endfacet
  facet normal 0.671584 0.740928 0
    outer loop
      vertex 12.6879 15.4602 3
      vertex 14.1421 14.1421 0
      vertex 12.6879 15.4602 0
    endloop
  endfacet
  facet normal -0.146736 -0.989176 0
    outer loop
      vertex -3.90181 -19.6157 0
      vertex -1.96034 -19.9037 3
      vertex -3.90181 -19.6157 3
    endloop
  endfacet
  facet normal -0.146736 -0.989176 -0
    outer loop
      vertex -1.96034 -19.9037 3
      vertex -3.90181 -19.6157 0
      vertex -1.96034 -19.9037 0
    endloop
  endfacet
  facet normal 0.740928 0.671584 0
    outer loop
      vertex 15.4602 12.6879 3
      vertex 14.1421 14.1421 0
      vertex 14.1421 14.1421 3
    endloop
  endfacet
  facet normal 0.740928 0.671584 0
    outer loop
      vertex 14.1421 14.1421 0
      vertex 15.4602 12.6879 3
      vertex 15.4602 12.6879 0
    endloop
  endfacet
  facet normal 0.427571 0.903982 -0
    outer loop
      vertex 9.42793 17.6384 0
      vertex 7.65367 18.4776 3
      vertex 9.42793 17.6384 3
    endloop
  endfacet
  facet normal 0.427571 0.903982 0
    outer loop
      vertex 7.65367 18.4776 3
      vertex 9.42793 17.6384 0
      vertex 7.65367 18.4776 0
    endloop
  endfacet
  facet normal 0.049065 -0.998796 0
    outer loop
      vertex 0 -20 0
      vertex 1.96034 -19.9037 3
      vertex 0 -20 3
    endloop
  endfacet
  facet normal 0.049065 -0.998796 0
    outer loop
      vertex 1.96034 -19.9037 3
      vertex 0 -20 0
      vertex 1.96034 -19.9037 0
    endloop
  endfacet
  facet normal -0.740928 0.671584 0
    outer loop
      vertex -15.4602 12.6879 0
      vertex -14.1421 14.1421 3
      vertex -14.1421 14.1421 0
    endloop
  endfacet
  facet normal -0.740928 0.671584 0
    outer loop
      vertex -14.1421 14.1421 3
      vertex -15.4602 12.6879 0
      vertex -15.4602 12.6879 3
    endloop
  endfacet
  facet normal 0.989176 -0.146736 0
    outer loop
      vertex 19.6157 -3.90181 3
      vertex 19.9037 -1.96034 0
      vertex 19.9037 -1.96034 3
    endloop
  endfacet
  facet normal 0.989176 -0.146736 0
    outer loop
      vertex 19.9037 -1.96034 0
      vertex 19.6157 -3.90181 3
      vertex 19.6157 -3.90181 0
    endloop
  endfacet
  facet normal 0.903982 0.427571 0
    outer loop
      vertex 18.4776 7.65367 3
      vertex 17.6384 9.42793 0
      vertex 17.6384 9.42793 3
    endloop
  endfacet
  facet normal 0.903982 0.427571 0
    outer loop
      vertex 17.6384 9.42793 0
      vertex 18.4776 7.65367 3
      vertex 18.4776 7.65367 0
    endloop
  endfacet
  facet normal -0.242982 0.970031 0
    outer loop
      vertex -3.90181 19.6157 0
      vertex -5.80569 19.1388 3
      vertex -3.90181 19.6157 3
    endloop
  endfacet
  facet normal -0.242982 0.970031 0
    outer loop
      vertex -5.80569 19.1388 3
      vertex -3.90181 19.6157 0
      vertex -5.80569 19.1388 0
    endloop
  endfacet
  facet normal -0.80321 0.595695 0
    outer loop
      vertex -16.6294 11.1114 0
      vertex -15.4602 12.6879 3
      vertex -15.4602 12.6879 0
    endloop
  endfacet
  facet normal -0.80321 0.595695 0
    outer loop
      vertex -15.4602 12.6879 3
      vertex -16.6294 11.1114 0
      vertex -16.6294 11.1114 3
    endloop
  endfacet
  facet normal 0.242982 0.970031 -0
    outer loop
      vertex 5.80569 19.1388 0
      vertex 3.90181 19.6157 3
      vertex 5.80569 19.1388 3
    endloop
  endfacet
  facet normal 0.242982 0.970031 0
    outer loop
      vertex 3.90181 19.6157 3
      vertex 5.80569 19.1388 0
      vertex 3.90181 19.6157 0
    endloop
  endfacet
  facet normal 0.336882 0.941547 -0
    outer loop
      vertex 7.65367 18.4776 0
      vertex 5.80569 19.1388 3
      vertex 7.65367 18.4776 3
    endloop
  endfacet
  facet normal 0.336882 0.941547 0
    outer loop
      vertex 5.80569 19.1388 3
      vertex 7.65367 18.4776 0
      vertex 5.80569 19.1388 0
    endloop
  endfacet
  facet normal 0.941547 0.336882 0
    outer loop
      vertex 19.1388 5.80569 3
      vertex 18.4776 7.65367 0
      vertex 18.4776 7.65367 3
    endloop
  endfacet
  facet normal 0.941547 0.336882 0
    outer loop
      vertex 18.4776 7.65367 0
      vertex 19.1388 5.80569 3
      vertex 19.1388 5.80569 0
    endloop
  endfacet
  facet normal 0.595695 0.80321 -0
    outer loop
      vertex 12.6879 15.4602 0
      vertex 11.1114 16.6294 3
      vertex 12.6879 15.4602 3
    endloop
  endfacet
  facet normal 0.595695 0.80321 0
    outer loop
      vertex 11.1114 16.6294 3
      vertex 12.6879 15.4602 0
      vertex 11.1114 16.6294 0
    endloop
  endfacet
  facet normal -0.857736 -0.51409 0
    outer loop
      vertex -16.6294 -11.1114 0
      vertex -17.6384 -9.42793 3
      vertex -17.6384 -9.42793 0
    endloop
  endfacet
  facet normal -0.857736 -0.51409 0
    outer loop
      vertex -17.6384 -9.42793 3
      vertex -16.6294 -11.1114 0
      vertex -16.6294 -11.1114 3
    endloop
  endfacet
  facet normal 0.51409 0.857736 -0
    outer loop
      vertex 11.1114 16.6294 0
      vertex 9.42793 17.6384 3
      vertex 11.1114 16.6294 3
    endloop
  endfacet
  facet normal 0.51409 0.857736 0
    outer loop
      vertex 9.42793 17.6384 3
      vertex 11.1114 16.6294 0
      vertex 9.42793 17.6384 0
    endloop
  endfacet
  facet normal 0.941547 -0.336882 0
    outer loop
      vertex 18.4776 -7.65367 3
      vertex 19.1388 -5.80569 0
      vertex 19.1388 -5.80569 3
    endloop
  endfacet
  facet normal 0.941547 -0.336882 0
    outer loop
      vertex 19.1388 -5.80569 0
      vertex 18.4776 -7.65367 3
      vertex 18.4776 -7.65367 0
    endloop
  endfacet
  facet normal -0.857736 0.51409 0
    outer loop
      vertex -17.6384 9.42793 0
      vertex -16.6294 11.1114 3
      vertex -16.6294 11.1114 0
    endloop
  endfacet
  facet normal -0.857736 0.51409 0
    outer loop
      vertex -16.6294 11.1114 3
      vertex -17.6384 9.42793 0
      vertex -17.6384 9.42793 3
    endloop
  endfacet
  facet normal -0.970031 -0.242982 0
    outer loop
      vertex -19.1388 -5.80569 0
      vertex -19.6157 -3.90181 3
      vertex -19.6157 -3.90181 0
    endloop
  endfacet
  facet normal -0.970031 -0.242982 0
    outer loop
      vertex -19.6157 -3.90181 3
      vertex -19.1388 -5.80569 0
      vertex -19.1388 -5.80569 3
    endloop
  endfacet
  facet normal 0.049065 0.998796 -0
    outer loop
      vertex 1.96034 19.9037 0
      vertex 0 20 3
      vertex 1.96034 19.9037 3
    endloop
  endfacet
  facet normal 0.049065 0.998796 0
    outer loop
      vertex 0 20 3
      vertex 1.96034 19.9037 0
      vertex 0 20 0
    endloop
  endfacet
  facet normal 0.857736 0.51409 0
    outer loop
      vertex 17.6384 9.42793 3
      vertex 16.6294 11.1114 0
      vertex 16.6294 11.1114 3
    endloop
  endfacet
  facet normal 0.857736 0.51409 0
    outer loop
      vertex 16.6294 11.1114 0
      vertex 17.6384 9.42793 3
      vertex 17.6384 9.42793 0
    endloop
  endfacet
  facet normal -0.941547 -0.336882 0
    outer loop
      vertex -18.4776 -7.65367 0
      vertex -19.1388 -5.80569 3
      vertex -19.1388 -5.80569 0
    endloop
  endfacet
  facet normal -0.941547 -0.336882 0
    outer loop
      vertex -19.1388 -5.80569 3
      vertex -18.4776 -7.65367 0
      vertex -18.4776 -7.65367 3
    endloop
  endfacet
  facet normal -0.671584 0.740928 0
    outer loop
      vertex -12.6879 15.4602 0
      vertex -14.1421 14.1421 3
      vertex -12.6879 15.4602 3
    endloop
  endfacet
  facet normal -0.671584 0.740928 0
    outer loop
      vertex -14.1421 14.1421 3
      vertex -12.6879 15.4602 0
      vertex -14.1421 14.1421 0
    endloop
  endfacet
  facet normal 0.970031 -0.242982 0
    outer loop
      vertex 19.1388 -5.80569 3
      vertex 19.6157 -3.90181 0
      vertex 19.6157 -3.90181 3
    endloop
  endfacet
  facet normal 0.970031 -0.242982 0
    outer loop
      vertex 19.6157 -3.90181 0
      vertex 19.1388 -5.80569 3
      vertex 19.1388 -5.80569 0
    endloop
  endfacet
  facet normal 0 0 -1
    outer loop
      vertex -13.134 -0.5 0
      vertex -10.1994 -0.5 0
      vertex -12.6557 -3.92226 0
    endloop
  endfacet
  facet normal 0 0 -1
    outer loop
      vertex -10.3333 0 0
      vertex -12.2897 4.28828 0
      vertex -12.1557 4.78828 0
    endloop
  endfacet
  facet normal 0 0 -1
    outer loop
      vertex -10.1994 -0.5 0
      vertex -13.134 -0.5 0
      vertex -10.3333 0 0
    endloop
  endfacet
  facet normal 0 0 -1
    outer loop
      vertex -13.134 0.5 0
      vertex -10.3333 0 0
      vertex -13 0 0
    endloop
  endfacet
  facet normal 0 -0 -1
    outer loop
      vertex -12.6557 3.92226 0
      vertex -10.3333 0 0
      vertex -13.134 0.5 0
    endloop
  endfacet
  facet normal -0 0 -1
    outer loop
      vertex -10.3333 0 0
      vertex -13.134 -0.5 0
      vertex -13 0 0
    endloop
  endfacet
  facet normal 0 0 -1
    outer loop
      vertex -13.5 -0.866025 0
      vertex -12.6557 -3.92226 0
      vertex -13.1557 -3.78828 0
    endloop
  endfacet
  facet normal 0 0 -1
    outer loop
      vertex -12.6557 -3.92226 0
      vertex -13.5 -0.866025 0
      vertex -13.134 -0.5 0
    endloop
  endfacet
  facet normal 0 0 -1
    outer loop
      vertex -14 -1 0
      vertex -13.1557 -3.78828 0
      vertex -13.6557 -3.92226 0
    endloop
  endfacet
  facet normal 0 0 -1
    outer loop
      vertex -13.1557 -3.78828 0
      vertex -14 -1 0
      vertex -13.5 -0.866025 0
    endloop
  endfacet
  facet normal 0 0 -1
    outer loop
      vertex -14.5 -0.866025 0
      vertex -13.6557 -3.92226 0
      vertex -14.0217 -4.28828 0
    endloop
  endfacet
  facet normal 0 0 -1
    outer loop
      vertex -19.6157 -3.90181 0
      vertex -14.0217 -4.28828 0
      vertex -14.1557 -4.78828 0
    endloop
  endfacet
  facet normal 0 0 -1
    outer loop
      vertex -13.6557 -3.92226 0
      vertex -14.5 -0.866025 0
      vertex -14 -1 0
    endloop
  endfacet
  facet normal 0 0 -1
    outer loop
      vertex -10.3333 0 0
      vertex -12.6557 3.92226 0
      vertex -12.2897 4.28828 0
    endloop
  endfacet
  facet normal 0 0 -1
    outer loop
      vertex -13.5 0.866025 0
      vertex -12.6557 3.92226 0
      vertex -13.134 0.5 0
    endloop
  endfacet
  facet normal 0 0 -1
    outer loop
      vertex -12.6557 3.92226 0
      vertex -13.5 0.866025 0
      vertex -13.1557 3.78828 0
    endloop
  endfacet
  facet normal 0 0 -1
    outer loop
      vertex -14 1 0
      vertex -13.1557 3.78828 0
      vertex -13.5 0.866025 0
    endloop
  endfacet
  facet normal -0 0 -1
    outer loop
      vertex -13.1557 3.78828 0
      vertex -14 1 0
      vertex -13.6557 3.92226 0
    endloop
  endfacet
  facet normal 0 0 -1
    outer loop
      vertex -14.5 0.866025 0
      vertex -13.6557 3.92226 0
      vertex -14 1 0
    endloop
  endfacet
  facet normal -0 0 -1
    outer loop
      vertex -13.6557 3.92226 0
      vertex -14.5 0.866025 0
      vertex -14.0217 4.28828 0
    endloop
  endfacet
  facet normal 0 0 -1
    outer loop
      vertex -19.6157 3.90181 0
      vertex -14.0217 4.28828 0
      vertex -14.5 0.866025 0
    endloop
  endfacet
  facet normal 0 0 -1
    outer loop
      vertex -7.5 -11.2583 0
      vertex -9.8586 -9.49903 0
      vertex -9.72462 -8.99903 0
    endloop
  endfacet
  facet normal 0 0 -1
    outer loop
      vertex -8 -12.1244 0
      vertex -10.2246 -9.86505 0
      vertex -9.8586 -9.49903 0
    endloop
  endfacet
  facet normal -0 0 -1
    outer loop
      vertex -7.86602 -12.6244 0
      vertex -12.6879 -15.4602 0
      vertex -8 -12.1244 0
    endloop
  endfacet
  facet normal 0 0 -1
    outer loop
      vertex -8 -12.1244 0
      vertex -10.7246 -9.99903 0
      vertex -10.2246 -9.86505 0
    endloop
  endfacet
  facet normal -0 0 -1
    outer loop
      vertex -8 -12.1244 0
      vertex -12.6879 -15.4602 0
      vertex -10.7246 -9.99903 0
    endloop
  endfacet
  facet normal 0 0 -1
    outer loop
      vertex -14.1421 -14.1421 0
      vertex -10.7246 -9.99903 0
      vertex -12.6879 -15.4602 0
    endloop
  endfacet
  facet normal -0 0 -1
    outer loop
      vertex -10.7246 -9.99903 0
      vertex -14.1421 -14.1421 0
      vertex -11.2246 -9.86505 0
    endloop
  endfacet
  facet normal -0 0 -1
    outer loop
      vertex -10.7246 7.99903 0
      vertex -12.2897 5.28828 0
      vertex -11.2246 8.133 0
    endloop
  endfacet
  facet normal 0 0 -1
    outer loop
      vertex -15.4602 -12.6879 0
      vertex -11.2246 -9.86505 0
      vertex -14.1421 -14.1421 0
    endloop
  endfacet
  facet normal 0 0 -1
    outer loop
      vertex -11.5906 -8.49903 0
      vertex -12.2897 -5.28828 0
      vertex -12.1557 -4.78828 0
    endloop
  endfacet
  facet normal 0 0 -1
    outer loop
      vertex -11.5906 -8.49903 0
      vertex -12.6557 -5.65431 0
      vertex -12.2897 -5.28828 0
    endloop
  endfacet
  facet normal -0 0 -1
    outer loop
      vertex -11.2246 -9.86505 0
      vertex -15.4602 -12.6879 0
      vertex -11.5906 -9.49903 0
    endloop
  endfacet
  facet normal 0 0 -1
    outer loop
      vertex -16.6294 -11.1114 0
      vertex -11.5906 -9.49903 0
      vertex -15.4602 -12.6879 0
    endloop
  endfacet
  facet normal -0 0 -1
    outer loop
      vertex -11.5906 -9.49903 0
      vertex -16.6294 -11.1114 0
      vertex -11.7246 -8.99903 0
    endloop
  endfacet
  facet normal 0 0 -1
    outer loop
      vertex -11.5906 -8.49903 0
      vertex -13.1557 -5.78828 0
      vertex -12.6557 -5.65431 0
    endloop
  endfacet
  facet normal 0 0 -1
    outer loop
      vertex -17.6384 -9.42793 0
      vertex -11.7246 -8.99903 0
      vertex -16.6294 -11.1114 0
    endloop
  endfacet
  facet normal 0 0 -1
    outer loop
      vertex -11.7246 -8.99903 0
      vertex -13.6557 -5.65431 0
      vertex -13.1557 -5.78828 0
    endloop
  endfacet
  facet normal -0 0 -1
    outer loop
      vertex -11.7246 -8.99903 0
      vertex -17.6384 -9.42793 0
      vertex -13.6557 -5.65431 0
    endloop
  endfacet
  facet normal 0 0 -1
    outer loop
      vertex -18.4776 -7.65367 0
      vertex -13.6557 -5.65431 0
      vertex -17.6384 -9.42793 0
    endloop
  endfacet
  facet normal -0 0 -1
    outer loop
      vertex -13.6557 -5.65431 0
      vertex -18.4776 -7.65367 0
      vertex -14.0217 -5.28828 0
    endloop
  endfacet
  facet normal 0 0 -1
    outer loop
      vertex -19.1388 -5.80569 0
      vertex -14.0217 -5.28828 0
      vertex -18.4776 -7.65367 0
    endloop
  endfacet
  facet normal -0 0 -1
    outer loop
      vertex -7.86602 11.6244 0
      vertex -10.2246 9.86505 0
      vertex -8 12.1244 0
    endloop
  endfacet
  facet normal 0 0 -1
    outer loop
      vertex -10.7246 9.99903 0
      vertex -8 12.1244 0
      vertex -10.2246 9.86505 0
    endloop
  endfacet
  facet normal 0 0 -1
    outer loop
      vertex -12.6879 15.4602 0
      vertex -8 12.1244 0
      vertex -10.7246 9.99903 0
    endloop
  endfacet
  facet normal 0 0 -1
    outer loop
      vertex -8 12.1244 0
      vertex -11.1114 16.6294 0
      vertex -9.42793 17.6384 0
    endloop
  endfacet
  facet normal 0 0 -1
    outer loop
      vertex -14.1421 14.1421 0
      vertex -10.7246 9.99903 0
      vertex -11.2246 9.86505 0
    endloop
  endfacet
  facet normal 0 0 -1
    outer loop
      vertex -15.4602 12.6879 0
      vertex -11.2246 9.86505 0
      vertex -11.5906 9.49903 0
    endloop
  endfacet
  facet normal 0 0 -1
    outer loop
      vertex -16.6294 11.1114 0
      vertex -11.5906 9.49903 0
      vertex -11.7246 8.99903 0
    endloop
  endfacet
  facet normal 0 0 -1
    outer loop
      vertex -12.6557 5.65431 0
      vertex -11.2246 8.133 0
      vertex -12.2897 5.28828 0
    endloop
  endfacet
  facet normal -0 0 -1
    outer loop
      vertex -11.2246 8.133 0
      vertex -12.6557 5.65431 0
      vertex -11.5906 8.49903 0
    endloop
  endfacet
  facet normal 0 0 -1
    outer loop
      vertex -13.1557 5.78828 0
      vertex -11.5906 8.49903 0
      vertex -12.6557 5.65431 0
    endloop
  endfacet
  facet normal -0 0 -1
    outer loop
      vertex -11.5906 8.49903 0
      vertex -13.1557 5.78828 0
      vertex -11.7246 8.99903 0
    endloop
  endfacet
  facet normal 0 0 -1
    outer loop
      vertex -8 12.1244 0
      vertex -12.6879 15.4602 0
      vertex -11.1114 16.6294 0
    endloop
  endfacet
  facet normal 0 0 -1
    outer loop
      vertex -13.6557 5.65431 0
      vertex -11.7246 8.99903 0
      vertex -13.1557 5.78828 0
    endloop
  endfacet
  facet normal 0 0 -1
    outer loop
      vertex -17.6384 9.42793 0
      vertex -11.7246 8.99903 0
      vertex -13.6557 5.65431 0
    endloop
  endfacet
  facet normal 0 0 -1
    outer loop
      vertex -18.4776 7.65367 0
      vertex -13.6557 5.65431 0
      vertex -14.0217 5.28828 0
    endloop
  endfacet
  facet normal 0 0 -1
    outer loop
      vertex -10.7246 9.99903 0
      vertex -14.1421 14.1421 0
      vertex -12.6879 15.4602 0
    endloop
  endfacet
  facet normal 0 0 -1
    outer loop
      vertex -19.1388 5.80569 0
      vertex -14.0217 5.28828 0
      vertex -14.1557 4.78828 0
    endloop
  endfacet
  facet normal -0 0 -1
    outer loop
      vertex -14.0217 4.28828 0
      vertex -19.6157 3.90181 0
      vertex -14.1557 4.78828 0
    endloop
  endfacet
  facet normal 0 0 -1
    outer loop
      vertex -19.6157 3.90181 0
      vertex -14.5 0.866025 0
      vertex -14.866 0.5 0
    endloop
  endfacet
  facet normal 0 0 -1
    outer loop
      vertex -19.9037 1.96034 0
      vertex -14.866 0.5 0
      vertex -15 0 0
    endloop
  endfacet
  facet normal 0 0 -1
    outer loop
      vertex -11.2246 9.86505 0
      vertex -15.4602 12.6879 0
      vertex -14.1421 14.1421 0
    endloop
  endfacet
  facet normal -0 0 -1
    outer loop
      vertex -14.0217 -5.28828 0
      vertex -19.1388 -5.80569 0
      vertex -14.1557 -4.78828 0
    endloop
  endfacet
  facet normal 0 0 -1
    outer loop
      vertex -19.6157 -3.90181 0
      vertex -14.1557 -4.78828 0
      vertex -19.1388 -5.80569 0
    endloop
  endfacet
  facet normal 0 0 -1
    outer loop
      vertex -11.5906 9.49903 0
      vertex -16.6294 11.1114 0
      vertex -15.4602 12.6879 0
    endloop
  endfacet
  facet normal 0 0 -1
    outer loop
      vertex -14.0217 -4.28828 0
      vertex -19.6157 -3.90181 0
      vertex -14.5 -0.866025 0
    endloop
  endfacet
  facet normal 0 0 -1
    outer loop
      vertex -11.7246 8.99903 0
      vertex -17.6384 9.42793 0
      vertex -16.6294 11.1114 0
    endloop
  endfacet
  facet normal -0 0 -1
    outer loop
      vertex -14.5 -0.866025 0
      vertex -19.6157 -3.90181 0
      vertex -14.866 -0.5 0
    endloop
  endfacet
  facet normal 0 0 -1
    outer loop
      vertex -13.6557 5.65431 0
      vertex -18.4776 7.65367 0
      vertex -17.6384 9.42793 0
    endloop
  endfacet
  facet normal 0 0 -1
    outer loop
      vertex -19.9037 -1.96034 0
      vertex -14.866 -0.5 0
      vertex -19.6157 -3.90181 0
    endloop
  endfacet
  facet normal 0 0 -1
    outer loop
      vertex -14.0217 5.28828 0
      vertex -19.1388 5.80569 0
      vertex -18.4776 7.65367 0
    endloop
  endfacet
  facet normal -0 0 -1
    outer loop
      vertex -14.866 -0.5 0
      vertex -19.9037 -1.96034 0
      vertex -15 0 0
    endloop
  endfacet
  facet normal -0 0 -1
    outer loop
      vertex -14.1557 4.78828 0
      vertex -19.6157 3.90181 0
      vertex -19.1388 5.80569 0
    endloop
  endfacet
  facet normal 0 0 -1
    outer loop
      vertex -20 0 0
      vertex -15 0 0
      vertex -19.9037 -1.96034 0
    endloop
  endfacet
  facet normal 0 0 -1
    outer loop
      vertex -14.866 0.5 0
      vertex -19.9037 1.96034 0
      vertex -19.6157 3.90181 0
    endloop
  endfacet
  facet normal 0 0 -1
    outer loop
      vertex -15 0 0
      vertex -20 0 0
      vertex -19.9037 1.96034 0
    endloop
  endfacet
  facet normal 0 0 -1
    outer loop
      vertex -7.5829 3.80064 0
      vertex -8.46731 0.5 0
      vertex -8.0829 3.66667 0
    endloop
  endfacet
  facet normal 0 0 -1
    outer loop
      vertex -8.83333 0.866025 0
      vertex -8.0829 3.66667 0
      vertex -8.46731 0.5 0
    endloop
  endfacet
  facet normal -0 0 -1
    outer loop
      vertex -8.0829 3.66667 0
      vertex -8.83333 0.866025 0
      vertex -8.5829 3.80064 0
    endloop
  endfacet
  facet normal 0 0 -1
    outer loop
      vertex -9.33333 1 0
      vertex -8.5829 3.80064 0
      vertex -8.83333 0.866025 0
    endloop
  endfacet
  facet normal -0 0 -1
    outer loop
      vertex -8.5829 3.80064 0
      vertex -9.33333 1 0
      vertex -8.94893 4.16667 0
    endloop
  endfacet
  facet normal 0 0 -1
    outer loop
      vertex -9.83333 0.866025 0
      vertex -8.94893 4.16667 0
      vertex -9.33333 1 0
    endloop
  endfacet
  facet normal 0 0 -1
    outer loop
      vertex -8.46731 -0.5 0
      vertex -5.53269 -0.5 0
      vertex -7.5829 -3.80064 0
    endloop
  endfacet
  facet normal 0 0 -1
    outer loop
      vertex -5.66667 0 0
      vertex -7.21688 4.16667 0
      vertex -7.0829 4.66667 0
    endloop
  endfacet
  facet normal 0 0 -1
    outer loop
      vertex -5.53269 -0.5 0
      vertex -8.46731 -0.5 0
      vertex -5.66667 0 0
    endloop
  endfacet
  facet normal 0 0 -1
    outer loop
      vertex -8.46731 0.5 0
      vertex -5.66667 0 0
      vertex -8.33333 0 0
    endloop
  endfacet
  facet normal 0 0 -1
    outer loop
      vertex -8.46731 -0.5 0
      vertex -7.5829 -3.80064 0
      vertex -8.0829 -3.66667 0
    endloop
  endfacet
  facet normal 0 0 -1
    outer loop
      vertex -5.66667 0 0
      vertex -7.5829 3.80064 0
      vertex -7.21688 4.16667 0
    endloop
  endfacet
  facet normal 0 0 -1
    outer loop
      vertex -5.66667 0 0
      vertex -8.46731 0.5 0
      vertex -7.5829 3.80064 0
    endloop
  endfacet
  facet normal -0 0 -1
    outer loop
      vertex -5.66667 0 0
      vertex -8.46731 -0.5 0
      vertex -8.33333 0 0
    endloop
  endfacet
  facet normal 0 0 -1
    outer loop
      vertex -8.83333 -0.866025 0
      vertex -8.0829 -3.66667 0
      vertex -8.5829 -3.80064 0
    endloop
  endfacet
  facet normal 0 0 -1
    outer loop
      vertex -8.0829 -3.66667 0
      vertex -8.83333 -0.866025 0
      vertex -8.46731 -0.5 0
    endloop
  endfacet
  facet normal 0 0 -1
    outer loop
      vertex -9.33333 -1 0
      vertex -8.5829 -3.80064 0
      vertex -8.94893 -4.16667 0
    endloop
  endfacet
  facet normal 0 0 -1
    outer loop
      vertex -12.2897 -4.28828 0
      vertex -9.0829 -4.66667 0
      vertex -12.1557 -4.78828 0
    endloop
  endfacet
  facet normal 0 0 -1
    outer loop
      vertex -8.5829 -3.80064 0
      vertex -9.33333 -1 0
      vertex -8.83333 -0.866025 0
    endloop
  endfacet
  facet normal 0 0 -1
    outer loop
      vertex -7.5829 -3.80064 0
      vertex -5.16667 -0.866025 0
      vertex -7.21688 -4.16667 0
    endloop
  endfacet
  facet normal -0 0 -1
    outer loop
      vertex -5.16667 -0.866025 0
      vertex -7.5829 -3.80064 0
      vertex -5.53269 -0.5 0
    endloop
  endfacet
  facet normal 0 0 -1
    outer loop
      vertex -7.21688 -5.16667 0
      vertex -6.13397 -11.6244 0
      vertex -6.5 -11.2583 0
    endloop
  endfacet
  facet normal 0 -0 -1
    outer loop
      vertex -6.13397 11.6244 0
      vertex -5.66667 0 0
      vertex -7.0829 4.66667 0
    endloop
  endfacet
  facet normal 0 0 -1
    outer loop
      vertex -7.5829 -5.53269 0
      vertex -6.5 -11.2583 0
      vertex -7 -11.1244 0
    endloop
  endfacet
  facet normal 0 0 -1
    outer loop
      vertex -5.66667 0 0
      vertex -6.13397 11.6244 0
      vertex -6 12.1244 0
    endloop
  endfacet
  facet normal 0 0 -1
    outer loop
      vertex -7.21688 5.16667 0
      vertex -6.13397 11.6244 0
      vertex -7.0829 4.66667 0
    endloop
  endfacet
  facet normal 0 0 -1
    outer loop
      vertex -6.13397 -11.6244 0
      vertex -7.21688 -5.16667 0
      vertex -7.0829 -4.66667 0
    endloop
  endfacet
  facet normal 0 0 -1
    outer loop
      vertex -9.72462 -8.99903 0
      vertex -7 -11.1244 0
      vertex -7.5 -11.2583 0
    endloop
  endfacet
  facet normal 0 0 -1
    outer loop
      vertex -6.5 -11.2583 0
      vertex -7.5829 -5.53269 0
      vertex -7.21688 -5.16667 0
    endloop
  endfacet
  facet normal 0 0 -1
    outer loop
      vertex -9.8586 -9.49903 0
      vertex -7.5 -11.2583 0
      vertex -7.86602 -11.6244 0
    endloop
  endfacet
  facet normal 0 0 -1
    outer loop
      vertex -9.8586 -9.49903 0
      vertex -7.86602 -11.6244 0
      vertex -8 -12.1244 0
    endloop
  endfacet
  facet normal 0 0 -1
    outer loop
      vertex -7 -11.1244 0
      vertex -9.72462 -8.99903 0
      vertex -7.5829 -5.53269 0
    endloop
  endfacet
  facet normal 0 0 -1
    outer loop
      vertex -6.5 12.9904 0
      vertex -3.43107 13.7873 0
      vertex -6.13397 12.6244 0
    endloop
  endfacet
  facet normal -0 0 -1
    outer loop
      vertex -3.43107 13.7873 0
      vertex -6.5 12.9904 0
      vertex -3.2971 14.2873 0
    endloop
  endfacet
  facet normal 0 0 -1
    outer loop
      vertex -7.65367 18.4776 0
      vertex -3.2971 14.2873 0
      vertex -6.5 12.9904 0
    endloop
  endfacet
  facet normal 0 0 -1
    outer loop
      vertex -7.65367 18.4776 0
      vertex -6.5 12.9904 0
      vertex -7 13.1244 0
    endloop
  endfacet
  facet normal 0 0 -1
    outer loop
      vertex -9.42793 17.6384 0
      vertex -7 13.1244 0
      vertex -7.5 12.9904 0
    endloop
  endfacet
  facet normal 0 0 -1
    outer loop
      vertex -3.2971 14.2873 0
      vertex -7.65367 18.4776 0
      vertex -5.80569 19.1388 0
    endloop
  endfacet
  facet normal 0 0 -1
    outer loop
      vertex -9.42793 17.6384 0
      vertex -7.5 12.9904 0
      vertex -7.86602 12.6244 0
    endloop
  endfacet
  facet normal 0 0 -1
    outer loop
      vertex -9.42793 17.6384 0
      vertex -7.86602 12.6244 0
      vertex -8 12.1244 0
    endloop
  endfacet
  facet normal 0 0 -1
    outer loop
      vertex -9.8586 9.49903 0
      vertex -7.5 11.2583 0
      vertex -9.72462 8.99903 0
    endloop
  endfacet
  facet normal -0 0 -1
    outer loop
      vertex -7.5 11.2583 0
      vertex -9.8586 9.49903 0
      vertex -7.86602 11.6244 0
    endloop
  endfacet
  facet normal 0 0 -1
    outer loop
      vertex -10.2246 8.133 0
      vertex -8.5829 5.53269 0
      vertex -8.94893 5.16667 0
    endloop
  endfacet
  facet normal 0 0 -1
    outer loop
      vertex -12.1557 4.78828 0
      vertex -8.94893 5.16667 0
      vertex -9.0829 4.66667 0
    endloop
  endfacet
  facet normal 0 0 -1
    outer loop
      vertex -10.2246 9.86505 0
      vertex -7.86602 11.6244 0
      vertex -9.8586 9.49903 0
    endloop
  endfacet
  facet normal 0 0 -1
    outer loop
      vertex -12.1557 4.78828 0
      vertex -8.94893 4.16667 0
      vertex -9.83333 0.866025 0
    endloop
  endfacet
  facet normal 0 0 -1
    outer loop
      vertex -7 13.1244 0
      vertex -9.42793 17.6384 0
      vertex -7.65367 18.4776 0
    endloop
  endfacet
  facet normal 0 0 -1
    outer loop
      vertex -12.1557 4.78828 0
      vertex -9.83333 0.866025 0
      vertex -10.1994 0.5 0
    endloop
  endfacet
  facet normal 0 0 -1
    outer loop
      vertex -8.5829 5.53269 0
      vertex -9.8586 8.49903 0
      vertex -9.72462 8.99903 0
    endloop
  endfacet
  facet normal 0 0 -1
    outer loop
      vertex -8.94893 4.16667 0
      vertex -12.1557 4.78828 0
      vertex -9.0829 4.66667 0
    endloop
  endfacet
  facet normal 0 0 -1
    outer loop
      vertex -8.5829 5.53269 0
      vertex -10.2246 8.133 0
      vertex -9.8586 8.49903 0
    endloop
  endfacet
  facet normal 0 0 -1
    outer loop
      vertex -12.1557 4.78828 0
      vertex -10.1994 0.5 0
      vertex -10.3333 0 0
    endloop
  endfacet
  facet normal 0 0 -1
    outer loop
      vertex -12.1557 -4.78828 0
      vertex -11.2246 -8.133 0
      vertex -11.5906 -8.49903 0
    endloop
  endfacet
  facet normal 0 0 -1
    outer loop
      vertex -8.94893 5.16667 0
      vertex -10.7246 7.99903 0
      vertex -10.2246 8.133 0
    endloop
  endfacet
  facet normal -0 0 -1
    outer loop
      vertex -8.94893 -4.16667 0
      vertex -12.2897 -4.28828 0
      vertex -9.83333 -0.866025 0
    endloop
  endfacet
  facet normal 0 0 -1
    outer loop
      vertex -12.2897 5.28828 0
      vertex -8.94893 5.16667 0
      vertex -12.1557 4.78828 0
    endloop
  endfacet
  facet normal 0 0 -1
    outer loop
      vertex -12.6557 -3.92226 0
      vertex -9.83333 -0.866025 0
      vertex -12.2897 -4.28828 0
    endloop
  endfacet
  facet normal 0 0 -1
    outer loop
      vertex -8.94893 5.16667 0
      vertex -12.2897 5.28828 0
      vertex -10.7246 7.99903 0
    endloop
  endfacet
  facet normal 0 0 -1
    outer loop
      vertex -13.1557 -5.78828 0
      vertex -11.5906 -8.49903 0
      vertex -11.7246 -8.99903 0
    endloop
  endfacet
  facet normal -0 0 -1
    outer loop
      vertex -9.83333 -0.866025 0
      vertex -12.6557 -3.92226 0
      vertex -10.1994 -0.5 0
    endloop
  endfacet
  facet normal 0 0 -1
    outer loop
      vertex -6.13397 11.6244 0
      vertex -7.21688 5.16667 0
      vertex -6.5 11.2583 0
    endloop
  endfacet
  facet normal 0 0 -1
    outer loop
      vertex -7.5829 5.53269 0
      vertex -6.5 11.2583 0
      vertex -7.21688 5.16667 0
    endloop
  endfacet
  facet normal 0 0 -1
    outer loop
      vertex -6.5 11.2583 0
      vertex -7.5829 5.53269 0
      vertex -7 11.1244 0
    endloop
  endfacet
  facet normal 0 0 -1
    outer loop
      vertex -9.72462 8.99903 0
      vertex -7.5829 5.53269 0
      vertex -8.0829 5.66667 0
    endloop
  endfacet
  facet normal 0 0 -1
    outer loop
      vertex -7.5829 5.53269 0
      vertex -9.72462 8.99903 0
      vertex -7 11.1244 0
    endloop
  endfacet
  facet normal 0 0 -1
    outer loop
      vertex -9.72462 8.99903 0
      vertex -8.0829 5.66667 0
      vertex -8.5829 5.53269 0
    endloop
  endfacet
  facet normal -0 0 -1
    outer loop
      vertex -7 11.1244 0
      vertex -9.72462 8.99903 0
      vertex -7.5 11.2583 0
    endloop
  endfacet
  facet normal 0 0 -1
    outer loop
      vertex -4.16667 0.866025 0
      vertex -3.33333 4.04145 0
      vertex -3.80064 0.5 0
    endloop
  endfacet
  facet normal 0 0 -1
    outer loop
      vertex -3.33333 4.04145 0
      vertex -3.80064 7.5829 0
      vertex -3.66667 8.0829 0
    endloop
  endfacet
  facet normal 0 0 -1
    outer loop
      vertex -4.66667 1 0
      vertex -3.33333 4.04145 0
      vertex -4.16667 0.866025 0
    endloop
  endfacet
  facet normal 0 0 -1
    outer loop
      vertex -3.33333 4.04145 0
      vertex -4.16667 7.21688 0
      vertex -3.80064 7.5829 0
    endloop
  endfacet
  facet normal 0 0 -1
    outer loop
      vertex -5.16667 0.866025 0
      vertex -3.33333 4.04145 0
      vertex -4.66667 1 0
    endloop
  endfacet
  facet normal 0 0 -1
    outer loop
      vertex -3.33333 4.04145 0
      vertex -4.66667 7.0829 0
      vertex -4.16667 7.21688 0
    endloop
  endfacet
  facet normal 0 0 -1
    outer loop
      vertex -5.16667 7.21688 0
      vertex -3.33333 4.04145 0
      vertex -5.16667 0.866025 0
    endloop
  endfacet
  facet normal 0 0 -1
    outer loop
      vertex -3.33333 4.04145 0
      vertex -5.16667 7.21688 0
      vertex -4.66667 7.0829 0
    endloop
  endfacet
  facet normal 0 0 -1
    outer loop
      vertex -5.53269 0.5 0
      vertex -5.16667 7.21688 0
      vertex -5.16667 0.866025 0
    endloop
  endfacet
  facet normal 0 0 -1
    outer loop
      vertex -5.53269 0.5 0
      vertex -5.53269 7.5829 0
      vertex -5.16667 7.21688 0
    endloop
  endfacet
  facet normal 0 0 -1
    outer loop
      vertex -5.66667 0 0
      vertex -5.53269 7.5829 0
      vertex -5.53269 0.5 0
    endloop
  endfacet
  facet normal -0 0 -1
    outer loop
      vertex -5.53269 7.5829 0
      vertex -5.66667 0 0
      vertex -5.66667 8.0829 0
    endloop
  endfacet
  facet normal 0 0 -1
    outer loop
      vertex -4.66667 -7.0829 0
      vertex -3.19936 -4.54145 0
      vertex -4.16667 -7.21688 0
    endloop
  endfacet
  facet normal 0 0 -1
    outer loop
      vertex -3.33333 -4.04145 0
      vertex -3.80064 -0.5 0
      vertex -3.66667 0 0
    endloop
  endfacet
  facet normal 0 0 -1
    outer loop
      vertex -7.0829 -4.66667 0
      vertex -3.19936 -4.54145 0
      vertex -4.66667 -7.0829 0
    endloop
  endfacet
  facet normal 0 0 -1
    outer loop
      vertex -3.33333 -4.04145 0
      vertex -4.16667 -0.866025 0
      vertex -3.80064 -0.5 0
    endloop
  endfacet
  facet normal 0 0 -1
    outer loop
      vertex -7.0829 -4.66667 0
      vertex -4.66667 -7.0829 0
      vertex -5.16667 -7.21688 0
    endloop
  endfacet
  facet normal 0 0 -1
    outer loop
      vertex -3.33333 -4.04145 0
      vertex -4.66667 -1 0
      vertex -4.16667 -0.866025 0
    endloop
  endfacet
  facet normal -0 0 -1
    outer loop
      vertex -3.19936 -4.54145 0
      vertex -7.0829 -4.66667 0
      vertex -3.33333 -4.04145 0
    endloop
  endfacet
  facet normal 0 0 -1
    outer loop
      vertex -7.21688 -4.16667 0
      vertex -3.33333 -4.04145 0
      vertex -7.0829 -4.66667 0
    endloop
  endfacet
  facet normal 0 0 -1
    outer loop
      vertex -7.0829 -4.66667 0
      vertex -5.16667 -7.21688 0
      vertex -5.53269 -7.5829 0
    endloop
  endfacet
  facet normal -0 0 -1
    outer loop
      vertex -3.33333 -4.04145 0
      vertex -7.21688 -4.16667 0
      vertex -4.66667 -1 0
    endloop
  endfacet
  facet normal 0 0 -1
    outer loop
      vertex -7.0829 -4.66667 0
      vertex -5.53269 -7.5829 0
      vertex -5.66667 -8.0829 0
    endloop
  endfacet
  facet normal -0 0 -1
    outer loop
      vertex -4.66667 -1 0
      vertex -7.21688 -4.16667 0
      vertex -5.16667 -0.866025 0
    endloop
  endfacet
  facet normal 0 0 -1
    outer loop
      vertex -3.66667 8.0829 0
      vertex -0.5 8.46731 0
      vertex -2.33333 5.04145 0
    endloop
  endfacet
  facet normal 0 0 -1
    outer loop
      vertex -1 9.33333 0
      vertex -1.56505 13.2873 0
      vertex -1.43107 13.7873 0
    endloop
  endfacet
  facet normal -0 0 -1
    outer loop
      vertex -0.5 8.46731 0
      vertex -3.66667 8.0829 0
      vertex -0.866025 8.83333 0
    endloop
  endfacet
  facet normal 0 0 -1
    outer loop
      vertex -1 9.33333 0
      vertex -1.93107 12.9213 0
      vertex -1.56505 13.2873 0
    endloop
  endfacet
  facet normal -0 0 -1
    outer loop
      vertex -0.866025 8.83333 0
      vertex -3.66667 8.0829 0
      vertex -1 9.33333 0
    endloop
  endfacet
  facet normal 0 0 -1
    outer loop
      vertex -3.80064 8.5829 0
      vertex -1 9.33333 0
      vertex -3.66667 8.0829 0
    endloop
  endfacet
  facet normal 0 0 -1
    outer loop
      vertex -3.66667 8.0829 0
      vertex -2.33333 5.04145 0
      vertex -2.83333 4.90748 0
    endloop
  endfacet
  facet normal 0 0 -1
    outer loop
      vertex -4.16667 8.94893 0
      vertex -1 9.33333 0
      vertex -3.80064 8.5829 0
    endloop
  endfacet
  facet normal 0 0 -1
    outer loop
      vertex -3.66667 8.0829 0
      vertex -2.83333 4.90748 0
      vertex -3.19936 4.54145 0
    endloop
  endfacet
  facet normal 0 0 -1
    outer loop
      vertex -1 9.33333 0
      vertex -2.43107 12.7873 0
      vertex -1.93107 12.9213 0
    endloop
  endfacet
  facet normal 0 0 -1
    outer loop
      vertex -3.66667 8.0829 0
      vertex -3.19936 4.54145 0
      vertex -3.33333 4.04145 0
    endloop
  endfacet
  facet normal -0 0 -1
    outer loop
      vertex -2.83333 -4.90748 0
      vertex -4.16667 -7.21688 0
      vertex -3.19936 -4.54145 0
    endloop
  endfacet
  facet normal 0 0 -1
    outer loop
      vertex -3.80064 0.5 0
      vertex -3.33333 4.04145 0
      vertex -3.66667 0 0
    endloop
  endfacet
  facet normal 0 0 -1
    outer loop
      vertex -2.33333 -3.04145 0
      vertex -0.866025 -0.5 0
      vertex -1.83333 -3.17543 0
    endloop
  endfacet
  facet normal 0 0 -1
    outer loop
      vertex -1 0 0
      vertex -1.46731 3.54145 0
      vertex -1.33333 4.04145 0
    endloop
  endfacet
  facet normal -0 0 -1
    outer loop
      vertex -0.866025 -0.5 0
      vertex -2.33333 -3.04145 0
      vertex -1 0 0
    endloop
  endfacet
  facet normal 0 0 -1
    outer loop
      vertex -1 0 0
      vertex -1.83333 3.17543 0
      vertex -1.46731 3.54145 0
    endloop
  endfacet
  facet normal 0 0 -1
    outer loop
      vertex -2.83333 -3.17543 0
      vertex -1 0 0
      vertex -2.33333 -3.04145 0
    endloop
  endfacet
  facet normal 0 0 -1
    outer loop
      vertex -1 0 0
      vertex -2.33333 3.04145 0
      vertex -1.83333 3.17543 0
    endloop
  endfacet
  facet normal 0 0 -1
    outer loop
      vertex -2.83333 3.17543 0
      vertex -1 0 0
      vertex -2.83333 -3.17543 0
    endloop
  endfacet
  facet normal 0 0 -1
    outer loop
      vertex -1 0 0
      vertex -2.83333 3.17543 0
      vertex -2.33333 3.04145 0
    endloop
  endfacet
  facet normal 0 0 -1
    outer loop
      vertex -3.19936 -3.54145 0
      vertex -2.83333 3.17543 0
      vertex -2.83333 -3.17543 0
    endloop
  endfacet
  facet normal 0 0 -1
    outer loop
      vertex -3.19936 -3.54145 0
      vertex -3.19936 3.54145 0
      vertex -2.83333 3.17543 0
    endloop
  endfacet
  facet normal 0 0 -1
    outer loop
      vertex -3.33333 -4.04145 0
      vertex -3.19936 3.54145 0
      vertex -3.19936 -3.54145 0
    endloop
  endfacet
  facet normal -0 0 -1
    outer loop
      vertex -3.19936 3.54145 0
      vertex -3.33333 -4.04145 0
      vertex -3.33333 4.04145 0
    endloop
  endfacet
  facet normal 0 0 -1
    outer loop
      vertex 0 1 0
      vertex 1.46731 3.54145 0
      vertex 0.5 0.866025 0
    endloop
  endfacet
  facet normal 0 0 -1
    outer loop
      vertex 1.33333 4.04145 0
      vertex 0.866025 8.83333 0
      vertex 1 9.33333 0
    endloop
  endfacet
  facet normal 0 0 -1
    outer loop
      vertex -1.33333 4.04145 0
      vertex 1.46731 3.54145 0
      vertex 0 1 0
    endloop
  endfacet
  facet normal 0 0 -1
    outer loop
      vertex 1.33333 4.04145 0
      vertex 0.5 8.46731 0
      vertex 0.866025 8.83333 0
    endloop
  endfacet
  facet normal 0 0 -1
    outer loop
      vertex 1.46731 3.54145 0
      vertex -1.33333 4.04145 0
      vertex 1.33333 4.04145 0
    endloop
  endfacet
  facet normal 0 0 -1
    outer loop
      vertex -1.46731 4.54145 0
      vertex 1.33333 4.04145 0
      vertex -1.33333 4.04145 0
    endloop
  endfacet
  facet normal 0 0 -1
    outer loop
      vertex -1.33333 4.04145 0
      vertex 0 1 0
      vertex -0.5 0.866025 0
    endloop
  endfacet
  facet normal 0 0 -1
    outer loop
      vertex 1.33333 4.04145 0
      vertex 0 8.33333 0
      vertex 0.5 8.46731 0
    endloop
  endfacet
  facet normal 0 0 -1
    outer loop
      vertex -1.33333 4.04145 0
      vertex -0.5 0.866025 0
      vertex -0.866025 0.5 0
    endloop
  endfacet
  facet normal 0 0 -1
    outer loop
      vertex 1.33333 4.04145 0
      vertex -1.46731 4.54145 0
      vertex 0 8.33333 0
    endloop
  endfacet
  facet normal 0 0 -1
    outer loop
      vertex -1.33333 4.04145 0
      vertex -0.866025 0.5 0
      vertex -1 0 0
    endloop
  endfacet
  facet normal 0 0 -1
    outer loop
      vertex -1.83333 4.90748 0
      vertex 0 8.33333 0
      vertex -1.46731 4.54145 0
    endloop
  endfacet
  facet normal -0 0 -1
    outer loop
      vertex 1.83333 -4.90748 0
      vertex 0 -8.33333 0
      vertex 1.46731 -4.54145 0
    endloop
  endfacet
  facet normal 0 0 -1
    outer loop
      vertex 1.33333 -4.04145 0
      vertex 0.866025 -0.5 0
      vertex 1 0 0
    endloop
  endfacet
  facet normal 0 0 -1
    outer loop
      vertex -1.46731 -4.54145 0
      vertex 1.46731 -4.54145 0
      vertex 0 -8.33333 0
    endloop
  endfacet
  facet normal 0 0 -1
    outer loop
      vertex 1.33333 -4.04145 0
      vertex 0.5 -0.866025 0
      vertex 0.866025 -0.5 0
    endloop
  endfacet
  facet normal 0 0 -1
    outer loop
      vertex 1.46731 -4.54145 0
      vertex -1.46731 -4.54145 0
      vertex 1.33333 -4.04145 0
    endloop
  endfacet
  facet normal 0 0 -1
    outer loop
      vertex -1.46731 -3.54145 0
      vertex 1.33333 -4.04145 0
      vertex -1.33333 -4.04145 0
    endloop
  endfacet
  facet normal 0 0 -1
    outer loop
      vertex -1.83333 -4.90748 0
      vertex 0 -8.33333 0
      vertex -0.5 -8.46731 0
    endloop
  endfacet
  facet normal 0 0 -1
    outer loop
      vertex 1.33333 -4.04145 0
      vertex 0 -1 0
      vertex 0.5 -0.866025 0
    endloop
  endfacet
  facet normal 0 0 -1
    outer loop
      vertex -3.66667 -8.0829 0
      vertex -0.5 -8.46731 0
      vertex -0.866025 -8.83333 0
    endloop
  endfacet
  facet normal 0 0 -1
    outer loop
      vertex 1.33333 -4.04145 0
      vertex -1.46731 -3.54145 0
      vertex 0 -1 0
    endloop
  endfacet
  facet normal 0 0 -1
    outer loop
      vertex -3.66667 -8.0829 0
      vertex -0.866025 -8.83333 0
      vertex -1 -9.33333 0
    endloop
  endfacet
  facet normal -0 0 -1
    outer loop
      vertex 0 -1 0
      vertex -1.46731 -3.54145 0
      vertex -0.5 -0.866025 0
    endloop
  endfacet
  facet normal -0 0 -1
    outer loop
      vertex 1.33333 -4.04145 0
      vertex -1.46731 -4.54145 0
      vertex -1.33333 -4.04145 0
    endloop
  endfacet
  facet normal -0 0 -1
    outer loop
      vertex -0.5 -10.1994 0
      vertex -2.43107 -12.7873 0
      vertex -0.866025 -9.83333 0
    endloop
  endfacet
  facet normal 0 0 -1
    outer loop
      vertex 0 -8.33333 0
      vertex -1.83333 -4.90748 0
      vertex -1.46731 -4.54145 0
    endloop
  endfacet
  facet normal 0 0 -1
    outer loop
      vertex -3.66667 -8.0829 0
      vertex -2.43107 -12.7873 0
      vertex -2.93107 -12.9213 0
    endloop
  endfacet
  facet normal 0 0 -1
    outer loop
      vertex -0.5 -8.46731 0
      vertex -2.33333 -5.04145 0
      vertex -1.83333 -4.90748 0
    endloop
  endfacet
  facet normal 0 0 -1
    outer loop
      vertex -2.43107 -12.7873 0
      vertex -3.66667 -8.0829 0
      vertex -0.866025 -9.83333 0
    endloop
  endfacet
  facet normal 0 0 -1
    outer loop
      vertex -3.80064 -7.5829 0
      vertex -0.5 -8.46731 0
      vertex -3.66667 -8.0829 0
    endloop
  endfacet
  facet normal 0 0 -1
    outer loop
      vertex -0.866025 -9.83333 0
      vertex -3.66667 -8.0829 0
      vertex -1 -9.33333 0
    endloop
  endfacet
  facet normal 0 0 -1
    outer loop
      vertex -0.5 -8.46731 0
      vertex -3.80064 -7.5829 0
      vertex -2.33333 -5.04145 0
    endloop
  endfacet
  facet normal 0 0 -1
    outer loop
      vertex -3.66667 -8.0829 0
      vertex -2.93107 -12.9213 0
      vertex -3.2971 -13.2873 0
    endloop
  endfacet
  facet normal -0 0 -1
    outer loop
      vertex -2.33333 -5.04145 0
      vertex -3.80064 -7.5829 0
      vertex -2.83333 -4.90748 0
    endloop
  endfacet
  facet normal 0 0 -1
    outer loop
      vertex -4.16667 -7.21688 0
      vertex -2.83333 -4.90748 0
      vertex -3.80064 -7.5829 0
    endloop
  endfacet
  facet normal 0 0 -1
    outer loop
      vertex -3.66667 -8.0829 0
      vertex -3.2971 -13.2873 0
      vertex -3.43107 -13.7873 0
    endloop
  endfacet
  facet normal 0 0 -1
    outer loop
      vertex 2.33333 -3.04145 0
      vertex 3.80064 -0.5 0
      vertex 2.83333 -3.17543 0
    endloop
  endfacet
  facet normal 0 0 -1
    outer loop
      vertex 3.66667 0 0
      vertex 3.19936 3.54145 0
      vertex 3.33333 4.04145 0
    endloop
  endfacet
  facet normal 0 0 -1
    outer loop
      vertex 1 0 0
      vertex 3.80064 -0.5 0
      vertex 2.33333 -3.04145 0
    endloop
  endfacet
  facet normal 0 0 -1
    outer loop
      vertex 3.66667 0 0
      vertex 2.83333 3.17543 0
      vertex 3.19936 3.54145 0
    endloop
  endfacet
  facet normal 0 0 -1
    outer loop
      vertex 3.80064 -0.5 0
      vertex 1 0 0
      vertex 3.66667 0 0
    endloop
  endfacet
  facet normal 0 0 -1
    outer loop
      vertex 0.866025 0.5 0
      vertex 3.66667 0 0
      vertex 1 0 0
    endloop
  endfacet
  facet normal 0 0 -1
    outer loop
      vertex 1 0 0
      vertex 2.33333 -3.04145 0
      vertex 1.83333 -3.17543 0
    endloop
  endfacet
  facet normal 0 0 -1
    outer loop
      vertex 3.66667 0 0
      vertex 2.33333 3.04145 0
      vertex 2.83333 3.17543 0
    endloop
  endfacet
  facet normal 0 0 -1
    outer loop
      vertex 1 0 0
      vertex 1.83333 -3.17543 0
      vertex 1.46731 -3.54145 0
    endloop
  endfacet
  facet normal 0 0 -1
    outer loop
      vertex 3.66667 0 0
      vertex 0.866025 0.5 0
      vertex 2.33333 3.04145 0
    endloop
  endfacet
  facet normal 0 0 -1
    outer loop
      vertex 1 0 0
      vertex 1.46731 -3.54145 0
      vertex 1.33333 -4.04145 0
    endloop
  endfacet
  facet normal -0 0 -1
    outer loop
      vertex 2.33333 3.04145 0
      vertex 0.866025 0.5 0
      vertex 1.83333 3.17543 0
    endloop
  endfacet
  facet normal 0 0 -1
    outer loop
      vertex 2.83333 4.90748 0
      vertex 4.16667 7.21688 0
      vertex 3.19936 4.54145 0
    endloop
  endfacet
  facet normal 0 0 -1
    outer loop
      vertex 0.866025 -9.83333 0
      vertex 4.16667 -8.94893 0
      vertex 2.43107 -12.7873 0
    endloop
  endfacet
  facet normal 0 0 -1
    outer loop
      vertex 3.66667 -8.0829 0
      vertex 3.19936 -4.54145 0
      vertex 3.33333 -4.04145 0
    endloop
  endfacet
  facet normal -0 0 -1
    outer loop
      vertex 4.16667 -8.94893 0
      vertex 0.866025 -9.83333 0
      vertex 3.80064 -8.5829 0
    endloop
  endfacet
  facet normal 0 0 -1
    outer loop
      vertex 3.66667 -8.0829 0
      vertex 2.83333 -4.90748 0
      vertex 3.19936 -4.54145 0
    endloop
  endfacet
  facet normal 0 -0 -1
    outer loop
      vertex 1 -9.33333 0
      vertex 3.80064 -8.5829 0
      vertex 0.866025 -9.83333 0
    endloop
  endfacet
  facet normal 0 0 -1
    outer loop
      vertex 0.866025 -8.83333 0
      vertex 3.66667 -8.0829 0
      vertex 1 -9.33333 0
    endloop
  endfacet
  facet normal 0 0 -1
    outer loop
      vertex 0.5 -10.1994 0
      vertex 2.43107 -12.7873 0
      vertex 1.93107 -12.9213 0
    endloop
  endfacet
  facet normal 0 0 -1
    outer loop
      vertex 3.66667 -8.0829 0
      vertex 2.33333 -5.04145 0
      vertex 2.83333 -4.90748 0
    endloop
  endfacet
  facet normal 0 0 -1
    outer loop
      vertex 0 -10.3333 0
      vertex 1.93107 -12.9213 0
      vertex 1.56505 -13.2873 0
    endloop
  endfacet
  facet normal 0 0 -1
    outer loop
      vertex 0.5 -8.46731 0
      vertex 3.66667 -8.0829 0
      vertex 0.866025 -8.83333 0
    endloop
  endfacet
  facet normal 0 0 -1
    outer loop
      vertex -1.43107 -13.7873 0
      vertex 1.56505 -13.2873 0
      vertex 1.43107 -13.7873 0
    endloop
  endfacet
  facet normal -0 0 -1
    outer loop
      vertex 3.66667 -8.0829 0
      vertex 0.5 -8.46731 0
      vertex 2.33333 -5.04145 0
    endloop
  endfacet
  facet normal 0 0 -1
    outer loop
      vertex 4.66667 1 0
      vertex 7.21688 4.16667 0
      vertex 5.16667 0.866025 0
    endloop
  endfacet
  facet normal 0 0 -1
    outer loop
      vertex 7.0829 4.66667 0
      vertex 5.53269 7.5829 0
      vertex 5.66667 8.0829 0
    endloop
  endfacet
  facet normal 0 0 -1
    outer loop
      vertex 3.33333 4.04145 0
      vertex 7.21688 4.16667 0
      vertex 4.66667 1 0
    endloop
  endfacet
  facet normal 0 0 -1
    outer loop
      vertex 7.0829 4.66667 0
      vertex 5.16667 7.21688 0
      vertex 5.53269 7.5829 0
    endloop
  endfacet
  facet normal -0 0 -1
    outer loop
      vertex 7.21688 4.16667 0
      vertex 3.33333 4.04145 0
      vertex 7.0829 4.66667 0
    endloop
  endfacet
  facet normal 0 0 -1
    outer loop
      vertex 7.0829 4.66667 0
      vertex 4.66667 7.0829 0
      vertex 5.16667 7.21688 0
    endloop
  endfacet
  facet normal 0 0 -1
    outer loop
      vertex 3.33333 4.04145 0
      vertex 4.66667 1 0
      vertex 4.16667 0.866025 0
    endloop
  endfacet
  facet normal 0 0 -1
    outer loop
      vertex 3.19936 4.54145 0
      vertex 7.0829 4.66667 0
      vertex 3.33333 4.04145 0
    endloop
  endfacet
  facet normal 0 0 -1
    outer loop
      vertex 3.33333 4.04145 0
      vertex 4.16667 0.866025 0
      vertex 3.80064 0.5 0
    endloop
  endfacet
  facet normal -0 0 -1
    outer loop
      vertex 7.0829 4.66667 0
      vertex 3.19936 4.54145 0
      vertex 4.66667 7.0829 0
    endloop
  endfacet
  facet normal 0 0 -1
    outer loop
      vertex 3.33333 4.04145 0
      vertex 3.80064 0.5 0
      vertex 3.66667 0 0
    endloop
  endfacet
  facet normal -0 0 -1
    outer loop
      vertex 4.66667 7.0829 0
      vertex 3.19936 4.54145 0
      vertex 4.16667 7.21688 0
    endloop
  endfacet
  facet normal -0 0 -1
    outer loop
      vertex 7.21688 -5.16667 0
      vertex 5.16667 -7.21688 0
      vertex 7.0829 -4.66667 0
    endloop
  endfacet
  facet normal 0 0 -1
    outer loop
      vertex 7.0829 -4.66667 0
      vertex 5.53269 -0.5 0
      vertex 5.66667 0 0
    endloop
  endfacet
  facet normal 0 0 -1
    outer loop
      vertex 4.66667 -7.0829 0
      vertex 7.0829 -4.66667 0
      vertex 5.16667 -7.21688 0
    endloop
  endfacet
  facet normal 0 0 -1
    outer loop
      vertex 7.0829 -4.66667 0
      vertex 5.16667 -0.866025 0
      vertex 5.53269 -0.5 0
    endloop
  endfacet
  facet normal 0 0 -1
    outer loop
      vertex 3.33333 -4.04145 0
      vertex 7.0829 -4.66667 0
      vertex 4.66667 -7.0829 0
    endloop
  endfacet
  facet normal 0 0 -1
    outer loop
      vertex 7.0829 -4.66667 0
      vertex 4.66667 -1 0
      vertex 5.16667 -0.866025 0
    endloop
  endfacet
  facet normal 0 0 -1
    outer loop
      vertex 3.33333 -4.04145 0
      vertex 4.66667 -7.0829 0
      vertex 4.16667 -7.21688 0
    endloop
  endfacet
  facet normal 0 0 -1
    outer loop
      vertex 3.19936 -3.54145 0
      vertex 7.0829 -4.66667 0
      vertex 3.33333 -4.04145 0
    endloop
  endfacet
  facet normal 0 0 -1
    outer loop
      vertex 3.33333 -4.04145 0
      vertex 4.16667 -7.21688 0
      vertex 3.80064 -7.5829 0
    endloop
  endfacet
  facet normal 0 0 -1
    outer loop
      vertex 7.0829 -4.66667 0
      vertex 3.19936 -3.54145 0
      vertex 4.66667 -1 0
    endloop
  endfacet
  facet normal 0 0 -1
    outer loop
      vertex 3.33333 -4.04145 0
      vertex 3.80064 -7.5829 0
      vertex 3.66667 -8.0829 0
    endloop
  endfacet
  facet normal -0 0 -1
    outer loop
      vertex 4.66667 -1 0
      vertex 3.19936 -3.54145 0
      vertex 4.16667 -0.866025 0
    endloop
  endfacet
  facet normal 0 0 -1
    outer loop
      vertex 5.16667 8.94893 0
      vertex 6.5 11.2583 0
      vertex 5.53269 8.5829 0
    endloop
  endfacet
  facet normal -0 0 -1
    outer loop
      vertex 6.5 11.2583 0
      vertex 5.16667 8.94893 0
      vertex 6.13397 11.6244 0
    endloop
  endfacet
  facet normal 0 0 -1
    outer loop
      vertex 4.66667 9.0829 0
      vertex 6.13397 11.6244 0
      vertex 5.16667 8.94893 0
    endloop
  endfacet
  facet normal -0 0 -1
    outer loop
      vertex 6.13397 11.6244 0
      vertex 4.66667 9.0829 0
      vertex 6 12.1244 0
    endloop
  endfacet
  facet normal 0 0 -1
    outer loop
      vertex 4.16667 8.94893 0
      vertex 6 12.1244 0
      vertex 4.66667 9.0829 0
    endloop
  endfacet
  facet normal -0 0 -1
    outer loop
      vertex 6 12.1244 0
      vertex 4.16667 8.94893 0
      vertex 3.43107 13.7873 0
    endloop
  endfacet
  facet normal 0 0 -1
    outer loop
      vertex 3.2971 14.2873 0
      vertex 6 12.1244 0
      vertex 3.43107 13.7873 0
    endloop
  endfacet
  facet normal 0 0 -1
    outer loop
      vertex 3.43107 13.7873 0
      vertex 4.16667 8.94893 0
      vertex 3.80064 8.5829 0
    endloop
  endfacet
  facet normal 0 0 -1
    outer loop
      vertex 3.43107 13.7873 0
      vertex 3.80064 8.5829 0
      vertex 3.66667 8.0829 0
    endloop
  endfacet
  facet normal -0 0 -1
    outer loop
      vertex 4.16667 -0.866025 0
      vertex 2.83333 -3.17543 0
      vertex 3.80064 -0.5 0
    endloop
  endfacet
  facet normal 0 0 -1
    outer loop
      vertex 6 12.1244 0
      vertex 3.2971 14.2873 0
      vertex 5.80569 19.1388 0
    endloop
  endfacet
  facet normal 0 0 -1
    outer loop
      vertex 2.93107 14.6533 0
      vertex 5.80569 19.1388 0
      vertex 3.2971 14.2873 0
    endloop
  endfacet
  facet normal -0 0 -1
    outer loop
      vertex 5.80569 19.1388 0
      vertex 2.93107 14.6533 0
      vertex 3.90181 19.6157 0
    endloop
  endfacet
  facet normal 0 0 -1
    outer loop
      vertex 2.43107 14.7873 0
      vertex 3.90181 19.6157 0
      vertex 2.93107 14.6533 0
    endloop
  endfacet
  facet normal 0 0 -1
    outer loop
      vertex 2.43107 14.7873 0
      vertex 1.96034 19.9037 0
      vertex 3.90181 19.6157 0
    endloop
  endfacet
  facet normal 0 0 -1
    outer loop
      vertex 1.93107 14.6533 0
      vertex 1.96034 19.9037 0
      vertex 2.43107 14.7873 0
    endloop
  endfacet
  facet normal 0 0 -1
    outer loop
      vertex -1.93107 14.6533 0
      vertex 1.93107 14.6533 0
      vertex 1.56505 14.2873 0
    endloop
  endfacet
  facet normal 0 0 -1
    outer loop
      vertex -1.56505 14.2873 0
      vertex 1.56505 14.2873 0
      vertex 1.43107 13.7873 0
    endloop
  endfacet
  facet normal 0 0 -1
    outer loop
      vertex 0.5 0.866025 0
      vertex 1.83333 3.17543 0
      vertex 0.866025 0.5 0
    endloop
  endfacet
  facet normal -0 0 -1
    outer loop
      vertex 1.83333 3.17543 0
      vertex 0.5 0.866025 0
      vertex 1.46731 3.54145 0
    endloop
  endfacet
  facet normal 0 0 -1
    outer loop
      vertex 1.33333 4.04145 0
      vertex 1 9.33333 0
      vertex 1.43107 13.7873 0
    endloop
  endfacet
  facet normal 0 0 -1
    outer loop
      vertex 0.866025 9.83333 0
      vertex 1.43107 13.7873 0
      vertex 1 9.33333 0
    endloop
  endfacet
  facet normal 0 0 -1
    outer loop
      vertex 0.5 10.1994 0
      vertex 1.43107 13.7873 0
      vertex 0.866025 9.83333 0
    endloop
  endfacet
  facet normal 0 0 -1
    outer loop
      vertex 0 10.3333 0
      vertex 1.43107 13.7873 0
      vertex 0.5 10.1994 0
    endloop
  endfacet
  facet normal -0 0 -1
    outer loop
      vertex 1.43107 13.7873 0
      vertex 0 10.3333 0
      vertex -1.43107 13.7873 0
    endloop
  endfacet
  facet normal 0 0 -1
    outer loop
      vertex -1.56505 14.2873 0
      vertex 1.43107 13.7873 0
      vertex -1.43107 13.7873 0
    endloop
  endfacet
  facet normal 0 0 -1
    outer loop
      vertex -1.43107 13.7873 0
      vertex 0 10.3333 0
      vertex -0.5 10.1994 0
    endloop
  endfacet
  facet normal 0 0 -1
    outer loop
      vertex -1.43107 13.7873 0
      vertex -0.5 10.1994 0
      vertex -0.866025 9.83333 0
    endloop
  endfacet
  facet normal 0 0 -1
    outer loop
      vertex -1.43107 13.7873 0
      vertex -0.866025 9.83333 0
      vertex -1 9.33333 0
    endloop
  endfacet
  facet normal -0 0 -1
    outer loop
      vertex 0 8.33333 0
      vertex -1.83333 4.90748 0
      vertex -0.5 8.46731 0
    endloop
  endfacet
  facet normal 0 0 -1
    outer loop
      vertex -2.33333 5.04145 0
      vertex -0.5 8.46731 0
      vertex -1.83333 4.90748 0
    endloop
  endfacet
  facet normal 0 0 -1
    outer loop
      vertex 1.56505 14.2873 0
      vertex -1.56505 14.2873 0
      vertex -1.93107 14.6533 0
    endloop
  endfacet
  facet normal 0 0 -1
    outer loop
      vertex 1.93107 14.6533 0
      vertex 0 20 0
      vertex 1.96034 19.9037 0
    endloop
  endfacet
  facet normal 0 0 -1
    outer loop
      vertex 1.93107 14.6533 0
      vertex -1.93107 14.6533 0
      vertex 0 20 0
    endloop
  endfacet
  facet normal 0 0 -1
    outer loop
      vertex -1.93107 14.6533 0
      vertex -1.96034 19.9037 0
      vertex 0 20 0
    endloop
  endfacet
  facet normal 0 0 -1
    outer loop
      vertex -2.43107 14.7873 0
      vertex -1.96034 19.9037 0
      vertex -1.93107 14.6533 0
    endloop
  endfacet
  facet normal 0 0 -1
    outer loop
      vertex -3.90181 19.6157 0
      vertex -2.43107 14.7873 0
      vertex -2.93107 14.6533 0
    endloop
  endfacet
  facet normal 0 0 -1
    outer loop
      vertex -5.80569 19.1388 0
      vertex -2.93107 14.6533 0
      vertex -3.2971 14.2873 0
    endloop
  endfacet
  facet normal -0 0 -1
    outer loop
      vertex -3.2971 13.2873 0
      vertex -6.13397 12.6244 0
      vertex -3.43107 13.7873 0
    endloop
  endfacet
  facet normal -0 0 -1
    outer loop
      vertex -1 9.33333 0
      vertex -4.16667 8.94893 0
      vertex -2.43107 12.7873 0
    endloop
  endfacet
  facet normal -0 0 -1
    outer loop
      vertex -2.43107 12.7873 0
      vertex -4.16667 8.94893 0
      vertex -2.93107 12.9213 0
    endloop
  endfacet
  facet normal 0 0 -1
    outer loop
      vertex -4.66667 9.0829 0
      vertex -2.93107 12.9213 0
      vertex -4.16667 8.94893 0
    endloop
  endfacet
  facet normal 0 0 -1
    outer loop
      vertex -2.43107 14.7873 0
      vertex -3.90181 19.6157 0
      vertex -1.96034 19.9037 0
    endloop
  endfacet
  facet normal 0 0 -1
    outer loop
      vertex -6 12.1244 0
      vertex -2.93107 12.9213 0
      vertex -4.66667 9.0829 0
    endloop
  endfacet
  facet normal 0 0 -1
    outer loop
      vertex -6 12.1244 0
      vertex -4.66667 9.0829 0
      vertex -5.16667 8.94893 0
    endloop
  endfacet
  facet normal -0 0 -1
    outer loop
      vertex -2.93107 12.9213 0
      vertex -6 12.1244 0
      vertex -3.2971 13.2873 0
    endloop
  endfacet
  facet normal 0 0 -1
    outer loop
      vertex -6 12.1244 0
      vertex -5.16667 8.94893 0
      vertex -5.53269 8.5829 0
    endloop
  endfacet
  facet normal 0 0 -1
    outer loop
      vertex -6.13397 12.6244 0
      vertex -3.2971 13.2873 0
      vertex -6 12.1244 0
    endloop
  endfacet
  facet normal 0 0 -1
    outer loop
      vertex -6 12.1244 0
      vertex -5.53269 8.5829 0
      vertex -5.66667 8.0829 0
    endloop
  endfacet
  facet normal 0 0 -1
    outer loop
      vertex -2.93107 14.6533 0
      vertex -5.80569 19.1388 0
      vertex -3.90181 19.6157 0
    endloop
  endfacet
  facet normal 0 0 -1
    outer loop
      vertex -7.0829 -4.66667 0
      vertex -5.66667 -8.0829 0
      vertex -6.13397 -11.6244 0
    endloop
  endfacet
  facet normal 0 0 -1
    outer loop
      vertex -5.66667 0 0
      vertex -6 12.1244 0
      vertex -5.66667 8.0829 0
    endloop
  endfacet
  facet normal 0 0 -1
    outer loop
      vertex -5.80569 -19.1388 0
      vertex -6.13397 -12.6244 0
      vertex -6 -12.1244 0
    endloop
  endfacet
  facet normal 0 0 -1
    outer loop
      vertex -5.80569 -19.1388 0
      vertex -6.5 -12.9904 0
      vertex -6.13397 -12.6244 0
    endloop
  endfacet
  facet normal 0 0 -1
    outer loop
      vertex -7.65367 -18.4776 0
      vertex -6.5 -12.9904 0
      vertex -5.80569 -19.1388 0
    endloop
  endfacet
  facet normal 0 0 -1
    outer loop
      vertex -6.5 -12.9904 0
      vertex -7.65367 -18.4776 0
      vertex -7 -13.1244 0
    endloop
  endfacet
  facet normal 0 0 -1
    outer loop
      vertex -9.42793 -17.6384 0
      vertex -7 -13.1244 0
      vertex -7.65367 -18.4776 0
    endloop
  endfacet
  facet normal -0 0 -1
    outer loop
      vertex -7 -13.1244 0
      vertex -9.42793 -17.6384 0
      vertex -7.5 -12.9904 0
    endloop
  endfacet
  facet normal 0 0 -1
    outer loop
      vertex -11.1114 -16.6294 0
      vertex -7.5 -12.9904 0
      vertex -9.42793 -17.6384 0
    endloop
  endfacet
  facet normal 0 0 -1
    outer loop
      vertex -7.5829 -5.53269 0
      vertex -9.72462 -8.99903 0
      vertex -8.0829 -5.66667 0
    endloop
  endfacet
  facet normal -0 0 -1
    outer loop
      vertex -7.5 -12.9904 0
      vertex -11.1114 -16.6294 0
      vertex -7.86602 -12.6244 0
    endloop
  endfacet
  facet normal 0 0 -1
    outer loop
      vertex -9.8586 -8.49903 0
      vertex -8.0829 -5.66667 0
      vertex -9.72462 -8.99903 0
    endloop
  endfacet
  facet normal -0 0 -1
    outer loop
      vertex -8.0829 -5.66667 0
      vertex -9.8586 -8.49903 0
      vertex -8.5829 -5.53269 0
    endloop
  endfacet
  facet normal 0 0 -1
    outer loop
      vertex -12.6879 -15.4602 0
      vertex -7.86602 -12.6244 0
      vertex -11.1114 -16.6294 0
    endloop
  endfacet
  facet normal 0 0 -1
    outer loop
      vertex -10.2246 -8.133 0
      vertex -8.5829 -5.53269 0
      vertex -9.8586 -8.49903 0
    endloop
  endfacet
  facet normal -0 0 -1
    outer loop
      vertex -8.5829 -5.53269 0
      vertex -10.2246 -8.133 0
      vertex -8.94893 -5.16667 0
    endloop
  endfacet
  facet normal 0 0 -1
    outer loop
      vertex -10.7246 -7.99903 0
      vertex -8.94893 -5.16667 0
      vertex -10.2246 -8.133 0
    endloop
  endfacet
  facet normal 0 0 -1
    outer loop
      vertex -12.1557 -4.78828 0
      vertex -8.94893 -5.16667 0
      vertex -10.7246 -7.99903 0
    endloop
  endfacet
  facet normal 0 0 -1
    outer loop
      vertex -12.1557 -4.78828 0
      vertex -10.7246 -7.99903 0
      vertex -11.2246 -8.133 0
    endloop
  endfacet
  facet normal 0 0 -1
    outer loop
      vertex -8.94893 -4.16667 0
      vertex -9.83333 -0.866025 0
      vertex -9.33333 -1 0
    endloop
  endfacet
  facet normal 0 0 -1
    outer loop
      vertex -9.0829 -4.66667 0
      vertex -12.2897 -4.28828 0
      vertex -8.94893 -4.16667 0
    endloop
  endfacet
  facet normal 0 0 -1
    outer loop
      vertex -8.94893 -5.16667 0
      vertex -12.1557 -4.78828 0
      vertex -9.0829 -4.66667 0
    endloop
  endfacet
  facet normal -0 0 -1
    outer loop
      vertex 4.16667 7.21688 0
      vertex 2.83333 4.90748 0
      vertex 3.80064 7.5829 0
    endloop
  endfacet
  facet normal 0 0 -1
    outer loop
      vertex 3.66667 8.0829 0
      vertex 3.2971 13.2873 0
      vertex 3.43107 13.7873 0
    endloop
  endfacet
  facet normal 0 0 -1
    outer loop
      vertex 2.33333 5.04145 0
      vertex 3.80064 7.5829 0
      vertex 2.83333 4.90748 0
    endloop
  endfacet
  facet normal 0 0 -1
    outer loop
      vertex 3.66667 8.0829 0
      vertex 2.93107 12.9213 0
      vertex 3.2971 13.2873 0
    endloop
  endfacet
  facet normal -0 0 -1
    outer loop
      vertex 3.80064 7.5829 0
      vertex 2.33333 5.04145 0
      vertex 3.66667 8.0829 0
    endloop
  endfacet
  facet normal 0 0 -1
    outer loop
      vertex 3.66667 8.0829 0
      vertex 2.43107 12.7873 0
      vertex 2.93107 12.9213 0
    endloop
  endfacet
  facet normal 0 0 -1
    outer loop
      vertex 1.83333 4.90748 0
      vertex 3.66667 8.0829 0
      vertex 2.33333 5.04145 0
    endloop
  endfacet
  facet normal 0 0 -1
    outer loop
      vertex 3.66667 8.0829 0
      vertex 1.93107 12.9213 0
      vertex 2.43107 12.7873 0
    endloop
  endfacet
  facet normal -0 0 -1
    outer loop
      vertex 3.66667 8.0829 0
      vertex 1.83333 4.90748 0
      vertex 1.93107 12.9213 0
    endloop
  endfacet
  facet normal 0 0 -1
    outer loop
      vertex 1.83333 4.90748 0
      vertex 1.56505 13.2873 0
      vertex 1.93107 12.9213 0
    endloop
  endfacet
  facet normal 0 0 -1
    outer loop
      vertex 1.46731 4.54145 0
      vertex 1.56505 13.2873 0
      vertex 1.83333 4.90748 0
    endloop
  endfacet
  facet normal 0 0 -1
    outer loop
      vertex 1.46731 4.54145 0
      vertex 1.43107 13.7873 0
      vertex 1.56505 13.2873 0
    endloop
  endfacet
  facet normal 0 -0 -1
    outer loop
      vertex 1.43107 13.7873 0
      vertex 1.46731 4.54145 0
      vertex 1.33333 4.04145 0
    endloop
  endfacet
  facet normal 0 0 -1
    outer loop
      vertex 9.72462 8.99903 0
      vertex 7.86602 11.6244 0
      vertex 8 12.1244 0
    endloop
  endfacet
  facet normal -0 0 -1
    outer loop
      vertex 9.8586 8.49903 0
      vertex 5.66667 8.0829 0
      vertex 9.72462 8.99903 0
    endloop
  endfacet
  facet normal 0 0 -1
    outer loop
      vertex 9.72462 8.99903 0
      vertex 7.5 11.2583 0
      vertex 7.86602 11.6244 0
    endloop
  endfacet
  facet normal 0 0 -1
    outer loop
      vertex 5.66667 8.0829 0
      vertex 7.5829 5.53269 0
      vertex 7.21688 5.16667 0
    endloop
  endfacet
  facet normal 0 0 -1
    outer loop
      vertex 5.66667 8.0829 0
      vertex 7.21688 5.16667 0
      vertex 7.0829 4.66667 0
    endloop
  endfacet
  facet normal 0 0 -1
    outer loop
      vertex 9.72462 8.99903 0
      vertex 7 11.1244 0
      vertex 7.5 11.2583 0
    endloop
  endfacet
  facet normal 0 0 -1
    outer loop
      vertex 5.16667 -7.21688 0
      vertex 7.21688 -5.16667 0
      vertex 5.53269 -7.5829 0
    endloop
  endfacet
  facet normal 0 0 -1
    outer loop
      vertex 5.53269 -8.5829 0
      vertex 7 -11.1244 0
      vertex 6.5 -11.2583 0
    endloop
  endfacet
  facet normal 0 0 -1
    outer loop
      vertex 5.16667 0.866025 0
      vertex 7.5829 3.80064 0
      vertex 5.53269 0.5 0
    endloop
  endfacet
  facet normal 0 0 -1
    outer loop
      vertex 5.16667 -8.94893 0
      vertex 6.5 -11.2583 0
      vertex 6.13397 -11.6244 0
    endloop
  endfacet
  facet normal 0 0 -1
    outer loop
      vertex 5.53269 8.5829 0
      vertex 9.72462 8.99903 0
      vertex 5.66667 8.0829 0
    endloop
  endfacet
  facet normal 0 0 -1
    outer loop
      vertex 2.93107 -12.9213 0
      vertex 6 -12.1244 0
      vertex 3.2971 -13.2873 0
    endloop
  endfacet
  facet normal -0 0 -1
    outer loop
      vertex 9.72462 8.99903 0
      vertex 5.53269 8.5829 0
      vertex 7 11.1244 0
    endloop
  endfacet
  facet normal -0 0 -1
    outer loop
      vertex 9.8586 -9.49903 0
      vertex 7.5 -11.2583 0
      vertex 9.72462 -8.99903 0
    endloop
  endfacet
  facet normal 0 0 -1
    outer loop
      vertex 7 -11.1244 0
      vertex 9.72462 -8.99903 0
      vertex 7.5 -11.2583 0
    endloop
  endfacet
  facet normal 0 0 -1
    outer loop
      vertex 5.66667 -8.0829 0
      vertex 9.72462 -8.99903 0
      vertex 7 -11.1244 0
    endloop
  endfacet
  facet normal 0 0 -1
    outer loop
      vertex 9.8586 -8.49903 0
      vertex 5.66667 -8.0829 0
      vertex 8.0829 -5.66667 0
    endloop
  endfacet
  facet normal -0 0 -1
    outer loop
      vertex 8.0829 -5.66667 0
      vertex 5.66667 -8.0829 0
      vertex 7.5829 -5.53269 0
    endloop
  endfacet
  facet normal -0 0 -1
    outer loop
      vertex 7.5829 -5.53269 0
      vertex 5.53269 -7.5829 0
      vertex 7.21688 -5.16667 0
    endloop
  endfacet
  facet normal 0 0 -1
    outer loop
      vertex 5.53269 -7.5829 0
      vertex 7.5829 -5.53269 0
      vertex 5.66667 -8.0829 0
    endloop
  endfacet
  facet normal -0 0 -1
    outer loop
      vertex 12.2897 4.28828 0
      vertex 8.94893 4.16667 0
      vertex 9.0829 4.66667 0
    endloop
  endfacet
  facet normal 0 0 -1
    outer loop
      vertex 8.5829 3.80064 0
      vertex 9.33333 1 0
      vertex 8.83333 0.866025 0
    endloop
  endfacet
  facet normal 0 0 -1
    outer loop
      vertex 9.33333 1 0
      vertex 8.5829 3.80064 0
      vertex 8.94893 4.16667 0
    endloop
  endfacet
  facet normal 0 0 -1
    outer loop
      vertex 8.0829 3.66667 0
      vertex 8.83333 0.866025 0
      vertex 8.46731 0.5 0
    endloop
  endfacet
  facet normal 0 0 -1
    outer loop
      vertex 5.66667 0 0
      vertex 8.46731 0.5 0
      vertex 8.33333 0 0
    endloop
  endfacet
  facet normal 0 0 -1
    outer loop
      vertex 5.66667 0 0
      vertex 8.46731 -0.5 0
      vertex 7.5829 -3.80064 0
    endloop
  endfacet
  facet normal 0 0 -1
    outer loop
      vertex 8.83333 0.866025 0
      vertex 8.0829 3.66667 0
      vertex 8.5829 3.80064 0
    endloop
  endfacet
  facet normal 0 0 -1
    outer loop
      vertex 5.66667 0 0
      vertex 7.5829 -3.80064 0
      vertex 7.21688 -4.16667 0
    endloop
  endfacet
  facet normal 0 0 -1
    outer loop
      vertex 8.46731 0.5 0
      vertex 7.5829 3.80064 0
      vertex 8.0829 3.66667 0
    endloop
  endfacet
  facet normal 0 0 -1
    outer loop
      vertex 8.46731 -0.5 0
      vertex 5.66667 0 0
      vertex 8.33333 0 0
    endloop
  endfacet
  facet normal 0 0 -1
    outer loop
      vertex 5.53269 0.5 0
      vertex 8.46731 0.5 0
      vertex 5.66667 0 0
    endloop
  endfacet
  facet normal 0 0 -1
    outer loop
      vertex 5.66667 0 0
      vertex 7.21688 -4.16667 0
      vertex 7.0829 -4.66667 0
    endloop
  endfacet
  facet normal 0 0 -1
    outer loop
      vertex 8.46731 0.5 0
      vertex 5.53269 0.5 0
      vertex 7.5829 3.80064 0
    endloop
  endfacet
  facet normal 0 0 -1
    outer loop
      vertex 9.83333 -0.866025 0
      vertex 8.94893 -4.16667 0
      vertex 9.33333 -1 0
    endloop
  endfacet
  facet normal 0 0 -1
    outer loop
      vertex 8.5829 -3.80064 0
      vertex 9.33333 -1 0
      vertex 8.94893 -4.16667 0
    endloop
  endfacet
  facet normal -0 0 -1
    outer loop
      vertex 9.33333 -1 0
      vertex 8.5829 -3.80064 0
      vertex 8.83333 -0.866025 0
    endloop
  endfacet
  facet normal 0 0 -1
    outer loop
      vertex 8.0829 -3.66667 0
      vertex 8.83333 -0.866025 0
      vertex 8.5829 -3.80064 0
    endloop
  endfacet
  facet normal -0 0 -1
    outer loop
      vertex 8.83333 -0.866025 0
      vertex 8.0829 -3.66667 0
      vertex 8.46731 -0.5 0
    endloop
  endfacet
  facet normal 0 0 -1
    outer loop
      vertex 7.5829 -3.80064 0
      vertex 8.46731 -0.5 0
      vertex 8.0829 -3.66667 0
    endloop
  endfacet
  facet normal 0 0 -1
    outer loop
      vertex 9.83333 0.866025 0
      vertex 12.6557 3.92226 0
      vertex 10.1994 0.5 0
    endloop
  endfacet
  facet normal 0 0 -1
    outer loop
      vertex 12.1557 4.78828 0
      vertex 11.5906 8.49903 0
      vertex 11.7246 8.99903 0
    endloop
  endfacet
  facet normal 0 0 -1
    outer loop
      vertex 10.1994 -0.5 0
      vertex 11.5906 -8.49903 0
      vertex 11.2246 -8.133 0
    endloop
  endfacet
  facet normal -0 0 -1
    outer loop
      vertex 12.6557 3.92226 0
      vertex 9.83333 0.866025 0
      vertex 12.2897 4.28828 0
    endloop
  endfacet
  facet normal 0 0 -1
    outer loop
      vertex 9.0829 -4.66667 0
      vertex 11.2246 -8.133 0
      vertex 10.7246 -7.99903 0
    endloop
  endfacet
  facet normal 0 0 -1
    outer loop
      vertex 8.94893 4.16667 0
      vertex 12.2897 4.28828 0
      vertex 9.83333 0.866025 0
    endloop
  endfacet
  facet normal 0 0 -1
    outer loop
      vertex 12.1557 4.78828 0
      vertex 11.2246 8.133 0
      vertex 11.5906 8.49903 0
    endloop
  endfacet
  facet normal 0 0 -1
    outer loop
      vertex 8.94893 -5.16667 0
      vertex 10.7246 -7.99903 0
      vertex 10.2246 -8.133 0
    endloop
  endfacet
  facet normal 0 0 -1
    outer loop
      vertex 11.5906 -8.49903 0
      vertex 10.1994 -0.5 0
      vertex 10.3333 0 0
    endloop
  endfacet
  facet normal 0 0 -1
    outer loop
      vertex 8.5829 -5.53269 0
      vertex 10.2246 -8.133 0
      vertex 9.8586 -8.49903 0
    endloop
  endfacet
  facet normal 0 0 -1
    outer loop
      vertex 11.2246 -8.133 0
      vertex 9.0829 -4.66667 0
      vertex 10.1994 -0.5 0
    endloop
  endfacet
  facet normal 0 0 -1
    outer loop
      vertex 5.66667 -8.0829 0
      vertex 9.8586 -8.49903 0
      vertex 9.72462 -8.99903 0
    endloop
  endfacet
  facet normal -0 0 -1
    outer loop
      vertex 10.2246 -9.86505 0
      vertex 7.86602 -11.6244 0
      vertex 9.8586 -9.49903 0
    endloop
  endfacet
  facet normal 0 0 -1
    outer loop
      vertex 10.1994 -0.5 0
      vertex 9.0829 -4.66667 0
      vertex 9.83333 -0.866025 0
    endloop
  endfacet
  facet normal 0 0 -1
    outer loop
      vertex 8.94893 -4.16667 0
      vertex 9.83333 -0.866025 0
      vertex 9.0829 -4.66667 0
    endloop
  endfacet
  facet normal 0 0 -1
    outer loop
      vertex 10.7246 -7.99903 0
      vertex 8.94893 -5.16667 0
      vertex 9.0829 -4.66667 0
    endloop
  endfacet
  facet normal 0 0 -1
    outer loop
      vertex 7.5 -11.2583 0
      vertex 9.8586 -9.49903 0
      vertex 7.86602 -11.6244 0
    endloop
  endfacet
  facet normal 0 0 -1
    outer loop
      vertex 10.2246 -8.133 0
      vertex 8.5829 -5.53269 0
      vertex 8.94893 -5.16667 0
    endloop
  endfacet
  facet normal 0 0 -1
    outer loop
      vertex 9.8586 -8.49903 0
      vertex 8.0829 -5.66667 0
      vertex 8.5829 -5.53269 0
    endloop
  endfacet
  facet normal 0 0 -1
    outer loop
      vertex 9.42793 -17.6384 0
      vertex 7.86602 -12.6244 0
      vertex 8 -12.1244 0
    endloop
  endfacet
  facet normal 0 0 -1
    outer loop
      vertex 7 -13.1244 0
      vertex 9.42793 -17.6384 0
      vertex 7.65367 -18.4776 0
    endloop
  endfacet
  facet normal 0 0 -1
    outer loop
      vertex 9.42793 -17.6384 0
      vertex 7.5 -12.9904 0
      vertex 7.86602 -12.6244 0
    endloop
  endfacet
  facet normal 0 0 -1
    outer loop
      vertex 9.42793 -17.6384 0
      vertex 7 -13.1244 0
      vertex 7.5 -12.9904 0
    endloop
  endfacet
  facet normal 0 0 -1
    outer loop
      vertex 7.65367 -18.4776 0
      vertex 6.5 -12.9904 0
      vertex 7 -13.1244 0
    endloop
  endfacet
  facet normal 0 0 -1
    outer loop
      vertex 3.2971 -14.2873 0
      vertex 6.5 -12.9904 0
      vertex 7.65367 -18.4776 0
    endloop
  endfacet
  facet normal 0 -0 -1
    outer loop
      vertex 3.43107 -13.7873 0
      vertex 6.5 -12.9904 0
      vertex 3.2971 -14.2873 0
    endloop
  endfacet
  facet normal -0 0 -1
    outer loop
      vertex 6.5 -12.9904 0
      vertex 3.43107 -13.7873 0
      vertex 6.13397 -12.6244 0
    endloop
  endfacet
  facet normal 0 0 -1
    outer loop
      vertex 3.2971 -14.2873 0
      vertex 7.65367 -18.4776 0
      vertex 5.80569 -19.1388 0
    endloop
  endfacet
  facet normal 0 0 -1
    outer loop
      vertex 8.94893 5.16667 0
      vertex 12.1557 4.78828 0
      vertex 9.0829 4.66667 0
    endloop
  endfacet
  facet normal 0 0 -1
    outer loop
      vertex 12.1557 4.78828 0
      vertex 10.7246 7.99903 0
      vertex 11.2246 8.133 0
    endloop
  endfacet
  facet normal 0 0 -1
    outer loop
      vertex 12.1557 4.78828 0
      vertex 8.94893 5.16667 0
      vertex 10.7246 7.99903 0
    endloop
  endfacet
  facet normal 0 0 -1
    outer loop
      vertex 12.2897 4.28828 0
      vertex 9.0829 4.66667 0
      vertex 12.1557 4.78828 0
    endloop
  endfacet
  facet normal -0 0 -1
    outer loop
      vertex 10.7246 7.99903 0
      vertex 8.94893 5.16667 0
      vertex 10.2246 8.133 0
    endloop
  endfacet
  facet normal 0 0 -1
    outer loop
      vertex 8.5829 5.53269 0
      vertex 10.2246 8.133 0
      vertex 8.94893 5.16667 0
    endloop
  endfacet
  facet normal 0 0 -1
    outer loop
      vertex 8.94893 4.16667 0
      vertex 9.83333 0.866025 0
      vertex 9.33333 1 0
    endloop
  endfacet
  facet normal -0 0 -1
    outer loop
      vertex 10.2246 8.133 0
      vertex 8.5829 5.53269 0
      vertex 9.8586 8.49903 0
    endloop
  endfacet
  facet normal 0 0 -1
    outer loop
      vertex 8.0829 5.66667 0
      vertex 9.8586 8.49903 0
      vertex 8.5829 5.53269 0
    endloop
  endfacet
  facet normal 0 0 -1
    outer loop
      vertex 5.66667 8.0829 0
      vertex 9.8586 8.49903 0
      vertex 8.0829 5.66667 0
    endloop
  endfacet
  facet normal 0 0 -1
    outer loop
      vertex 5.66667 8.0829 0
      vertex 8.0829 5.66667 0
      vertex 7.5829 5.53269 0
    endloop
  endfacet
  facet normal 0 0 -1
    outer loop
      vertex 9.72462 8.99903 0
      vertex 8 12.1244 0
      vertex 9.42793 17.6384 0
    endloop
  endfacet
  facet normal 0 0 -1
    outer loop
      vertex 7.86602 12.6244 0
      vertex 9.42793 17.6384 0
      vertex 8 12.1244 0
    endloop
  endfacet
  facet normal 0 0 -1
    outer loop
      vertex 7.5 12.9904 0
      vertex 9.42793 17.6384 0
      vertex 7.86602 12.6244 0
    endloop
  endfacet
  facet normal 0 0 -1
    outer loop
      vertex 7 13.1244 0
      vertex 9.42793 17.6384 0
      vertex 7.5 12.9904 0
    endloop
  endfacet
  facet normal -0 0 -1
    outer loop
      vertex 9.42793 17.6384 0
      vertex 7 13.1244 0
      vertex 7.65367 18.4776 0
    endloop
  endfacet
  facet normal 0 0 -1
    outer loop
      vertex 6.5 12.9904 0
      vertex 7.65367 18.4776 0
      vertex 7 13.1244 0
    endloop
  endfacet
  facet normal 0 0 -1
    outer loop
      vertex 5.80569 19.1388 0
      vertex 6.5 12.9904 0
      vertex 6.13397 12.6244 0
    endloop
  endfacet
  facet normal 0 0 -1
    outer loop
      vertex 5.80569 19.1388 0
      vertex 6.13397 12.6244 0
      vertex 6 12.1244 0
    endloop
  endfacet
  facet normal 0 0 -1
    outer loop
      vertex 6.5 12.9904 0
      vertex 5.80569 19.1388 0
      vertex 7.65367 18.4776 0
    endloop
  endfacet
  facet normal -0 0 -1
    outer loop
      vertex 7.5829 3.80064 0
      vertex 5.16667 0.866025 0
      vertex 7.21688 4.16667 0
    endloop
  endfacet
  facet normal -0 0 -1
    outer loop
      vertex 7 11.1244 0
      vertex 5.53269 8.5829 0
      vertex 6.5 11.2583 0
    endloop
  endfacet
  facet normal 0 0 -1
    outer loop
      vertex 7 -11.1244 0
      vertex 5.53269 -8.5829 0
      vertex 5.66667 -8.0829 0
    endloop
  endfacet
  facet normal -0 0 -1
    outer loop
      vertex 6.13397 -12.6244 0
      vertex 3.2971 -13.2873 0
      vertex 6 -12.1244 0
    endloop
  endfacet
  facet normal 0 0 -1
    outer loop
      vertex 6.5 -11.2583 0
      vertex 5.16667 -8.94893 0
      vertex 5.53269 -8.5829 0
    endloop
  endfacet
  facet normal 0 0 -1
    outer loop
      vertex 6.13397 -11.6244 0
      vertex 4.66667 -9.0829 0
      vertex 5.16667 -8.94893 0
    endloop
  endfacet
  facet normal 0 0 -1
    outer loop
      vertex 2.93107 -14.6533 0
      vertex 5.80569 -19.1388 0
      vertex 3.90181 -19.6157 0
    endloop
  endfacet
  facet normal -0 0 -1
    outer loop
      vertex 6 -12.1244 0
      vertex 2.93107 -12.9213 0
      vertex 6.13397 -11.6244 0
    endloop
  endfacet
  facet normal -0 0 -1
    outer loop
      vertex 6.13397 -11.6244 0
      vertex 2.93107 -12.9213 0
      vertex 4.66667 -9.0829 0
    endloop
  endfacet
  facet normal 0 0 -1
    outer loop
      vertex 2.43107 -12.7873 0
      vertex 4.16667 -8.94893 0
      vertex 2.93107 -12.9213 0
    endloop
  endfacet
  facet normal 0 0 -1
    outer loop
      vertex 2.83333 -3.17543 0
      vertex 4.16667 -0.866025 0
      vertex 3.19936 -3.54145 0
    endloop
  endfacet
  facet normal -0 0 -1
    outer loop
      vertex 4.66667 -9.0829 0
      vertex 2.93107 -12.9213 0
      vertex 4.16667 -8.94893 0
    endloop
  endfacet
  facet normal 0 0 -1
    outer loop
      vertex 3.2971 -13.2873 0
      vertex 6.13397 -12.6244 0
      vertex 3.43107 -13.7873 0
    endloop
  endfacet
  facet normal 0 0 -1
    outer loop
      vertex 5.80569 -19.1388 0
      vertex 2.93107 -14.6533 0
      vertex 3.2971 -14.2873 0
    endloop
  endfacet
  facet normal 0 0 -1
    outer loop
      vertex 3.90181 -19.6157 0
      vertex 2.43107 -14.7873 0
      vertex 2.93107 -14.6533 0
    endloop
  endfacet
  facet normal 0 0 -1
    outer loop
      vertex 1.96034 -19.9037 0
      vertex 2.43107 -14.7873 0
      vertex 3.90181 -19.6157 0
    endloop
  endfacet
  facet normal 0 0 -1
    outer loop
      vertex 1.96034 -19.9037 0
      vertex 1.93107 -14.6533 0
      vertex 2.43107 -14.7873 0
    endloop
  endfacet
  facet normal 0 0 -1
    outer loop
      vertex 0 -20 0
      vertex 1.93107 -14.6533 0
      vertex 1.96034 -19.9037 0
    endloop
  endfacet
  facet normal 0 0 -1
    outer loop
      vertex -1.93107 -14.6533 0
      vertex 1.93107 -14.6533 0
      vertex 0 -20 0
    endloop
  endfacet
  facet normal 0 0 -1
    outer loop
      vertex 0 -8.33333 0
      vertex 1.83333 -4.90748 0
      vertex 0.5 -8.46731 0
    endloop
  endfacet
  facet normal -0 0 -1
    outer loop
      vertex 2.33333 -5.04145 0
      vertex 0.5 -8.46731 0
      vertex 1.83333 -4.90748 0
    endloop
  endfacet
  facet normal 0 0 -1
    outer loop
      vertex 1.93107 -14.6533 0
      vertex -1.93107 -14.6533 0
      vertex 1.56505 -14.2873 0
    endloop
  endfacet
  facet normal -0 0 -1
    outer loop
      vertex 3.80064 -8.5829 0
      vertex 1 -9.33333 0
      vertex 3.66667 -8.0829 0
    endloop
  endfacet
  facet normal 0 0 -1
    outer loop
      vertex 2.43107 -12.7873 0
      vertex 0.5 -10.1994 0
      vertex 0.866025 -9.83333 0
    endloop
  endfacet
  facet normal 0 -0 -1
    outer loop
      vertex -1.56505 -14.2873 0
      vertex 1.56505 -14.2873 0
      vertex -1.93107 -14.6533 0
    endloop
  endfacet
  facet normal 0 0 -1
    outer loop
      vertex -1.56505 -13.2873 0
      vertex 1.56505 -13.2873 0
      vertex -1.43107 -13.7873 0
    endloop
  endfacet
  facet normal 0 0 -1
    outer loop
      vertex 1.93107 -12.9213 0
      vertex 0 -10.3333 0
      vertex 0.5 -10.1994 0
    endloop
  endfacet
  facet normal 0 0 -1
    outer loop
      vertex 1.56505 -13.2873 0
      vertex -1.56505 -13.2873 0
      vertex 0 -10.3333 0
    endloop
  endfacet
  facet normal 0 0 -1
    outer loop
      vertex -1.93107 -12.9213 0
      vertex 0 -10.3333 0
      vertex -1.56505 -13.2873 0
    endloop
  endfacet
  facet normal 0 0 -1
    outer loop
      vertex -1.83333 -3.17543 0
      vertex -0.5 -0.866025 0
      vertex -1.46731 -3.54145 0
    endloop
  endfacet
  facet normal -0 0 -1
    outer loop
      vertex -0.5 -0.866025 0
      vertex -1.83333 -3.17543 0
      vertex -0.866025 -0.5 0
    endloop
  endfacet
  facet normal 0 0 -1
    outer loop
      vertex -2.43107 -12.7873 0
      vertex -0.5 -10.1994 0
      vertex -1.93107 -12.9213 0
    endloop
  endfacet
  facet normal -0 0 -1
    outer loop
      vertex 0 -10.3333 0
      vertex -1.93107 -12.9213 0
      vertex -0.5 -10.1994 0
    endloop
  endfacet
  facet normal -0 0 -1
    outer loop
      vertex 1.43107 -13.7873 0
      vertex -1.56505 -14.2873 0
      vertex -1.43107 -13.7873 0
    endloop
  endfacet
  facet normal 0 0 -1
    outer loop
      vertex 1.56505 -14.2873 0
      vertex -1.56505 -14.2873 0
      vertex 1.43107 -13.7873 0
    endloop
  endfacet
  facet normal 0 0 -1
    outer loop
      vertex -1.96034 -19.9037 0
      vertex -1.93107 -14.6533 0
      vertex 0 -20 0
    endloop
  endfacet
  facet normal 0 0 -1
    outer loop
      vertex -1.96034 -19.9037 0
      vertex -2.43107 -14.7873 0
      vertex -1.93107 -14.6533 0
    endloop
  endfacet
  facet normal 0 0 -1
    outer loop
      vertex -3.90181 -19.6157 0
      vertex -2.43107 -14.7873 0
      vertex -1.96034 -19.9037 0
    endloop
  endfacet
  facet normal -0 0 -1
    outer loop
      vertex -2.43107 -14.7873 0
      vertex -3.90181 -19.6157 0
      vertex -2.93107 -14.6533 0
    endloop
  endfacet
  facet normal 0 0 -1
    outer loop
      vertex -5.80569 -19.1388 0
      vertex -2.93107 -14.6533 0
      vertex -3.90181 -19.6157 0
    endloop
  endfacet
  facet normal 0 0 -1
    outer loop
      vertex -3.33333 -4.04145 0
      vertex -3.66667 0 0
      vertex -3.33333 4.04145 0
    endloop
  endfacet
  facet normal 0 0 -1
    outer loop
      vertex -3.43107 -13.7873 0
      vertex -3.80064 -8.5829 0
      vertex -3.66667 -8.0829 0
    endloop
  endfacet
  facet normal -0 0 -1
    outer loop
      vertex -2.93107 -14.6533 0
      vertex -5.80569 -19.1388 0
      vertex -3.2971 -14.2873 0
    endloop
  endfacet
  facet normal 0 0 -1
    outer loop
      vertex -6 -12.1244 0
      vertex -3.2971 -14.2873 0
      vertex -5.80569 -19.1388 0
    endloop
  endfacet
  facet normal 0 0 -1
    outer loop
      vertex -3.43107 -13.7873 0
      vertex -4.16667 -8.94893 0
      vertex -3.80064 -8.5829 0
    endloop
  endfacet
  facet normal 0 0 -1
    outer loop
      vertex -6 -12.1244 0
      vertex -4.16667 -8.94893 0
      vertex -3.43107 -13.7873 0
    endloop
  endfacet
  facet normal 0 0 -1
    outer loop
      vertex -3.2971 -14.2873 0
      vertex -6 -12.1244 0
      vertex -3.43107 -13.7873 0
    endloop
  endfacet
  facet normal 0 0 -1
    outer loop
      vertex -4.16667 -8.94893 0
      vertex -6 -12.1244 0
      vertex -4.66667 -9.0829 0
    endloop
  endfacet
  facet normal 0 0 -1
    outer loop
      vertex -6.13397 -11.6244 0
      vertex -4.66667 -9.0829 0
      vertex -6 -12.1244 0
    endloop
  endfacet
  facet normal -0 0 -1
    outer loop
      vertex -5.53269 -8.5829 0
      vertex -6.13397 -11.6244 0
      vertex -5.66667 -8.0829 0
    endloop
  endfacet
  facet normal -0 0 -1
    outer loop
      vertex -5.16667 -8.94893 0
      vertex -6.13397 -11.6244 0
      vertex -5.53269 -8.5829 0
    endloop
  endfacet
  facet normal -0 0 -1
    outer loop
      vertex -4.66667 -9.0829 0
      vertex -6.13397 -11.6244 0
      vertex -5.16667 -8.94893 0
    endloop
  endfacet
  facet normal 0 0 -1
    outer loop
      vertex 19.6157 3.90181 0
      vertex 14.0217 4.28828 0
      vertex 14.1557 4.78828 0
    endloop
  endfacet
  facet normal 0 0 -1
    outer loop
      vertex 13.6557 3.92226 0
      vertex 14.5 0.866025 0
      vertex 14 1 0
    endloop
  endfacet
  facet normal 0 0 -1
    outer loop
      vertex 14.5 0.866025 0
      vertex 13.6557 3.92226 0
      vertex 14.0217 4.28828 0
    endloop
  endfacet
  facet normal 0 0 -1
    outer loop
      vertex 13.1557 3.78828 0
      vertex 14 1 0
      vertex 13.5 0.866025 0
    endloop
  endfacet
  facet normal 0 0 -1
    outer loop
      vertex 14 1 0
      vertex 13.1557 3.78828 0
      vertex 13.6557 3.92226 0
    endloop
  endfacet
  facet normal 0 0 -1
    outer loop
      vertex 12.6557 3.92226 0
      vertex 13.5 0.866025 0
      vertex 13.134 0.5 0
    endloop
  endfacet
  facet normal 0 0 -1
    outer loop
      vertex 10.3333 0 0
      vertex 13.134 0.5 0
      vertex 13 0 0
    endloop
  endfacet
  facet normal 0 0 -1
    outer loop
      vertex 12.6557 -3.92226 0
      vertex 10.3333 0 0
      vertex 13.134 -0.5 0
    endloop
  endfacet
  facet normal 0 0 -1
    outer loop
      vertex 13.5 0.866025 0
      vertex 12.6557 3.92226 0
      vertex 13.1557 3.78828 0
    endloop
  endfacet
  facet normal 0 0 -1
    outer loop
      vertex 13.134 -0.5 0
      vertex 10.3333 0 0
      vertex 13 0 0
    endloop
  endfacet
  facet normal 0 0 -1
    outer loop
      vertex 10.1994 0.5 0
      vertex 13.134 0.5 0
      vertex 10.3333 0 0
    endloop
  endfacet
  facet normal 0 0 -1
    outer loop
      vertex 10.3333 0 0
      vertex 12.2897 -4.28828 0
      vertex 12.1557 -4.78828 0
    endloop
  endfacet
  facet normal 0 0 -1
    outer loop
      vertex 13.134 0.5 0
      vertex 10.1994 0.5 0
      vertex 12.6557 3.92226 0
    endloop
  endfacet
  facet normal 0 0 -1
    outer loop
      vertex 15 0 0
      vertex 20 0 0
      vertex 19.9037 -1.96034 0
    endloop
  endfacet
  facet normal 0 0 -1
    outer loop
      vertex 14.866 -0.5 0
      vertex 19.9037 -1.96034 0
      vertex 19.6157 -3.90181 0
    endloop
  endfacet
  facet normal 0 0 -1
    outer loop
      vertex 20 0 0
      vertex 15 0 0
      vertex 19.9037 1.96034 0
    endloop
  endfacet
  facet normal 0 0 -1
    outer loop
      vertex 14.1557 -4.78828 0
      vertex 19.6157 -3.90181 0
      vertex 19.1388 -5.80569 0
    endloop
  endfacet
  facet normal 0 0 -1
    outer loop
      vertex 14.866 0.5 0
      vertex 19.9037 1.96034 0
      vertex 15 0 0
    endloop
  endfacet
  facet normal 0 0 -1
    outer loop
      vertex 14.0217 -5.28828 0
      vertex 19.1388 -5.80569 0
      vertex 18.4776 -7.65367 0
    endloop
  endfacet
  facet normal -0 0 -1
    outer loop
      vertex 19.9037 1.96034 0
      vertex 14.866 0.5 0
      vertex 19.6157 3.90181 0
    endloop
  endfacet
  facet normal 0 0 -1
    outer loop
      vertex 13.6557 -5.65431 0
      vertex 18.4776 -7.65367 0
      vertex 17.6384 -9.42793 0
    endloop
  endfacet
  facet normal 0 0 -1
    outer loop
      vertex 14.5 0.866025 0
      vertex 19.6157 3.90181 0
      vertex 14.866 0.5 0
    endloop
  endfacet
  facet normal 0 0 -1
    outer loop
      vertex 11.7246 -8.99903 0
      vertex 17.6384 -9.42793 0
      vertex 16.6294 -11.1114 0
    endloop
  endfacet
  facet normal 0 0 -1
    outer loop
      vertex 19.6157 3.90181 0
      vertex 14.1557 4.78828 0
      vertex 19.1388 5.80569 0
    endloop
  endfacet
  facet normal 0 0 -1
    outer loop
      vertex 11.5906 -9.49903 0
      vertex 16.6294 -11.1114 0
      vertex 15.4602 -12.6879 0
    endloop
  endfacet
  facet normal 0 0 -1
    outer loop
      vertex 14.0217 5.28828 0
      vertex 19.1388 5.80569 0
      vertex 14.1557 4.78828 0
    endloop
  endfacet
  facet normal -0 0 -1
    outer loop
      vertex 19.1388 5.80569 0
      vertex 14.0217 5.28828 0
      vertex 18.4776 7.65367 0
    endloop
  endfacet
  facet normal 0 0 -1
    outer loop
      vertex 19.9037 -1.96034 0
      vertex 14.866 -0.5 0
      vertex 15 0 0
    endloop
  endfacet
  facet normal 0 0 -1
    outer loop
      vertex 19.6157 -3.90181 0
      vertex 14.1557 -4.78828 0
      vertex 14.0217 -4.28828 0
    endloop
  endfacet
  facet normal 0 -0 -1
    outer loop
      vertex 14.5 -0.866025 0
      vertex 19.6157 -3.90181 0
      vertex 14.0217 -4.28828 0
    endloop
  endfacet
  facet normal 0 0 -1
    outer loop
      vertex 11.2246 -9.86505 0
      vertex 15.4602 -12.6879 0
      vertex 14.1421 -14.1421 0
    endloop
  endfacet
  facet normal 0 0 -1
    outer loop
      vertex 19.1388 -5.80569 0
      vertex 14.0217 -5.28828 0
      vertex 14.1557 -4.78828 0
    endloop
  endfacet
  facet normal 0 0 -1
    outer loop
      vertex 18.4776 -7.65367 0
      vertex 13.6557 -5.65431 0
      vertex 14.0217 -5.28828 0
    endloop
  endfacet
  facet normal 0 0 -1
    outer loop
      vertex 17.6384 -9.42793 0
      vertex 11.7246 -8.99903 0
      vertex 13.6557 -5.65431 0
    endloop
  endfacet
  facet normal 0 0 -1
    outer loop
      vertex 10.7246 -9.99903 0
      vertex 14.1421 -14.1421 0
      vertex 12.6879 -15.4602 0
    endloop
  endfacet
  facet normal 0 0 -1
    outer loop
      vertex 13.6557 -5.65431 0
      vertex 11.7246 -8.99903 0
      vertex 13.1557 -5.78828 0
    endloop
  endfacet
  facet normal 0 0 -1
    outer loop
      vertex 11.5906 -8.49903 0
      vertex 13.1557 -5.78828 0
      vertex 11.7246 -8.99903 0
    endloop
  endfacet
  facet normal -0 0 -1
    outer loop
      vertex 13.1557 -5.78828 0
      vertex 11.5906 -8.49903 0
      vertex 12.6557 -5.65431 0
    endloop
  endfacet
  facet normal -0 0 -1
    outer loop
      vertex 12.2897 -5.28828 0
      vertex 11.5906 -8.49903 0
      vertex 12.1557 -4.78828 0
    endloop
  endfacet
  facet normal -0 0 -1
    outer loop
      vertex 12.6557 -5.65431 0
      vertex 11.5906 -8.49903 0
      vertex 12.2897 -5.28828 0
    endloop
  endfacet
  facet normal 0 0 -1
    outer loop
      vertex 16.6294 -11.1114 0
      vertex 11.5906 -9.49903 0
      vertex 11.7246 -8.99903 0
    endloop
  endfacet
  facet normal 0 0 -1
    outer loop
      vertex 15.4602 -12.6879 0
      vertex 11.2246 -9.86505 0
      vertex 11.5906 -9.49903 0
    endloop
  endfacet
  facet normal 0 0 -1
    outer loop
      vertex 8 -12.1244 0
      vertex 12.6879 -15.4602 0
      vertex 11.1114 -16.6294 0
    endloop
  endfacet
  facet normal 0 0 -1
    outer loop
      vertex 14.1421 -14.1421 0
      vertex 10.7246 -9.99903 0
      vertex 11.2246 -9.86505 0
    endloop
  endfacet
  facet normal 0 0 -1
    outer loop
      vertex 12.6879 -15.4602 0
      vertex 8 -12.1244 0
      vertex 10.7246 -9.99903 0
    endloop
  endfacet
  facet normal 0 0 -1
    outer loop
      vertex 8 -12.1244 0
      vertex 11.1114 -16.6294 0
      vertex 9.42793 -17.6384 0
    endloop
  endfacet
  facet normal -0 0 -1
    outer loop
      vertex 10.7246 -9.99903 0
      vertex 8 -12.1244 0
      vertex 10.2246 -9.86505 0
    endloop
  endfacet
  facet normal 0 0 -1
    outer loop
      vertex 7.86602 -11.6244 0
      vertex 10.2246 -9.86505 0
      vertex 8 -12.1244 0
    endloop
  endfacet
  facet normal 0 0 -1
    outer loop
      vertex 13.6557 5.65431 0
      vertex 18.4776 7.65367 0
      vertex 14.0217 5.28828 0
    endloop
  endfacet
  facet normal 0 0 -1
    outer loop
      vertex 14.0217 4.28828 0
      vertex 19.6157 3.90181 0
      vertex 14.5 0.866025 0
    endloop
  endfacet
  facet normal -0 0 -1
    outer loop
      vertex 18.4776 7.65367 0
      vertex 13.6557 5.65431 0
      vertex 17.6384 9.42793 0
    endloop
  endfacet
  facet normal 0 0 -1
    outer loop
      vertex 11.7246 8.99903 0
      vertex 17.6384 9.42793 0
      vertex 13.6557 5.65431 0
    endloop
  endfacet
  facet normal -0 0 -1
    outer loop
      vertex 17.6384 9.42793 0
      vertex 11.7246 8.99903 0
      vertex 16.6294 11.1114 0
    endloop
  endfacet
  facet normal 0 0 -1
    outer loop
      vertex 11.5906 9.49903 0
      vertex 16.6294 11.1114 0
      vertex 11.7246 8.99903 0
    endloop
  endfacet
  facet normal 0 0 -1
    outer loop
      vertex 11.7246 8.99903 0
      vertex 13.6557 5.65431 0
      vertex 13.1557 5.78828 0
    endloop
  endfacet
  facet normal -0 0 -1
    outer loop
      vertex 16.6294 11.1114 0
      vertex 11.5906 9.49903 0
      vertex 15.4602 12.6879 0
    endloop
  endfacet
  facet normal 0 0 -1
    outer loop
      vertex 11.7246 8.99903 0
      vertex 13.1557 5.78828 0
      vertex 12.6557 5.65431 0
    endloop
  endfacet
  facet normal 0 0 -1
    outer loop
      vertex 11.7246 8.99903 0
      vertex 12.6557 5.65431 0
      vertex 12.2897 5.28828 0
    endloop
  endfacet
  facet normal 0 0 -1
    outer loop
      vertex 11.7246 8.99903 0
      vertex 12.2897 5.28828 0
      vertex 12.1557 4.78828 0
    endloop
  endfacet
  facet normal 0 0 -1
    outer loop
      vertex 10.3333 0 0
      vertex 12.1557 -4.78828 0
      vertex 11.5906 -8.49903 0
    endloop
  endfacet
  facet normal 0 0 -1
    outer loop
      vertex 11.2246 9.86505 0
      vertex 15.4602 12.6879 0
      vertex 11.5906 9.49903 0
    endloop
  endfacet
  facet normal -0 0 -1
    outer loop
      vertex 15.4602 12.6879 0
      vertex 11.2246 9.86505 0
      vertex 14.1421 14.1421 0
    endloop
  endfacet
  facet normal 0 0 -1
    outer loop
      vertex 10.7246 9.99903 0
      vertex 14.1421 14.1421 0
      vertex 11.2246 9.86505 0
    endloop
  endfacet
  facet normal -0 0 -1
    outer loop
      vertex 14.1421 14.1421 0
      vertex 10.7246 9.99903 0
      vertex 12.6879 15.4602 0
    endloop
  endfacet
  facet normal -0 0 -1
    outer loop
      vertex 12.6879 15.4602 0
      vertex 10.7246 9.99903 0
      vertex 11.1114 16.6294 0
    endloop
  endfacet
  facet normal 0 0 -1
    outer loop
      vertex 10.2246 9.86505 0
      vertex 11.1114 16.6294 0
      vertex 10.7246 9.99903 0
    endloop
  endfacet
  facet normal 0 0 -1
    outer loop
      vertex 9.42793 17.6384 0
      vertex 10.2246 9.86505 0
      vertex 9.8586 9.49903 0
    endloop
  endfacet
  facet normal 0 0 -1
    outer loop
      vertex 9.42793 17.6384 0
      vertex 9.8586 9.49903 0
      vertex 9.72462 8.99903 0
    endloop
  endfacet
  facet normal 0 0 -1
    outer loop
      vertex 10.2246 9.86505 0
      vertex 9.42793 17.6384 0
      vertex 11.1114 16.6294 0
    endloop
  endfacet
  facet normal 0 0 -1
    outer loop
      vertex 19.6157 -3.90181 0
      vertex 14.5 -0.866025 0
      vertex 14.866 -0.5 0
    endloop
  endfacet
  facet normal 0 0 -1
    outer loop
      vertex 13.6557 -3.92226 0
      vertex 14.5 -0.866025 0
      vertex 14.0217 -4.28828 0
    endloop
  endfacet
  facet normal 0 0 -1
    outer loop
      vertex 14.5 -0.866025 0
      vertex 13.6557 -3.92226 0
      vertex 14 -1 0
    endloop
  endfacet
  facet normal 0 0 -1
    outer loop
      vertex 13.1557 -3.78828 0
      vertex 14 -1 0
      vertex 13.6557 -3.92226 0
    endloop
  endfacet
  facet normal -0 0 -1
    outer loop
      vertex 14 -1 0
      vertex 13.1557 -3.78828 0
      vertex 13.5 -0.866025 0
    endloop
  endfacet
  facet normal 0 0 -1
    outer loop
      vertex 12.6557 -3.92226 0
      vertex 13.5 -0.866025 0
      vertex 13.1557 -3.78828 0
    endloop
  endfacet
  facet normal -0 0 -1
    outer loop
      vertex 13.5 -0.866025 0
      vertex 12.6557 -3.92226 0
      vertex 13.134 -0.5 0
    endloop
  endfacet
  facet normal 0 0 -1
    outer loop
      vertex 10.3333 0 0
      vertex 12.6557 -3.92226 0
      vertex 12.2897 -4.28828 0
    endloop
  endfacet
  facet normal -0.51409 0.857736 0
    outer loop
      vertex -9.42793 17.6384 0
      vertex -11.1114 16.6294 3
      vertex -9.42793 17.6384 3
    endloop
  endfacet
  facet normal -0.51409 0.857736 0
    outer loop
      vertex -11.1114 16.6294 3
      vertex -9.42793 17.6384 0
      vertex -11.1114 16.6294 0
    endloop
  endfacet
  facet normal -0.998796 -0.049065 0
    outer loop
      vertex -19.9037 -1.96034 0
      vertex -20 0 3
      vertex -20 0 0
    endloop
  endfacet
  facet normal -0.998796 -0.049065 0
    outer loop
      vertex -20 0 3
      vertex -19.9037 -1.96034 0
      vertex -19.9037 -1.96034 3
    endloop
  endfacet
  facet normal -0.970031 0.242982 0
    outer loop
      vertex -19.6157 3.90181 0
      vertex -19.1388 5.80569 3
      vertex -19.1388 5.80569 0
    endloop
  endfacet
  facet normal -0.970031 0.242982 0
    outer loop
      vertex -19.1388 5.80569 3
      vertex -19.6157 3.90181 0
      vertex -19.6157 3.90181 3
    endloop
  endfacet
  facet normal 0.427571 -0.903982 0
    outer loop
      vertex 7.65367 -18.4776 0
      vertex 9.42793 -17.6384 3
      vertex 7.65367 -18.4776 3
    endloop
  endfacet
  facet normal 0.427571 -0.903982 0
    outer loop
      vertex 9.42793 -17.6384 3
      vertex 7.65367 -18.4776 0
      vertex 9.42793 -17.6384 0
    endloop
  endfacet
  facet normal -0.336882 -0.941547 0
    outer loop
      vertex -7.65367 -18.4776 0
      vertex -5.80569 -19.1388 3
      vertex -7.65367 -18.4776 3
    endloop
  endfacet
  facet normal -0.336882 -0.941547 -0
    outer loop
      vertex -5.80569 -19.1388 3
      vertex -7.65367 -18.4776 0
      vertex -5.80569 -19.1388 0
    endloop
  endfacet
  facet normal -0.336882 0.941547 0
    outer loop
      vertex -5.80569 19.1388 0
      vertex -7.65367 18.4776 3
      vertex -5.80569 19.1388 3
    endloop
  endfacet
  facet normal -0.336882 0.941547 0
    outer loop
      vertex -7.65367 18.4776 3
      vertex -5.80569 19.1388 0
      vertex -7.65367 18.4776 0
    endloop
  endfacet
  facet normal 0.51409 -0.857736 0
    outer loop
      vertex 9.42793 -17.6384 0
      vertex 11.1114 -16.6294 3
      vertex 9.42793 -17.6384 3
    endloop
  endfacet
  facet normal 0.51409 -0.857736 0
    outer loop
      vertex 11.1114 -16.6294 3
      vertex 9.42793 -17.6384 0
      vertex 11.1114 -16.6294 0
    endloop
  endfacet
  facet normal 0.146736 -0.989176 0
    outer loop
      vertex 1.96034 -19.9037 0
      vertex 3.90181 -19.6157 3
      vertex 1.96034 -19.9037 3
    endloop
  endfacet
  facet normal 0.146736 -0.989176 0
    outer loop
      vertex 3.90181 -19.6157 3
      vertex 1.96034 -19.9037 0
      vertex 3.90181 -19.6157 0
    endloop
  endfacet
  facet normal 0.740928 -0.671584 0
    outer loop
      vertex 14.1421 -14.1421 3
      vertex 15.4602 -12.6879 0
      vertex 15.4602 -12.6879 3
    endloop
  endfacet
  facet normal 0.740928 -0.671584 0
    outer loop
      vertex 15.4602 -12.6879 0
      vertex 14.1421 -14.1421 3
      vertex 14.1421 -14.1421 0
    endloop
  endfacet
  facet normal 0.80321 -0.595695 0
    outer loop
      vertex 15.4602 -12.6879 3
      vertex 16.6294 -11.1114 0
      vertex 16.6294 -11.1114 3
    endloop
  endfacet
  facet normal 0.80321 -0.595695 0
    outer loop
      vertex 16.6294 -11.1114 0
      vertex 15.4602 -12.6879 3
      vertex 15.4602 -12.6879 0
    endloop
  endfacet
  facet normal -0.049065 0.998796 0
    outer loop
      vertex 0 20 0
      vertex -1.96034 19.9037 3
      vertex 0 20 3
    endloop
  endfacet
  facet normal -0.049065 0.998796 0
    outer loop
      vertex -1.96034 19.9037 3
      vertex 0 20 0
      vertex -1.96034 19.9037 0
    endloop
  endfacet
  facet normal -0.427571 0.903982 0
    outer loop
      vertex -7.65367 18.4776 0
      vertex -9.42793 17.6384 3
      vertex -7.65367 18.4776 3
    endloop
  endfacet
  facet normal -0.427571 0.903982 0
    outer loop
      vertex -9.42793 17.6384 3
      vertex -7.65367 18.4776 0
      vertex -9.42793 17.6384 0
    endloop
  endfacet
  facet normal -0.595695 0.80321 0
    outer loop
      vertex -11.1114 16.6294 0
      vertex -12.6879 15.4602 3
      vertex -11.1114 16.6294 3
    endloop
  endfacet
  facet normal -0.595695 0.80321 0
    outer loop
      vertex -12.6879 15.4602 3
      vertex -11.1114 16.6294 0
      vertex -12.6879 15.4602 0
    endloop
  endfacet
  facet normal -0.989176 0.146736 0
    outer loop
      vertex -19.9037 1.96034 0
      vertex -19.6157 3.90181 3
      vertex -19.6157 3.90181 0
    endloop
  endfacet
  facet normal -0.989176 0.146736 0
    outer loop
      vertex -19.6157 3.90181 3
      vertex -19.9037 1.96034 0
      vertex -19.9037 1.96034 3
    endloop
  endfacet
  facet normal -0.242982 -0.970031 0
    outer loop
      vertex -5.80569 -19.1388 0
      vertex -3.90181 -19.6157 3
      vertex -5.80569 -19.1388 3
    endloop
  endfacet
  facet normal -0.242982 -0.970031 -0
    outer loop
      vertex -3.90181 -19.6157 3
      vertex -5.80569 -19.1388 0
      vertex -3.90181 -19.6157 0
    endloop
  endfacet
  facet normal 0.970031 0.242982 0
    outer loop
      vertex 19.6157 3.90181 3
      vertex 19.1388 5.80569 0
      vertex 19.1388 5.80569 3
    endloop
  endfacet
  facet normal 0.970031 0.242982 0
    outer loop
      vertex 19.1388 5.80569 0
      vertex 19.6157 3.90181 3
      vertex 19.6157 3.90181 0
    endloop
  endfacet
  facet normal 0.80321 0.595695 0
    outer loop
      vertex 16.6294 11.1114 3
      vertex 15.4602 12.6879 0
      vertex 15.4602 12.6879 3
    endloop
  endfacet
  facet normal 0.80321 0.595695 0
    outer loop
      vertex 15.4602 12.6879 0
      vertex 16.6294 11.1114 3
      vertex 16.6294 11.1114 0
    endloop
  endfacet
  facet normal -0.80321 -0.595695 0
    outer loop
      vertex -15.4602 -12.6879 0
      vertex -16.6294 -11.1114 3
      vertex -16.6294 -11.1114 0
    endloop
  endfacet
  facet normal -0.80321 -0.595695 0
    outer loop
      vertex -16.6294 -11.1114 3
      vertex -15.4602 -12.6879 0
      vertex -15.4602 -12.6879 3
    endloop
  endfacet
  facet normal -0.903982 -0.427571 0
    outer loop
      vertex -17.6384 -9.42793 0
      vertex -18.4776 -7.65367 3
      vertex -18.4776 -7.65367 0
    endloop
  endfacet
  facet normal -0.903982 -0.427571 0
    outer loop
      vertex -18.4776 -7.65367 3
      vertex -17.6384 -9.42793 0
      vertex -17.6384 -9.42793 3
    endloop
  endfacet
  facet normal 0.146736 0.989176 -0
    outer loop
      vertex 3.90181 19.6157 0
      vertex 1.96034 19.9037 3
      vertex 3.90181 19.6157 3
    endloop
  endfacet
  facet normal 0.146736 0.989176 0
    outer loop
      vertex 1.96034 19.9037 3
      vertex 3.90181 19.6157 0
      vertex 1.96034 19.9037 0
    endloop
  endfacet
  facet normal -0.427571 -0.903982 0
    outer loop
      vertex -9.42793 -17.6384 0
      vertex -7.65367 -18.4776 3
      vertex -9.42793 -17.6384 3
    endloop
  endfacet
  facet normal -0.427571 -0.903982 -0
    outer loop
      vertex -7.65367 -18.4776 3
      vertex -9.42793 -17.6384 0
      vertex -7.65367 -18.4776 0
    endloop
  endfacet
  facet normal 0.595695 -0.80321 0
    outer loop
      vertex 11.1114 -16.6294 0
      vertex 12.6879 -15.4602 3
      vertex 11.1114 -16.6294 3
    endloop
  endfacet
  facet normal 0.595695 -0.80321 0
    outer loop
      vertex 12.6879 -15.4602 3
      vertex 11.1114 -16.6294 0
      vertex 12.6879 -15.4602 0
    endloop
  endfacet
  facet normal 0.998796 -0.049065 0
    outer loop
      vertex 19.9037 -1.96034 3
      vertex 20 0 0
      vertex 20 0 3
    endloop
  endfacet
  facet normal 0.998796 -0.049065 0
    outer loop
      vertex 20 0 0
      vertex 19.9037 -1.96034 3
      vertex 19.9037 -1.96034 0
    endloop
  endfacet
  facet normal -0.146736 0.989176 0
    outer loop
      vertex -1.96034 19.9037 0
      vertex -3.90181 19.6157 3
      vertex -1.96034 19.9037 3
    endloop
  endfacet
  facet normal -0.146736 0.989176 0
    outer loop
      vertex -3.90181 19.6157 3
      vertex -1.96034 19.9037 0
      vertex -3.90181 19.6157 0
    endloop
  endfacet
  facet normal -0.989176 -0.146736 0
    outer loop
      vertex -19.6157 -3.90181 0
      vertex -19.9037 -1.96034 3
      vertex -19.9037 -1.96034 0
    endloop
  endfacet
  facet normal -0.989176 -0.146736 0
    outer loop
      vertex -19.9037 -1.96034 3
      vertex -19.6157 -3.90181 0
      vertex -19.6157 -3.90181 3
    endloop
  endfacet
  facet normal 0.336882 -0.941547 0
    outer loop
      vertex 5.80569 -19.1388 0
      vertex 7.65367 -18.4776 3
      vertex 5.80569 -19.1388 3
    endloop
  endfacet
  facet normal 0.336882 -0.941547 0
    outer loop
      vertex 7.65367 -18.4776 3
      vertex 5.80569 -19.1388 0
      vertex 7.65367 -18.4776 0
    endloop
  endfacet
  facet normal 0.242982 -0.970031 0
    outer loop
      vertex 3.90181 -19.6157 0
      vertex 5.80569 -19.1388 3
      vertex 3.90181 -19.6157 3
    endloop
  endfacet
  facet normal 0.242982 -0.970031 0
    outer loop
      vertex 5.80569 -19.1388 3
      vertex 3.90181 -19.6157 0
      vertex 5.80569 -19.1388 0
    endloop
  endfacet
  facet normal -0.740928 -0.671584 0
    outer loop
      vertex -14.1421 -14.1421 0
      vertex -15.4602 -12.6879 3
      vertex -15.4602 -12.6879 0
    endloop
  endfacet
  facet normal -0.740928 -0.671584 0
    outer loop
      vertex -15.4602 -12.6879 3
      vertex -14.1421 -14.1421 0
      vertex -14.1421 -14.1421 3
    endloop
  endfacet
  facet normal -0.903982 0.427571 0
    outer loop
      vertex -18.4776 7.65367 0
      vertex -17.6384 9.42793 3
      vertex -17.6384 9.42793 0
    endloop
  endfacet
  facet normal -0.903982 0.427571 0
    outer loop
      vertex -17.6384 9.42793 3
      vertex -18.4776 7.65367 0
      vertex -18.4776 7.65367 3
    endloop
  endfacet
  facet normal -0.595695 -0.80321 0
    outer loop
      vertex -12.6879 -15.4602 0
      vertex -11.1114 -16.6294 3
      vertex -12.6879 -15.4602 3
    endloop
  endfacet
  facet normal -0.595695 -0.80321 -0
    outer loop
      vertex -11.1114 -16.6294 3
      vertex -12.6879 -15.4602 0
      vertex -11.1114 -16.6294 0
    endloop
  endfacet
  facet normal 0.903982 -0.427571 0
    outer loop
      vertex 17.6384 -9.42793 3
      vertex 18.4776 -7.65367 0
      vertex 18.4776 -7.65367 3
    endloop
  endfacet
  facet normal 0.903982 -0.427571 0
    outer loop
      vertex 18.4776 -7.65367 0
      vertex 17.6384 -9.42793 3
      vertex 17.6384 -9.42793 0
    endloop
  endfacet
  facet normal 0.857736 -0.51409 0
    outer loop
      vertex 16.6294 -11.1114 3
      vertex 17.6384 -9.42793 0
      vertex 17.6384 -9.42793 3
    endloop
  endfacet
  facet normal 0.857736 -0.51409 0
    outer loop
      vertex 17.6384 -9.42793 0
      vertex 16.6294 -11.1114 3
      vertex 16.6294 -11.1114 0
    endloop
  endfacet
  facet normal -0.049065 -0.998796 0
    outer loop
      vertex -1.96034 -19.9037 0
      vertex 0 -20 3
      vertex -1.96034 -19.9037 3
    endloop
  endfacet
  facet normal -0.049065 -0.998796 -0
    outer loop
      vertex 0 -20 3
      vertex -1.96034 -19.9037 0
      vertex 0 -20 0
    endloop
  endfacet
  facet normal 0 0 1
    outer loop
      vertex -13.134 0.5 3
      vertex -10.1994 0.5 3
      vertex -12.6557 3.92226 3
    endloop
  endfacet
  facet normal 0 0 1
    outer loop
      vertex -10.3333 0 3
      vertex -12.2897 -4.28828 3
      vertex -12.1557 -4.78828 3
    endloop
  endfacet
  facet normal 0 0 1
    outer loop
      vertex -10.1994 0.5 3
      vertex -13.134 0.5 3
      vertex -10.3333 0 3
    endloop
  endfacet
  facet normal 0 0 1
    outer loop
      vertex -13.134 -0.5 3
      vertex -10.3333 0 3
      vertex -13 0 3
    endloop
  endfacet
  facet normal 0 -0 1
    outer loop
      vertex -12.6557 -3.92226 3
      vertex -10.3333 0 3
      vertex -13.134 -0.5 3
    endloop
  endfacet
  facet normal 0 0 1
    outer loop
      vertex -10.3333 0 3
      vertex -13.134 0.5 3
      vertex -13 0 3
    endloop
  endfacet
  facet normal 0 0 1
    outer loop
      vertex -13.5 0.866025 3
      vertex -12.6557 3.92226 3
      vertex -13.1557 3.78828 3
    endloop
  endfacet
  facet normal 0 0 1
    outer loop
      vertex -12.6557 3.92226 3
      vertex -13.5 0.866025 3
      vertex -13.134 0.5 3
    endloop
  endfacet
  facet normal 0 0 1
    outer loop
      vertex -14 1 3
      vertex -13.1557 3.78828 3
      vertex -13.6557 3.92226 3
    endloop
  endfacet
  facet normal 0 0 1
    outer loop
      vertex -13.1557 3.78828 3
      vertex -14 1 3
      vertex -13.5 0.866025 3
    endloop
  endfacet
  facet normal 0 0 1
    outer loop
      vertex -14.5 0.866025 3
      vertex -13.6557 3.92226 3
      vertex -14.0217 4.28828 3
    endloop
  endfacet
  facet normal 0 0 1
    outer loop
      vertex -19.6157 3.90181 3
      vertex -14.0217 4.28828 3
      vertex -14.1557 4.78828 3
    endloop
  endfacet
  facet normal 0 0 1
    outer loop
      vertex -13.6557 3.92226 3
      vertex -14.5 0.866025 3
      vertex -14 1 3
    endloop
  endfacet
  facet normal 0 0 1
    outer loop
      vertex -10.3333 0 3
      vertex -12.6557 -3.92226 3
      vertex -12.2897 -4.28828 3
    endloop
  endfacet
  facet normal -0 0 1
    outer loop
      vertex -13.5 -0.866025 3
      vertex -12.6557 -3.92226 3
      vertex -13.134 -0.5 3
    endloop
  endfacet
  facet normal 0 0 1
    outer loop
      vertex -12.6557 -3.92226 3
      vertex -13.5 -0.866025 3
      vertex -13.1557 -3.78828 3
    endloop
  endfacet
  facet normal -0 0 1
    outer loop
      vertex -14 -1 3
      vertex -13.1557 -3.78828 3
      vertex -13.5 -0.866025 3
    endloop
  endfacet
  facet normal 0 0 1
    outer loop
      vertex -13.1557 -3.78828 3
      vertex -14 -1 3
      vertex -13.6557 -3.92226 3
    endloop
  endfacet
  facet normal 0 0 1
    outer loop
      vertex -14.5 -0.866025 3
      vertex -13.6557 -3.92226 3
      vertex -14 -1 3
    endloop
  endfacet
  facet normal 0 0 1
    outer loop
      vertex -13.6557 -3.92226 3
      vertex -14.5 -0.866025 3
      vertex -14.0217 -4.28828 3
    endloop
  endfacet
  facet normal -0 0 1
    outer loop
      vertex -19.6157 -3.90181 3
      vertex -14.0217 -4.28828 3
      vertex -14.5 -0.866025 3
    endloop
  endfacet
  facet normal 0 0 1
    outer loop
      vertex -7.5 11.2583 3
      vertex -9.8586 9.49903 3
      vertex -9.72462 8.99903 3
    endloop
  endfacet
  facet normal 0 0 1
    outer loop
      vertex -8 12.1244 3
      vertex -10.2246 9.86505 3
      vertex -9.8586 9.49903 3
    endloop
  endfacet
  facet normal 0 0 1
    outer loop
      vertex -7.86602 12.6244 3
      vertex -12.6879 15.4602 3
      vertex -8 12.1244 3
    endloop
  endfacet
  facet normal 0 0 1
    outer loop
      vertex -8 12.1244 3
      vertex -10.7246 9.99903 3
      vertex -10.2246 9.86505 3
    endloop
  endfacet
  facet normal 0 0 1
    outer loop
      vertex -8 12.1244 3
      vertex -12.6879 15.4602 3
      vertex -10.7246 9.99903 3
    endloop
  endfacet
  facet normal -0 0 1
    outer loop
      vertex -14.1421 14.1421 3
      vertex -10.7246 9.99903 3
      vertex -12.6879 15.4602 3
    endloop
  endfacet
  facet normal 0 0 1
    outer loop
      vertex -10.7246 9.99903 3
      vertex -14.1421 14.1421 3
      vertex -11.2246 9.86505 3
    endloop
  endfacet
  facet normal 0 0 1
    outer loop
      vertex -10.7246 -7.99903 3
      vertex -12.2897 -5.28828 3
      vertex -11.2246 -8.133 3
    endloop
  endfacet
  facet normal -0 0 1
    outer loop
      vertex -15.4602 12.6879 3
      vertex -11.2246 9.86505 3
      vertex -14.1421 14.1421 3
    endloop
  endfacet
  facet normal 0 0 1
    outer loop
      vertex -11.5906 8.49903 3
      vertex -12.2897 5.28828 3
      vertex -12.1557 4.78828 3
    endloop
  endfacet
  facet normal 0 0 1
    outer loop
      vertex -11.5906 8.49903 3
      vertex -12.6557 5.65431 3
      vertex -12.2897 5.28828 3
    endloop
  endfacet
  facet normal 0 0 1
    outer loop
      vertex -11.2246 9.86505 3
      vertex -15.4602 12.6879 3
      vertex -11.5906 9.49903 3
    endloop
  endfacet
  facet normal -0 0 1
    outer loop
      vertex -16.6294 11.1114 3
      vertex -11.5906 9.49903 3
      vertex -15.4602 12.6879 3
    endloop
  endfacet
  facet normal 0 0 1
    outer loop
      vertex -11.5906 9.49903 3
      vertex -16.6294 11.1114 3
      vertex -11.7246 8.99903 3
    endloop
  endfacet
  facet normal 0 0 1
    outer loop
      vertex -11.5906 8.49903 3
      vertex -13.1557 5.78828 3
      vertex -12.6557 5.65431 3
    endloop
  endfacet
  facet normal -0 0 1
    outer loop
      vertex -17.6384 9.42793 3
      vertex -11.7246 8.99903 3
      vertex -16.6294 11.1114 3
    endloop
  endfacet
  facet normal 0 0 1
    outer loop
      vertex -11.7246 8.99903 3
      vertex -13.6557 5.65431 3
      vertex -13.1557 5.78828 3
    endloop
  endfacet
  facet normal 0 0 1
    outer loop
      vertex -11.7246 8.99903 3
      vertex -17.6384 9.42793 3
      vertex -13.6557 5.65431 3
    endloop
  endfacet
  facet normal -0 0 1
    outer loop
      vertex -18.4776 7.65367 3
      vertex -13.6557 5.65431 3
      vertex -17.6384 9.42793 3
    endloop
  endfacet
  facet normal 0 0 1
    outer loop
      vertex -13.6557 5.65431 3
      vertex -18.4776 7.65367 3
      vertex -14.0217 5.28828 3
    endloop
  endfacet
  facet normal -0 0 1
    outer loop
      vertex -19.1388 5.80569 3
      vertex -14.0217 5.28828 3
      vertex -18.4776 7.65367 3
    endloop
  endfacet
  facet normal 0 0 1
    outer loop
      vertex -7.86602 -11.6244 3
      vertex -10.2246 -9.86505 3
      vertex -8 -12.1244 3
    endloop
  endfacet
  facet normal -0 0 1
    outer loop
      vertex -10.7246 -9.99903 3
      vertex -8 -12.1244 3
      vertex -10.2246 -9.86505 3
    endloop
  endfacet
  facet normal 0 0 1
    outer loop
      vertex -12.6879 -15.4602 3
      vertex -8 -12.1244 3
      vertex -10.7246 -9.99903 3
    endloop
  endfacet
  facet normal 0 0 1
    outer loop
      vertex -8 -12.1244 3
      vertex -11.1114 -16.6294 3
      vertex -9.42793 -17.6384 3
    endloop
  endfacet
  facet normal 0 0 1
    outer loop
      vertex -14.1421 -14.1421 3
      vertex -10.7246 -9.99903 3
      vertex -11.2246 -9.86505 3
    endloop
  endfacet
  facet normal 0 0 1
    outer loop
      vertex -15.4602 -12.6879 3
      vertex -11.2246 -9.86505 3
      vertex -11.5906 -9.49903 3
    endloop
  endfacet
  facet normal 0 0 1
    outer loop
      vertex -16.6294 -11.1114 3
      vertex -11.5906 -9.49903 3
      vertex -11.7246 -8.99903 3
    endloop
  endfacet
  facet normal -0 0 1
    outer loop
      vertex -12.6557 -5.65431 3
      vertex -11.2246 -8.133 3
      vertex -12.2897 -5.28828 3
    endloop
  endfacet
  facet normal 0 0 1
    outer loop
      vertex -11.2246 -8.133 3
      vertex -12.6557 -5.65431 3
      vertex -11.5906 -8.49903 3
    endloop
  endfacet
  facet normal -0 0 1
    outer loop
      vertex -13.1557 -5.78828 3
      vertex -11.5906 -8.49903 3
      vertex -12.6557 -5.65431 3
    endloop
  endfacet
  facet normal 0 0 1
    outer loop
      vertex -11.5906 -8.49903 3
      vertex -13.1557 -5.78828 3
      vertex -11.7246 -8.99903 3
    endloop
  endfacet
  facet normal 0 0 1
    outer loop
      vertex -8 -12.1244 3
      vertex -12.6879 -15.4602 3
      vertex -11.1114 -16.6294 3
    endloop
  endfacet
  facet normal 0 0 1
    outer loop
      vertex -13.6557 -5.65431 3
      vertex -11.7246 -8.99903 3
      vertex -13.1557 -5.78828 3
    endloop
  endfacet
  facet normal 0 0 1
    outer loop
      vertex -17.6384 -9.42793 3
      vertex -11.7246 -8.99903 3
      vertex -13.6557 -5.65431 3
    endloop
  endfacet
  facet normal 0 0 1
    outer loop
      vertex -18.4776 -7.65367 3
      vertex -13.6557 -5.65431 3
      vertex -14.0217 -5.28828 3
    endloop
  endfacet
  facet normal 0 0 1
    outer loop
      vertex -10.7246 -9.99903 3
      vertex -14.1421 -14.1421 3
      vertex -12.6879 -15.4602 3
    endloop
  endfacet
  facet normal 0 0 1
    outer loop
      vertex -19.1388 -5.80569 3
      vertex -14.0217 -5.28828 3
      vertex -14.1557 -4.78828 3
    endloop
  endfacet
  facet normal 0 0 1
    outer loop
      vertex -14.0217 -4.28828 3
      vertex -19.6157 -3.90181 3
      vertex -14.1557 -4.78828 3
    endloop
  endfacet
  facet normal 0 0 1
    outer loop
      vertex -19.6157 -3.90181 3
      vertex -14.5 -0.866025 3
      vertex -14.866 -0.5 3
    endloop
  endfacet
  facet normal 0 0 1
    outer loop
      vertex -19.9037 -1.96034 3
      vertex -14.866 -0.5 3
      vertex -15 0 3
    endloop
  endfacet
  facet normal 0 0 1
    outer loop
      vertex -11.2246 -9.86505 3
      vertex -15.4602 -12.6879 3
      vertex -14.1421 -14.1421 3
    endloop
  endfacet
  facet normal 0 0 1
    outer loop
      vertex -14.0217 5.28828 3
      vertex -19.1388 5.80569 3
      vertex -14.1557 4.78828 3
    endloop
  endfacet
  facet normal 0 0 1
    outer loop
      vertex -19.6157 3.90181 3
      vertex -14.1557 4.78828 3
      vertex -19.1388 5.80569 3
    endloop
  endfacet
  facet normal 0 0 1
    outer loop
      vertex -11.5906 -9.49903 3
      vertex -16.6294 -11.1114 3
      vertex -15.4602 -12.6879 3
    endloop
  endfacet
  facet normal 0 0 1
    outer loop
      vertex -14.0217 4.28828 3
      vertex -19.6157 3.90181 3
      vertex -14.5 0.866025 3
    endloop
  endfacet
  facet normal 0 0 1
    outer loop
      vertex -11.7246 -8.99903 3
      vertex -17.6384 -9.42793 3
      vertex -16.6294 -11.1114 3
    endloop
  endfacet
  facet normal 0 0 1
    outer loop
      vertex -14.5 0.866025 3
      vertex -19.6157 3.90181 3
      vertex -14.866 0.5 3
    endloop
  endfacet
  facet normal 0 0 1
    outer loop
      vertex -13.6557 -5.65431 3
      vertex -18.4776 -7.65367 3
      vertex -17.6384 -9.42793 3
    endloop
  endfacet
  facet normal -0 0 1
    outer loop
      vertex -19.9037 1.96034 3
      vertex -14.866 0.5 3
      vertex -19.6157 3.90181 3
    endloop
  endfacet
  facet normal 0 0 1
    outer loop
      vertex -14.0217 -5.28828 3
      vertex -19.1388 -5.80569 3
      vertex -18.4776 -7.65367 3
    endloop
  endfacet
  facet normal 0 0 1
    outer loop
      vertex -14.866 0.5 3
      vertex -19.9037 1.96034 3
      vertex -15 0 3
    endloop
  endfacet
  facet normal 0 0 1
    outer loop
      vertex -14.1557 -4.78828 3
      vertex -19.6157 -3.90181 3
      vertex -19.1388 -5.80569 3
    endloop
  endfacet
  facet normal 0 0 1
    outer loop
      vertex -20 0 3
      vertex -15 0 3
      vertex -19.9037 1.96034 3
    endloop
  endfacet
  facet normal 0 0 1
    outer loop
      vertex -14.866 -0.5 3
      vertex -19.9037 -1.96034 3
      vertex -19.6157 -3.90181 3
    endloop
  endfacet
  facet normal 0 0 1
    outer loop
      vertex -15 0 3
      vertex -20 0 3
      vertex -19.9037 -1.96034 3
    endloop
  endfacet
  facet normal 0 0 1
    outer loop
      vertex -7.5829 -3.80064 3
      vertex -8.46731 -0.5 3
      vertex -8.0829 -3.66667 3
    endloop
  endfacet
  facet normal -0 0 1
    outer loop
      vertex -8.83333 -0.866025 3
      vertex -8.0829 -3.66667 3
      vertex -8.46731 -0.5 3
    endloop
  endfacet
  facet normal 0 0 1
    outer loop
      vertex -8.0829 -3.66667 3
      vertex -8.83333 -0.866025 3
      vertex -8.5829 -3.80064 3
    endloop
  endfacet
  facet normal -0 0 1
    outer loop
      vertex -9.33333 -1 3
      vertex -8.5829 -3.80064 3
      vertex -8.83333 -0.866025 3
    endloop
  endfacet
  facet normal 0 0 1
    outer loop
      vertex -8.5829 -3.80064 3
      vertex -9.33333 -1 3
      vertex -8.94893 -4.16667 3
    endloop
  endfacet
  facet normal 0 0 1
    outer loop
      vertex -9.83333 -0.866025 3
      vertex -8.94893 -4.16667 3
      vertex -9.33333 -1 3
    endloop
  endfacet
  facet normal 0 0 1
    outer loop
      vertex -8.46731 0.5 3
      vertex -5.53269 0.5 3
      vertex -7.5829 3.80064 3
    endloop
  endfacet
  facet normal 0 0 1
    outer loop
      vertex -5.66667 0 3
      vertex -7.21688 -4.16667 3
      vertex -7.0829 -4.66667 3
    endloop
  endfacet
  facet normal 0 0 1
    outer loop
      vertex -5.53269 0.5 3
      vertex -8.46731 0.5 3
      vertex -5.66667 0 3
    endloop
  endfacet
  facet normal 0 0 1
    outer loop
      vertex -8.46731 -0.5 3
      vertex -5.66667 0 3
      vertex -8.33333 0 3
    endloop
  endfacet
  facet normal 0 0 1
    outer loop
      vertex -8.46731 0.5 3
      vertex -7.5829 3.80064 3
      vertex -8.0829 3.66667 3
    endloop
  endfacet
  facet normal 0 0 1
    outer loop
      vertex -5.66667 0 3
      vertex -7.5829 -3.80064 3
      vertex -7.21688 -4.16667 3
    endloop
  endfacet
  facet normal 0 0 1
    outer loop
      vertex -5.66667 0 3
      vertex -8.46731 -0.5 3
      vertex -7.5829 -3.80064 3
    endloop
  endfacet
  facet normal 0 0 1
    outer loop
      vertex -5.66667 0 3
      vertex -8.46731 0.5 3
      vertex -8.33333 0 3
    endloop
  endfacet
  facet normal 0 0 1
    outer loop
      vertex -8.83333 0.866025 3
      vertex -8.0829 3.66667 3
      vertex -8.5829 3.80064 3
    endloop
  endfacet
  facet normal 0 0 1
    outer loop
      vertex -8.0829 3.66667 3
      vertex -8.83333 0.866025 3
      vertex -8.46731 0.5 3
    endloop
  endfacet
  facet normal 0 0 1
    outer loop
      vertex -9.33333 1 3
      vertex -8.5829 3.80064 3
      vertex -8.94893 4.16667 3
    endloop
  endfacet
  facet normal 0 0 1
    outer loop
      vertex -12.2897 4.28828 3
      vertex -9.0829 4.66667 3
      vertex -12.1557 4.78828 3
    endloop
  endfacet
  facet normal 0 0 1
    outer loop
      vertex -8.5829 3.80064 3
      vertex -9.33333 1 3
      vertex -8.83333 0.866025 3
    endloop
  endfacet
  facet normal -0 0 1
    outer loop
      vertex -7.5829 3.80064 3
      vertex -5.16667 0.866025 3
      vertex -7.21688 4.16667 3
    endloop
  endfacet
  facet normal 0 0 1
    outer loop
      vertex -5.16667 0.866025 3
      vertex -7.5829 3.80064 3
      vertex -5.53269 0.5 3
    endloop
  endfacet
  facet normal 0 0 1
    outer loop
      vertex -7.21688 5.16667 3
      vertex -6.13397 11.6244 3
      vertex -6.5 11.2583 3
    endloop
  endfacet
  facet normal 0 -0 1
    outer loop
      vertex -6.13397 -11.6244 3
      vertex -5.66667 0 3
      vertex -7.0829 -4.66667 3
    endloop
  endfacet
  facet normal 0 0 1
    outer loop
      vertex -7.5829 5.53269 3
      vertex -6.5 11.2583 3
      vertex -7 11.1244 3
    endloop
  endfacet
  facet normal 0 0 1
    outer loop
      vertex -5.66667 0 3
      vertex -6.13397 -11.6244 3
      vertex -6 -12.1244 3
    endloop
  endfacet
  facet normal -0 0 1
    outer loop
      vertex -7.21688 -5.16667 3
      vertex -6.13397 -11.6244 3
      vertex -7.0829 -4.66667 3
    endloop
  endfacet
  facet normal 0 0 1
    outer loop
      vertex -6.13397 11.6244 3
      vertex -7.21688 5.16667 3
      vertex -7.0829 4.66667 3
    endloop
  endfacet
  facet normal 0 0 1
    outer loop
      vertex -9.72462 8.99903 3
      vertex -7 11.1244 3
      vertex -7.5 11.2583 3
    endloop
  endfacet
  facet normal 0 0 1
    outer loop
      vertex -6.5 11.2583 3
      vertex -7.5829 5.53269 3
      vertex -7.21688 5.16667 3
    endloop
  endfacet
  facet normal 0 0 1
    outer loop
      vertex -9.8586 9.49903 3
      vertex -7.5 11.2583 3
      vertex -7.86602 11.6244 3
    endloop
  endfacet
  facet normal 0 0 1
    outer loop
      vertex -9.8586 9.49903 3
      vertex -7.86602 11.6244 3
      vertex -8 12.1244 3
    endloop
  endfacet
  facet normal 0 0 1
    outer loop
      vertex -7 11.1244 3
      vertex -9.72462 8.99903 3
      vertex -7.5829 5.53269 3
    endloop
  endfacet
  facet normal -0 0 1
    outer loop
      vertex -6.5 -12.9904 3
      vertex -3.43107 -13.7873 3
      vertex -6.13397 -12.6244 3
    endloop
  endfacet
  facet normal 0 0 1
    outer loop
      vertex -3.43107 -13.7873 3
      vertex -6.5 -12.9904 3
      vertex -3.2971 -14.2873 3
    endloop
  endfacet
  facet normal 0 0 1
    outer loop
      vertex -7.65367 -18.4776 3
      vertex -3.2971 -14.2873 3
      vertex -6.5 -12.9904 3
    endloop
  endfacet
  facet normal 0 0 1
    outer loop
      vertex -7.65367 -18.4776 3
      vertex -6.5 -12.9904 3
      vertex -7 -13.1244 3
    endloop
  endfacet
  facet normal 0 0 1
    outer loop
      vertex -9.42793 -17.6384 3
      vertex -7 -13.1244 3
      vertex -7.5 -12.9904 3
    endloop
  endfacet
  facet normal 0 0 1
    outer loop
      vertex -3.2971 -14.2873 3
      vertex -7.65367 -18.4776 3
      vertex -5.80569 -19.1388 3
    endloop
  endfacet
  facet normal 0 0 1
    outer loop
      vertex -9.42793 -17.6384 3
      vertex -7.5 -12.9904 3
      vertex -7.86602 -12.6244 3
    endloop
  endfacet
  facet normal 0 0 1
    outer loop
      vertex -9.42793 -17.6384 3
      vertex -7.86602 -12.6244 3
      vertex -8 -12.1244 3
    endloop
  endfacet
  facet normal -0 0 1
    outer loop
      vertex -9.8586 -9.49903 3
      vertex -7.5 -11.2583 3
      vertex -9.72462 -8.99903 3
    endloop
  endfacet
  facet normal 0 0 1
    outer loop
      vertex -7.5 -11.2583 3
      vertex -9.8586 -9.49903 3
      vertex -7.86602 -11.6244 3
    endloop
  endfacet
  facet normal 0 0 1
    outer loop
      vertex -10.2246 -8.133 3
      vertex -8.5829 -5.53269 3
      vertex -8.94893 -5.16667 3
    endloop
  endfacet
  facet normal -0 0 1
    outer loop
      vertex -12.1557 -4.78828 3
      vertex -8.94893 -5.16667 3
      vertex -9.0829 -4.66667 3
    endloop
  endfacet
  facet normal -0 0 1
    outer loop
      vertex -10.2246 -9.86505 3
      vertex -7.86602 -11.6244 3
      vertex -9.8586 -9.49903 3
    endloop
  endfacet
  facet normal 0 0 1
    outer loop
      vertex -12.1557 -4.78828 3
      vertex -8.94893 -4.16667 3
      vertex -9.83333 -0.866025 3
    endloop
  endfacet
  facet normal 0 0 1
    outer loop
      vertex -7 -13.1244 3
      vertex -9.42793 -17.6384 3
      vertex -7.65367 -18.4776 3
    endloop
  endfacet
  facet normal 0 0 1
    outer loop
      vertex -12.1557 -4.78828 3
      vertex -9.83333 -0.866025 3
      vertex -10.1994 -0.5 3
    endloop
  endfacet
  facet normal 0 0 1
    outer loop
      vertex -8.5829 -5.53269 3
      vertex -9.8586 -8.49903 3
      vertex -9.72462 -8.99903 3
    endloop
  endfacet
  facet normal 0 0 1
    outer loop
      vertex -8.94893 -4.16667 3
      vertex -12.1557 -4.78828 3
      vertex -9.0829 -4.66667 3
    endloop
  endfacet
  facet normal 0 0 1
    outer loop
      vertex -8.5829 -5.53269 3
      vertex -10.2246 -8.133 3
      vertex -9.8586 -8.49903 3
    endloop
  endfacet
  facet normal 0 0 1
    outer loop
      vertex -12.1557 -4.78828 3
      vertex -10.1994 -0.5 3
      vertex -10.3333 0 3
    endloop
  endfacet
  facet normal 0 0 1
    outer loop
      vertex -12.1557 4.78828 3
      vertex -11.2246 8.133 3
      vertex -11.5906 8.49903 3
    endloop
  endfacet
  facet normal 0 0 1
    outer loop
      vertex -8.94893 -5.16667 3
      vertex -10.7246 -7.99903 3
      vertex -10.2246 -8.133 3
    endloop
  endfacet
  facet normal 0 0 1
    outer loop
      vertex -8.94893 4.16667 3
      vertex -12.2897 4.28828 3
      vertex -9.83333 0.866025 3
    endloop
  endfacet
  facet normal 0 0 1
    outer loop
      vertex -12.2897 -5.28828 3
      vertex -8.94893 -5.16667 3
      vertex -12.1557 -4.78828 3
    endloop
  endfacet
  facet normal -0 0 1
    outer loop
      vertex -12.6557 3.92226 3
      vertex -9.83333 0.866025 3
      vertex -12.2897 4.28828 3
    endloop
  endfacet
  facet normal 0 0 1
    outer loop
      vertex -8.94893 -5.16667 3
      vertex -12.2897 -5.28828 3
      vertex -10.7246 -7.99903 3
    endloop
  endfacet
  facet normal 0 0 1
    outer loop
      vertex -13.1557 5.78828 3
      vertex -11.5906 8.49903 3
      vertex -11.7246 8.99903 3
    endloop
  endfacet
  facet normal 0 0 1
    outer loop
      vertex -9.83333 0.866025 3
      vertex -12.6557 3.92226 3
      vertex -10.1994 0.5 3
    endloop
  endfacet
  facet normal 0 0 1
    outer loop
      vertex -6.13397 -11.6244 3
      vertex -7.21688 -5.16667 3
      vertex -6.5 -11.2583 3
    endloop
  endfacet
  facet normal -0 0 1
    outer loop
      vertex -7.5829 -5.53269 3
      vertex -6.5 -11.2583 3
      vertex -7.21688 -5.16667 3
    endloop
  endfacet
  facet normal 0 0 1
    outer loop
      vertex -6.5 -11.2583 3
      vertex -7.5829 -5.53269 3
      vertex -7 -11.1244 3
    endloop
  endfacet
  facet normal 0 0 1
    outer loop
      vertex -9.72462 -8.99903 3
      vertex -7.5829 -5.53269 3
      vertex -8.0829 -5.66667 3
    endloop
  endfacet
  facet normal 0 0 1
    outer loop
      vertex -7.5829 -5.53269 3
      vertex -9.72462 -8.99903 3
      vertex -7 -11.1244 3
    endloop
  endfacet
  facet normal 0 0 1
    outer loop
      vertex -9.72462 -8.99903 3
      vertex -8.0829 -5.66667 3
      vertex -8.5829 -5.53269 3
    endloop
  endfacet
  facet normal 0 0 1
    outer loop
      vertex -7 -11.1244 3
      vertex -9.72462 -8.99903 3
      vertex -7.5 -11.2583 3
    endloop
  endfacet
  facet normal -0 0 1
    outer loop
      vertex -4.16667 -0.866025 3
      vertex -3.33333 -4.04145 3
      vertex -3.80064 -0.5 3
    endloop
  endfacet
  facet normal 0 0 1
    outer loop
      vertex -3.33333 -4.04145 3
      vertex -3.80064 -7.5829 3
      vertex -3.66667 -8.0829 3
    endloop
  endfacet
  facet normal -0 0 1
    outer loop
      vertex -4.66667 -1 3
      vertex -3.33333 -4.04145 3
      vertex -4.16667 -0.866025 3
    endloop
  endfacet
  facet normal 0 0 1
    outer loop
      vertex -3.33333 -4.04145 3
      vertex -4.16667 -7.21688 3
      vertex -3.80064 -7.5829 3
    endloop
  endfacet
  facet normal 0 0 1
    outer loop
      vertex -5.16667 -0.866025 3
      vertex -3.33333 -4.04145 3
      vertex -4.66667 -1 3
    endloop
  endfacet
  facet normal 0 0 1
    outer loop
      vertex -3.33333 -4.04145 3
      vertex -4.66667 -7.0829 3
      vertex -4.16667 -7.21688 3
    endloop
  endfacet
  facet normal 0 0 1
    outer loop
      vertex -5.16667 -7.21688 3
      vertex -3.33333 -4.04145 3
      vertex -5.16667 -0.866025 3
    endloop
  endfacet
  facet normal 0 0 1
    outer loop
      vertex -3.33333 -4.04145 3
      vertex -5.16667 -7.21688 3
      vertex -4.66667 -7.0829 3
    endloop
  endfacet
  facet normal 0 0 1
    outer loop
      vertex -5.53269 -0.5 3
      vertex -5.16667 -7.21688 3
      vertex -5.16667 -0.866025 3
    endloop
  endfacet
  facet normal 0 0 1
    outer loop
      vertex -5.53269 -0.5 3
      vertex -5.53269 -7.5829 3
      vertex -5.16667 -7.21688 3
    endloop
  endfacet
  facet normal 0 0 1
    outer loop
      vertex -5.66667 0 3
      vertex -5.53269 -7.5829 3
      vertex -5.53269 -0.5 3
    endloop
  endfacet
  facet normal 0 0 1
    outer loop
      vertex -5.53269 -7.5829 3
      vertex -5.66667 0 3
      vertex -5.66667 -8.0829 3
    endloop
  endfacet
  facet normal -0 0 1
    outer loop
      vertex -4.66667 7.0829 3
      vertex -3.19936 4.54145 3
      vertex -4.16667 7.21688 3
    endloop
  endfacet
  facet normal 0 0 1
    outer loop
      vertex -3.33333 4.04145 3
      vertex -3.80064 0.5 3
      vertex -3.66667 0 3
    endloop
  endfacet
  facet normal -0 0 1
    outer loop
      vertex -7.0829 4.66667 3
      vertex -3.19936 4.54145 3
      vertex -4.66667 7.0829 3
    endloop
  endfacet
  facet normal 0 0 1
    outer loop
      vertex -3.33333 4.04145 3
      vertex -4.16667 0.866025 3
      vertex -3.80064 0.5 3
    endloop
  endfacet
  facet normal 0 0 1
    outer loop
      vertex -7.0829 4.66667 3
      vertex -4.66667 7.0829 3
      vertex -5.16667 7.21688 3
    endloop
  endfacet
  facet normal 0 0 1
    outer loop
      vertex -3.33333 4.04145 3
      vertex -4.66667 1 3
      vertex -4.16667 0.866025 3
    endloop
  endfacet
  facet normal 0 0 1
    outer loop
      vertex -3.19936 4.54145 3
      vertex -7.0829 4.66667 3
      vertex -3.33333 4.04145 3
    endloop
  endfacet
  facet normal -0 0 1
    outer loop
      vertex -7.21688 4.16667 3
      vertex -3.33333 4.04145 3
      vertex -7.0829 4.66667 3
    endloop
  endfacet
  facet normal 0 0 1
    outer loop
      vertex -7.0829 4.66667 3
      vertex -5.16667 7.21688 3
      vertex -5.53269 7.5829 3
    endloop
  endfacet
  facet normal 0 0 1
    outer loop
      vertex -3.33333 4.04145 3
      vertex -7.21688 4.16667 3
      vertex -4.66667 1 3
    endloop
  endfacet
  facet normal 0 0 1
    outer loop
      vertex -7.0829 4.66667 3
      vertex -5.53269 7.5829 3
      vertex -5.66667 8.0829 3
    endloop
  endfacet
  facet normal 0 0 1
    outer loop
      vertex -4.66667 1 3
      vertex -7.21688 4.16667 3
      vertex -5.16667 0.866025 3
    endloop
  endfacet
  facet normal -0 0 1
    outer loop
      vertex -3.66667 -8.0829 3
      vertex -0.5 -8.46731 3
      vertex -2.33333 -5.04145 3
    endloop
  endfacet
  facet normal 0 0 1
    outer loop
      vertex -1 -9.33333 3
      vertex -1.56505 -13.2873 3
      vertex -1.43107 -13.7873 3
    endloop
  endfacet
  facet normal 0 0 1
    outer loop
      vertex -0.5 -8.46731 3
      vertex -3.66667 -8.0829 3
      vertex -0.866025 -8.83333 3
    endloop
  endfacet
  facet normal 0 0 1
    outer loop
      vertex -1 -9.33333 3
      vertex -1.93107 -12.9213 3
      vertex -1.56505 -13.2873 3
    endloop
  endfacet
  facet normal 0 0 1
    outer loop
      vertex -0.866025 -8.83333 3
      vertex -3.66667 -8.0829 3
      vertex -1 -9.33333 3
    endloop
  endfacet
  facet normal -0 0 1
    outer loop
      vertex -3.80064 -8.5829 3
      vertex -1 -9.33333 3
      vertex -3.66667 -8.0829 3
    endloop
  endfacet
  facet normal 0 0 1
    outer loop
      vertex -3.66667 -8.0829 3
      vertex -2.33333 -5.04145 3
      vertex -2.83333 -4.90748 3
    endloop
  endfacet
  facet normal -0 0 1
    outer loop
      vertex -4.16667 -8.94893 3
      vertex -1 -9.33333 3
      vertex -3.80064 -8.5829 3
    endloop
  endfacet
  facet normal 0 0 1
    outer loop
      vertex -3.66667 -8.0829 3
      vertex -2.83333 -4.90748 3
      vertex -3.19936 -4.54145 3
    endloop
  endfacet
  facet normal 0 0 1
    outer loop
      vertex -1 -9.33333 3
      vertex -2.43107 -12.7873 3
      vertex -1.93107 -12.9213 3
    endloop
  endfacet
  facet normal 0 0 1
    outer loop
      vertex -3.66667 -8.0829 3
      vertex -3.19936 -4.54145 3
      vertex -3.33333 -4.04145 3
    endloop
  endfacet
  facet normal 0 0 1
    outer loop
      vertex -2.83333 4.90748 3
      vertex -4.16667 7.21688 3
      vertex -3.19936 4.54145 3
    endloop
  endfacet
  facet normal -0 0 1
    outer loop
      vertex -3.80064 -0.5 3
      vertex -3.33333 -4.04145 3
      vertex -3.66667 0 3
    endloop
  endfacet
  facet normal -0 0 1
    outer loop
      vertex -2.33333 3.04145 3
      vertex -0.866025 0.5 3
      vertex -1.83333 3.17543 3
    endloop
  endfacet
  facet normal 0 0 1
    outer loop
      vertex -1 0 3
      vertex -1.46731 -3.54145 3
      vertex -1.33333 -4.04145 3
    endloop
  endfacet
  facet normal 0 0 1
    outer loop
      vertex -0.866025 0.5 3
      vertex -2.33333 3.04145 3
      vertex -1 0 3
    endloop
  endfacet
  facet normal 0 0 1
    outer loop
      vertex -1 0 3
      vertex -1.83333 -3.17543 3
      vertex -1.46731 -3.54145 3
    endloop
  endfacet
  facet normal 0 0 1
    outer loop
      vertex -2.83333 3.17543 3
      vertex -1 0 3
      vertex -2.33333 3.04145 3
    endloop
  endfacet
  facet normal 0 0 1
    outer loop
      vertex -1 0 3
      vertex -2.33333 -3.04145 3
      vertex -1.83333 -3.17543 3
    endloop
  endfacet
  facet normal 0 0 1
    outer loop
      vertex -2.83333 -3.17543 3
      vertex -1 0 3
      vertex -2.83333 3.17543 3
    endloop
  endfacet
  facet normal 0 0 1
    outer loop
      vertex -1 0 3
      vertex -2.83333 -3.17543 3
      vertex -2.33333 -3.04145 3
    endloop
  endfacet
  facet normal 0 0 1
    outer loop
      vertex -3.19936 3.54145 3
      vertex -2.83333 -3.17543 3
      vertex -2.83333 3.17543 3
    endloop
  endfacet
  facet normal 0 0 1
    outer loop
      vertex -3.19936 3.54145 3
      vertex -3.19936 -3.54145 3
      vertex -2.83333 -3.17543 3
    endloop
  endfacet
  facet normal 0 0 1
    outer loop
      vertex -3.33333 4.04145 3
      vertex -3.19936 -3.54145 3
      vertex -3.19936 3.54145 3
    endloop
  endfacet
  facet normal 0 0 1
    outer loop
      vertex -3.19936 -3.54145 3
      vertex -3.33333 4.04145 3
      vertex -3.33333 -4.04145 3
    endloop
  endfacet
  facet normal -0 0 1
    outer loop
      vertex 0 -1 3
      vertex 1.46731 -3.54145 3
      vertex 0.5 -0.866025 3
    endloop
  endfacet
  facet normal 0 0 1
    outer loop
      vertex 1.33333 -4.04145 3
      vertex 0.866025 -8.83333 3
      vertex 1 -9.33333 3
    endloop
  endfacet
  facet normal 0 0 1
    outer loop
      vertex -1.33333 -4.04145 3
      vertex 1.46731 -3.54145 3
      vertex 0 -1 3
    endloop
  endfacet
  facet normal 0 0 1
    outer loop
      vertex 1.33333 -4.04145 3
      vertex 0.5 -8.46731 3
      vertex 0.866025 -8.83333 3
    endloop
  endfacet
  facet normal 0 0 1
    outer loop
      vertex 1.46731 -3.54145 3
      vertex -1.33333 -4.04145 3
      vertex 1.33333 -4.04145 3
    endloop
  endfacet
  facet normal 0 0 1
    outer loop
      vertex -1.46731 -4.54145 3
      vertex 1.33333 -4.04145 3
      vertex -1.33333 -4.04145 3
    endloop
  endfacet
  facet normal 0 0 1
    outer loop
      vertex -1.33333 -4.04145 3
      vertex 0 -1 3
      vertex -0.5 -0.866025 3
    endloop
  endfacet
  facet normal 0 0 1
    outer loop
      vertex 1.33333 -4.04145 3
      vertex 0 -8.33333 3
      vertex 0.5 -8.46731 3
    endloop
  endfacet
  facet normal 0 0 1
    outer loop
      vertex -1.33333 -4.04145 3
      vertex -0.5 -0.866025 3
      vertex -0.866025 -0.5 3
    endloop
  endfacet
  facet normal 0 0 1
    outer loop
      vertex 1.33333 -4.04145 3
      vertex -1.46731 -4.54145 3
      vertex 0 -8.33333 3
    endloop
  endfacet
  facet normal 0 0 1
    outer loop
      vertex -1.33333 -4.04145 3
      vertex -0.866025 -0.5 3
      vertex -1 0 3
    endloop
  endfacet
  facet normal -0 0 1
    outer loop
      vertex -1.83333 -4.90748 3
      vertex 0 -8.33333 3
      vertex -1.46731 -4.54145 3
    endloop
  endfacet
  facet normal 0 0 1
    outer loop
      vertex 1.83333 4.90748 3
      vertex 0 8.33333 3
      vertex 1.46731 4.54145 3
    endloop
  endfacet
  facet normal 0 0 1
    outer loop
      vertex 1.33333 4.04145 3
      vertex 0.866025 0.5 3
      vertex 1 0 3
    endloop
  endfacet
  facet normal 0 0 1
    outer loop
      vertex -1.46731 4.54145 3
      vertex 1.46731 4.54145 3
      vertex 0 8.33333 3
    endloop
  endfacet
  facet normal 0 0 1
    outer loop
      vertex 1.33333 4.04145 3
      vertex 0.5 0.866025 3
      vertex 0.866025 0.5 3
    endloop
  endfacet
  facet normal 0 0 1
    outer loop
      vertex 1.46731 4.54145 3
      vertex -1.46731 4.54145 3
      vertex 1.33333 4.04145 3
    endloop
  endfacet
  facet normal 0 0 1
    outer loop
      vertex -1.46731 3.54145 3
      vertex 1.33333 4.04145 3
      vertex -1.33333 4.04145 3
    endloop
  endfacet
  facet normal 0 0 1
    outer loop
      vertex -1.83333 4.90748 3
      vertex 0 8.33333 3
      vertex -0.5 8.46731 3
    endloop
  endfacet
  facet normal 0 0 1
    outer loop
      vertex 1.33333 4.04145 3
      vertex 0 1 3
      vertex 0.5 0.866025 3
    endloop
  endfacet
  facet normal 0 0 1
    outer loop
      vertex -3.66667 8.0829 3
      vertex -0.5 8.46731 3
      vertex -0.866025 8.83333 3
    endloop
  endfacet
  facet normal 0 0 1
    outer loop
      vertex 1.33333 4.04145 3
      vertex -1.46731 3.54145 3
      vertex 0 1 3
    endloop
  endfacet
  facet normal 0 0 1
    outer loop
      vertex -3.66667 8.0829 3
      vertex -0.866025 8.83333 3
      vertex -1 9.33333 3
    endloop
  endfacet
  facet normal 0 0 1
    outer loop
      vertex 0 1 3
      vertex -1.46731 3.54145 3
      vertex -0.5 0.866025 3
    endloop
  endfacet
  facet normal 0 0 1
    outer loop
      vertex 1.33333 4.04145 3
      vertex -1.46731 4.54145 3
      vertex -1.33333 4.04145 3
    endloop
  endfacet
  facet normal 0 0 1
    outer loop
      vertex -0.5 10.1994 3
      vertex -2.43107 12.7873 3
      vertex -0.866025 9.83333 3
    endloop
  endfacet
  facet normal 0 0 1
    outer loop
      vertex 0 8.33333 3
      vertex -1.83333 4.90748 3
      vertex -1.46731 4.54145 3
    endloop
  endfacet
  facet normal 0 0 1
    outer loop
      vertex -3.66667 8.0829 3
      vertex -2.43107 12.7873 3
      vertex -2.93107 12.9213 3
    endloop
  endfacet
  facet normal 0 0 1
    outer loop
      vertex -0.5 8.46731 3
      vertex -2.33333 5.04145 3
      vertex -1.83333 4.90748 3
    endloop
  endfacet
  facet normal 0 0 1
    outer loop
      vertex -2.43107 12.7873 3
      vertex -3.66667 8.0829 3
      vertex -0.866025 9.83333 3
    endloop
  endfacet
  facet normal 0 0 1
    outer loop
      vertex -3.80064 7.5829 3
      vertex -0.5 8.46731 3
      vertex -3.66667 8.0829 3
    endloop
  endfacet
  facet normal 0 0 1
    outer loop
      vertex -0.866025 9.83333 3
      vertex -3.66667 8.0829 3
      vertex -1 9.33333 3
    endloop
  endfacet
  facet normal 0 0 1
    outer loop
      vertex -0.5 8.46731 3
      vertex -3.80064 7.5829 3
      vertex -2.33333 5.04145 3
    endloop
  endfacet
  facet normal 0 0 1
    outer loop
      vertex -3.66667 8.0829 3
      vertex -2.93107 12.9213 3
      vertex -3.2971 13.2873 3
    endloop
  endfacet
  facet normal 0 0 1
    outer loop
      vertex -2.33333 5.04145 3
      vertex -3.80064 7.5829 3
      vertex -2.83333 4.90748 3
    endloop
  endfacet
  facet normal -0 0 1
    outer loop
      vertex -4.16667 7.21688 3
      vertex -2.83333 4.90748 3
      vertex -3.80064 7.5829 3
    endloop
  endfacet
  facet normal 0 0 1
    outer loop
      vertex -3.66667 8.0829 3
      vertex -3.2971 13.2873 3
      vertex -3.43107 13.7873 3
    endloop
  endfacet
  facet normal -0 0 1
    outer loop
      vertex 2.33333 3.04145 3
      vertex 3.80064 0.5 3
      vertex 2.83333 3.17543 3
    endloop
  endfacet
  facet normal 0 0 1
    outer loop
      vertex 3.66667 0 3
      vertex 3.19936 -3.54145 3
      vertex 3.33333 -4.04145 3
    endloop
  endfacet
  facet normal 0 0 1
    outer loop
      vertex 1 0 3
      vertex 3.80064 0.5 3
      vertex 2.33333 3.04145 3
    endloop
  endfacet
  facet normal 0 0 1
    outer loop
      vertex 3.66667 0 3
      vertex 2.83333 -3.17543 3
      vertex 3.19936 -3.54145 3
    endloop
  endfacet
  facet normal 0 0 1
    outer loop
      vertex 3.80064 0.5 3
      vertex 1 0 3
      vertex 3.66667 0 3
    endloop
  endfacet
  facet normal 0 0 1
    outer loop
      vertex 0.866025 -0.5 3
      vertex 3.66667 0 3
      vertex 1 0 3
    endloop
  endfacet
  facet normal 0 0 1
    outer loop
      vertex 1 0 3
      vertex 2.33333 3.04145 3
      vertex 1.83333 3.17543 3
    endloop
  endfacet
  facet normal 0 0 1
    outer loop
      vertex 3.66667 0 3
      vertex 2.33333 -3.04145 3
      vertex 2.83333 -3.17543 3
    endloop
  endfacet
  facet normal 0 0 1
    outer loop
      vertex 1 0 3
      vertex 1.83333 3.17543 3
      vertex 1.46731 3.54145 3
    endloop
  endfacet
  facet normal 0 0 1
    outer loop
      vertex 3.66667 0 3
      vertex 0.866025 -0.5 3
      vertex 2.33333 -3.04145 3
    endloop
  endfacet
  facet normal 0 0 1
    outer loop
      vertex 1 0 3
      vertex 1.46731 3.54145 3
      vertex 1.33333 4.04145 3
    endloop
  endfacet
  facet normal 0 0 1
    outer loop
      vertex 2.33333 -3.04145 3
      vertex 0.866025 -0.5 3
      vertex 1.83333 -3.17543 3
    endloop
  endfacet
  facet normal -0 0 1
    outer loop
      vertex 2.83333 -4.90748 3
      vertex 4.16667 -7.21688 3
      vertex 3.19936 -4.54145 3
    endloop
  endfacet
  facet normal -0 0 1
    outer loop
      vertex 0.866025 9.83333 3
      vertex 4.16667 8.94893 3
      vertex 2.43107 12.7873 3
    endloop
  endfacet
  facet normal 0 0 1
    outer loop
      vertex 3.66667 8.0829 3
      vertex 3.19936 4.54145 3
      vertex 3.33333 4.04145 3
    endloop
  endfacet
  facet normal 0 0 1
    outer loop
      vertex 4.16667 8.94893 3
      vertex 0.866025 9.83333 3
      vertex 3.80064 8.5829 3
    endloop
  endfacet
  facet normal 0 0 1
    outer loop
      vertex 3.66667 8.0829 3
      vertex 2.83333 4.90748 3
      vertex 3.19936 4.54145 3
    endloop
  endfacet
  facet normal -0 -0 1
    outer loop
      vertex 1 9.33333 3
      vertex 3.80064 8.5829 3
      vertex 0.866025 9.83333 3
    endloop
  endfacet
  facet normal -0 0 1
    outer loop
      vertex 0.866025 8.83333 3
      vertex 3.66667 8.0829 3
      vertex 1 9.33333 3
    endloop
  endfacet
  facet normal 0 0 1
    outer loop
      vertex 0.5 10.1994 3
      vertex 2.43107 12.7873 3
      vertex 1.93107 12.9213 3
    endloop
  endfacet
  facet normal 0 0 1
    outer loop
      vertex 3.66667 8.0829 3
      vertex 2.33333 5.04145 3
      vertex 2.83333 4.90748 3
    endloop
  endfacet
  facet normal 0 0 1
    outer loop
      vertex 0 10.3333 3
      vertex 1.93107 12.9213 3
      vertex 1.56505 13.2873 3
    endloop
  endfacet
  facet normal -0 0 1
    outer loop
      vertex 0.5 8.46731 3
      vertex 3.66667 8.0829 3
      vertex 0.866025 8.83333 3
    endloop
  endfacet
  facet normal -0 0 1
    outer loop
      vertex -1.43107 13.7873 3
      vertex 1.56505 13.2873 3
      vertex 1.43107 13.7873 3
    endloop
  endfacet
  facet normal 0 0 1
    outer loop
      vertex 3.66667 8.0829 3
      vertex 0.5 8.46731 3
      vertex 2.33333 5.04145 3
    endloop
  endfacet
  facet normal -0 0 1
    outer loop
      vertex 4.66667 -1 3
      vertex 7.21688 -4.16667 3
      vertex 5.16667 -0.866025 3
    endloop
  endfacet
  facet normal 0 0 1
    outer loop
      vertex 7.0829 -4.66667 3
      vertex 5.53269 -7.5829 3
      vertex 5.66667 -8.0829 3
    endloop
  endfacet
  facet normal -0 0 1
    outer loop
      vertex 3.33333 -4.04145 3
      vertex 7.21688 -4.16667 3
      vertex 4.66667 -1 3
    endloop
  endfacet
  facet normal 0 0 1
    outer loop
      vertex 7.0829 -4.66667 3
      vertex 5.16667 -7.21688 3
      vertex 5.53269 -7.5829 3
    endloop
  endfacet
  facet normal 0 0 1
    outer loop
      vertex 7.21688 -4.16667 3
      vertex 3.33333 -4.04145 3
      vertex 7.0829 -4.66667 3
    endloop
  endfacet
  facet normal 0 0 1
    outer loop
      vertex 7.0829 -4.66667 3
      vertex 4.66667 -7.0829 3
      vertex 5.16667 -7.21688 3
    endloop
  endfacet
  facet normal 0 0 1
    outer loop
      vertex 3.33333 -4.04145 3
      vertex 4.66667 -1 3
      vertex 4.16667 -0.866025 3
    endloop
  endfacet
  facet normal -0 0 1
    outer loop
      vertex 3.19936 -4.54145 3
      vertex 7.0829 -4.66667 3
      vertex 3.33333 -4.04145 3
    endloop
  endfacet
  facet normal 0 0 1
    outer loop
      vertex 3.33333 -4.04145 3
      vertex 4.16667 -0.866025 3
      vertex 3.80064 -0.5 3
    endloop
  endfacet
  facet normal 0 0 1
    outer loop
      vertex 7.0829 -4.66667 3
      vertex 3.19936 -4.54145 3
      vertex 4.66667 -7.0829 3
    endloop
  endfacet
  facet normal 0 0 1
    outer loop
      vertex 3.33333 -4.04145 3
      vertex 3.80064 -0.5 3
      vertex 3.66667 0 3
    endloop
  endfacet
  facet normal 0 0 1
    outer loop
      vertex 4.66667 -7.0829 3
      vertex 3.19936 -4.54145 3
      vertex 4.16667 -7.21688 3
    endloop
  endfacet
  facet normal 0 0 1
    outer loop
      vertex 7.21688 5.16667 3
      vertex 5.16667 7.21688 3
      vertex 7.0829 4.66667 3
    endloop
  endfacet
  facet normal 0 0 1
    outer loop
      vertex 7.0829 4.66667 3
      vertex 5.53269 0.5 3
      vertex 5.66667 0 3
    endloop
  endfacet
  facet normal -0 0 1
    outer loop
      vertex 4.66667 7.0829 3
      vertex 7.0829 4.66667 3
      vertex 5.16667 7.21688 3
    endloop
  endfacet
  facet normal 0 0 1
    outer loop
      vertex 7.0829 4.66667 3
      vertex 5.16667 0.866025 3
      vertex 5.53269 0.5 3
    endloop
  endfacet
  facet normal 0 0 1
    outer loop
      vertex 3.33333 4.04145 3
      vertex 7.0829 4.66667 3
      vertex 4.66667 7.0829 3
    endloop
  endfacet
  facet normal 0 0 1
    outer loop
      vertex 7.0829 4.66667 3
      vertex 4.66667 1 3
      vertex 5.16667 0.866025 3
    endloop
  endfacet
  facet normal 0 0 1
    outer loop
      vertex 3.33333 4.04145 3
      vertex 4.66667 7.0829 3
      vertex 4.16667 7.21688 3
    endloop
  endfacet
  facet normal 0 0 1
    outer loop
      vertex 3.19936 3.54145 3
      vertex 7.0829 4.66667 3
      vertex 3.33333 4.04145 3
    endloop
  endfacet
  facet normal 0 0 1
    outer loop
      vertex 3.33333 4.04145 3
      vertex 4.16667 7.21688 3
      vertex 3.80064 7.5829 3
    endloop
  endfacet
  facet normal 0 0 1
    outer loop
      vertex 7.0829 4.66667 3
      vertex 3.19936 3.54145 3
      vertex 4.66667 1 3
    endloop
  endfacet
  facet normal 0 0 1
    outer loop
      vertex 3.33333 4.04145 3
      vertex 3.80064 7.5829 3
      vertex 3.66667 8.0829 3
    endloop
  endfacet
  facet normal 0 0 1
    outer loop
      vertex 4.66667 1 3
      vertex 3.19936 3.54145 3
      vertex 4.16667 0.866025 3
    endloop
  endfacet
  facet normal -0 0 1
    outer loop
      vertex 5.16667 -8.94893 3
      vertex 6.5 -11.2583 3
      vertex 5.53269 -8.5829 3
    endloop
  endfacet
  facet normal 0 0 1
    outer loop
      vertex 6.5 -11.2583 3
      vertex 5.16667 -8.94893 3
      vertex 6.13397 -11.6244 3
    endloop
  endfacet
  facet normal -0 0 1
    outer loop
      vertex 4.66667 -9.0829 3
      vertex 6.13397 -11.6244 3
      vertex 5.16667 -8.94893 3
    endloop
  endfacet
  facet normal 0 0 1
    outer loop
      vertex 6.13397 -11.6244 3
      vertex 4.66667 -9.0829 3
      vertex 6 -12.1244 3
    endloop
  endfacet
  facet normal 0 0 1
    outer loop
      vertex 4.16667 -8.94893 3
      vertex 6 -12.1244 3
      vertex 4.66667 -9.0829 3
    endloop
  endfacet
  facet normal 0 0 1
    outer loop
      vertex 6 -12.1244 3
      vertex 4.16667 -8.94893 3
      vertex 3.43107 -13.7873 3
    endloop
  endfacet
  facet normal 0 0 1
    outer loop
      vertex 3.2971 -14.2873 3
      vertex 6 -12.1244 3
      vertex 3.43107 -13.7873 3
    endloop
  endfacet
  facet normal 0 0 1
    outer loop
      vertex 3.43107 -13.7873 3
      vertex 4.16667 -8.94893 3
      vertex 3.80064 -8.5829 3
    endloop
  endfacet
  facet normal 0 0 1
    outer loop
      vertex 3.43107 -13.7873 3
      vertex 3.80064 -8.5829 3
      vertex 3.66667 -8.0829 3
    endloop
  endfacet
  facet normal 0 0 1
    outer loop
      vertex 4.16667 0.866025 3
      vertex 2.83333 3.17543 3
      vertex 3.80064 0.5 3
    endloop
  endfacet
  facet normal 0 0 1
    outer loop
      vertex 6 -12.1244 3
      vertex 3.2971 -14.2873 3
      vertex 5.80569 -19.1388 3
    endloop
  endfacet
  facet normal -0 0 1
    outer loop
      vertex 2.93107 -14.6533 3
      vertex 5.80569 -19.1388 3
      vertex 3.2971 -14.2873 3
    endloop
  endfacet
  facet normal 0 0 1
    outer loop
      vertex 5.80569 -19.1388 3
      vertex 2.93107 -14.6533 3
      vertex 3.90181 -19.6157 3
    endloop
  endfacet
  facet normal -0 0 1
    outer loop
      vertex 2.43107 -14.7873 3
      vertex 3.90181 -19.6157 3
      vertex 2.93107 -14.6533 3
    endloop
  endfacet
  facet normal 0 0 1
    outer loop
      vertex 2.43107 -14.7873 3
      vertex 1.96034 -19.9037 3
      vertex 3.90181 -19.6157 3
    endloop
  endfacet
  facet normal 0 0 1
    outer loop
      vertex 1.93107 -14.6533 3
      vertex 1.96034 -19.9037 3
      vertex 2.43107 -14.7873 3
    endloop
  endfacet
  facet normal 0 0 1
    outer loop
      vertex -1.93107 -14.6533 3
      vertex 1.93107 -14.6533 3
      vertex 1.56505 -14.2873 3
    endloop
  endfacet
  facet normal 0 0 1
    outer loop
      vertex -1.56505 -14.2873 3
      vertex 1.56505 -14.2873 3
      vertex 1.43107 -13.7873 3
    endloop
  endfacet
  facet normal -0 0 1
    outer loop
      vertex 0.5 -0.866025 3
      vertex 1.83333 -3.17543 3
      vertex 0.866025 -0.5 3
    endloop
  endfacet
  facet normal 0 0 1
    outer loop
      vertex 1.83333 -3.17543 3
      vertex 0.5 -0.866025 3
      vertex 1.46731 -3.54145 3
    endloop
  endfacet
  facet normal 0 0 1
    outer loop
      vertex 1.33333 -4.04145 3
      vertex 1 -9.33333 3
      vertex 1.43107 -13.7873 3
    endloop
  endfacet
  facet normal -0 0 1
    outer loop
      vertex 0.866025 -9.83333 3
      vertex 1.43107 -13.7873 3
      vertex 1 -9.33333 3
    endloop
  endfacet
  facet normal -0 0 1
    outer loop
      vertex 0.5 -10.1994 3
      vertex 1.43107 -13.7873 3
      vertex 0.866025 -9.83333 3
    endloop
  endfacet
  facet normal -0 0 1
    outer loop
      vertex 0 -10.3333 3
      vertex 1.43107 -13.7873 3
      vertex 0.5 -10.1994 3
    endloop
  endfacet
  facet normal 0 0 1
    outer loop
      vertex 1.43107 -13.7873 3
      vertex 0 -10.3333 3
      vertex -1.43107 -13.7873 3
    endloop
  endfacet
  facet normal 0 0 1
    outer loop
      vertex -1.56505 -14.2873 3
      vertex 1.43107 -13.7873 3
      vertex -1.43107 -13.7873 3
    endloop
  endfacet
  facet normal 0 0 1
    outer loop
      vertex -1.43107 -13.7873 3
      vertex 0 -10.3333 3
      vertex -0.5 -10.1994 3
    endloop
  endfacet
  facet normal 0 0 1
    outer loop
      vertex -1.43107 -13.7873 3
      vertex -0.5 -10.1994 3
      vertex -0.866025 -9.83333 3
    endloop
  endfacet
  facet normal 0 0 1
    outer loop
      vertex -1.43107 -13.7873 3
      vertex -0.866025 -9.83333 3
      vertex -1 -9.33333 3
    endloop
  endfacet
  facet normal 0 0 1
    outer loop
      vertex 0 -8.33333 3
      vertex -1.83333 -4.90748 3
      vertex -0.5 -8.46731 3
    endloop
  endfacet
  facet normal -0 0 1
    outer loop
      vertex -2.33333 -5.04145 3
      vertex -0.5 -8.46731 3
      vertex -1.83333 -4.90748 3
    endloop
  endfacet
  facet normal 0 0 1
    outer loop
      vertex 1.56505 -14.2873 3
      vertex -1.56505 -14.2873 3
      vertex -1.93107 -14.6533 3
    endloop
  endfacet
  facet normal 0 0 1
    outer loop
      vertex 1.93107 -14.6533 3
      vertex 0 -20 3
      vertex 1.96034 -19.9037 3
    endloop
  endfacet
  facet normal 0 0 1
    outer loop
      vertex 1.93107 -14.6533 3
      vertex -1.93107 -14.6533 3
      vertex 0 -20 3
    endloop
  endfacet
  facet normal 0 0 1
    outer loop
      vertex -1.93107 -14.6533 3
      vertex -1.96034 -19.9037 3
      vertex 0 -20 3
    endloop
  endfacet
  facet normal -0 0 1
    outer loop
      vertex -2.43107 -14.7873 3
      vertex -1.96034 -19.9037 3
      vertex -1.93107 -14.6533 3
    endloop
  endfacet
  facet normal 0 0 1
    outer loop
      vertex -3.90181 -19.6157 3
      vertex -2.43107 -14.7873 3
      vertex -2.93107 -14.6533 3
    endloop
  endfacet
  facet normal 0 0 1
    outer loop
      vertex -5.80569 -19.1388 3
      vertex -2.93107 -14.6533 3
      vertex -3.2971 -14.2873 3
    endloop
  endfacet
  facet normal 0 0 1
    outer loop
      vertex -3.2971 -13.2873 3
      vertex -6.13397 -12.6244 3
      vertex -3.43107 -13.7873 3
    endloop
  endfacet
  facet normal 0 0 1
    outer loop
      vertex -1 -9.33333 3
      vertex -4.16667 -8.94893 3
      vertex -2.43107 -12.7873 3
    endloop
  endfacet
  facet normal 0 0 1
    outer loop
      vertex -2.43107 -12.7873 3
      vertex -4.16667 -8.94893 3
      vertex -2.93107 -12.9213 3
    endloop
  endfacet
  facet normal -0 0 1
    outer loop
      vertex -4.66667 -9.0829 3
      vertex -2.93107 -12.9213 3
      vertex -4.16667 -8.94893 3
    endloop
  endfacet
  facet normal 0 0 1
    outer loop
      vertex -2.43107 -14.7873 3
      vertex -3.90181 -19.6157 3
      vertex -1.96034 -19.9037 3
    endloop
  endfacet
  facet normal -0 0 1
    outer loop
      vertex -6 -12.1244 3
      vertex -2.93107 -12.9213 3
      vertex -4.66667 -9.0829 3
    endloop
  endfacet
  facet normal 0 0 1
    outer loop
      vertex -6 -12.1244 3
      vertex -4.66667 -9.0829 3
      vertex -5.16667 -8.94893 3
    endloop
  endfacet
  facet normal 0 0 1
    outer loop
      vertex -2.93107 -12.9213 3
      vertex -6 -12.1244 3
      vertex -3.2971 -13.2873 3
    endloop
  endfacet
  facet normal 0 0 1
    outer loop
      vertex -6 -12.1244 3
      vertex -5.16667 -8.94893 3
      vertex -5.53269 -8.5829 3
    endloop
  endfacet
  facet normal -0 0 1
    outer loop
      vertex -6.13397 -12.6244 3
      vertex -3.2971 -13.2873 3
      vertex -6 -12.1244 3
    endloop
  endfacet
  facet normal 0 0 1
    outer loop
      vertex -6 -12.1244 3
      vertex -5.53269 -8.5829 3
      vertex -5.66667 -8.0829 3
    endloop
  endfacet
  facet normal 0 0 1
    outer loop
      vertex -2.93107 -14.6533 3
      vertex -5.80569 -19.1388 3
      vertex -3.90181 -19.6157 3
    endloop
  endfacet
  facet normal 0 0 1
    outer loop
      vertex -7.0829 4.66667 3
      vertex -5.66667 8.0829 3
      vertex -6.13397 11.6244 3
    endloop
  endfacet
  facet normal 0 0 1
    outer loop
      vertex -5.66667 0 3
      vertex -6 -12.1244 3
      vertex -5.66667 -8.0829 3
    endloop
  endfacet
  facet normal 0 0 1
    outer loop
      vertex -5.80569 19.1388 3
      vertex -6.13397 12.6244 3
      vertex -6 12.1244 3
    endloop
  endfacet
  facet normal 0 0 1
    outer loop
      vertex -5.80569 19.1388 3
      vertex -6.5 12.9904 3
      vertex -6.13397 12.6244 3
    endloop
  endfacet
  facet normal -0 0 1
    outer loop
      vertex -7.65367 18.4776 3
      vertex -6.5 12.9904 3
      vertex -5.80569 19.1388 3
    endloop
  endfacet
  facet normal 0 0 1
    outer loop
      vertex -6.5 12.9904 3
      vertex -7.65367 18.4776 3
      vertex -7 13.1244 3
    endloop
  endfacet
  facet normal -0 0 1
    outer loop
      vertex -9.42793 17.6384 3
      vertex -7 13.1244 3
      vertex -7.65367 18.4776 3
    endloop
  endfacet
  facet normal 0 0 1
    outer loop
      vertex -7 13.1244 3
      vertex -9.42793 17.6384 3
      vertex -7.5 12.9904 3
    endloop
  endfacet
  facet normal -0 0 1
    outer loop
      vertex -11.1114 16.6294 3
      vertex -7.5 12.9904 3
      vertex -9.42793 17.6384 3
    endloop
  endfacet
  facet normal 0 0 1
    outer loop
      vertex -7.5829 5.53269 3
      vertex -9.72462 8.99903 3
      vertex -8.0829 5.66667 3
    endloop
  endfacet
  facet normal 0 0 1
    outer loop
      vertex -7.5 12.9904 3
      vertex -11.1114 16.6294 3
      vertex -7.86602 12.6244 3
    endloop
  endfacet
  facet normal -0 0 1
    outer loop
      vertex -9.8586 8.49903 3
      vertex -8.0829 5.66667 3
      vertex -9.72462 8.99903 3
    endloop
  endfacet
  facet normal 0 0 1
    outer loop
      vertex -8.0829 5.66667 3
      vertex -9.8586 8.49903 3
      vertex -8.5829 5.53269 3
    endloop
  endfacet
  facet normal -0 0 1
    outer loop
      vertex -12.6879 15.4602 3
      vertex -7.86602 12.6244 3
      vertex -11.1114 16.6294 3
    endloop
  endfacet
  facet normal -0 0 1
    outer loop
      vertex -10.2246 8.133 3
      vertex -8.5829 5.53269 3
      vertex -9.8586 8.49903 3
    endloop
  endfacet
  facet normal 0 0 1
    outer loop
      vertex -8.5829 5.53269 3
      vertex -10.2246 8.133 3
      vertex -8.94893 5.16667 3
    endloop
  endfacet
  facet normal -0 0 1
    outer loop
      vertex -10.7246 7.99903 3
      vertex -8.94893 5.16667 3
      vertex -10.2246 8.133 3
    endloop
  endfacet
  facet normal 0 0 1
    outer loop
      vertex -12.1557 4.78828 3
      vertex -8.94893 5.16667 3
      vertex -10.7246 7.99903 3
    endloop
  endfacet
  facet normal 0 0 1
    outer loop
      vertex -12.1557 4.78828 3
      vertex -10.7246 7.99903 3
      vertex -11.2246 8.133 3
    endloop
  endfacet
  facet normal 0 0 1
    outer loop
      vertex -8.94893 4.16667 3
      vertex -9.83333 0.866025 3
      vertex -9.33333 1 3
    endloop
  endfacet
  facet normal 0 0 1
    outer loop
      vertex -9.0829 4.66667 3
      vertex -12.2897 4.28828 3
      vertex -8.94893 4.16667 3
    endloop
  endfacet
  facet normal 0 0 1
    outer loop
      vertex -8.94893 5.16667 3
      vertex -12.1557 4.78828 3
      vertex -9.0829 4.66667 3
    endloop
  endfacet
  facet normal 0 0 1
    outer loop
      vertex 4.16667 -7.21688 3
      vertex 2.83333 -4.90748 3
      vertex 3.80064 -7.5829 3
    endloop
  endfacet
  facet normal 0 0 1
    outer loop
      vertex 3.66667 -8.0829 3
      vertex 3.2971 -13.2873 3
      vertex 3.43107 -13.7873 3
    endloop
  endfacet
  facet normal -0 0 1
    outer loop
      vertex 2.33333 -5.04145 3
      vertex 3.80064 -7.5829 3
      vertex 2.83333 -4.90748 3
    endloop
  endfacet
  facet normal 0 0 1
    outer loop
      vertex 3.66667 -8.0829 3
      vertex 2.93107 -12.9213 3
      vertex 3.2971 -13.2873 3
    endloop
  endfacet
  facet normal 0 0 1
    outer loop
      vertex 3.80064 -7.5829 3
      vertex 2.33333 -5.04145 3
      vertex 3.66667 -8.0829 3
    endloop
  endfacet
  facet normal 0 0 1
    outer loop
      vertex 3.66667 -8.0829 3
      vertex 2.43107 -12.7873 3
      vertex 2.93107 -12.9213 3
    endloop
  endfacet
  facet normal 0 0 1
    outer loop
      vertex 1.83333 -4.90748 3
      vertex 3.66667 -8.0829 3
      vertex 2.33333 -5.04145 3
    endloop
  endfacet
  facet normal 0 0 1
    outer loop
      vertex 3.66667 -8.0829 3
      vertex 1.93107 -12.9213 3
      vertex 2.43107 -12.7873 3
    endloop
  endfacet
  facet normal 0 0 1
    outer loop
      vertex 3.66667 -8.0829 3
      vertex 1.83333 -4.90748 3
      vertex 1.93107 -12.9213 3
    endloop
  endfacet
  facet normal 0 0 1
    outer loop
      vertex 1.83333 -4.90748 3
      vertex 1.56505 -13.2873 3
      vertex 1.93107 -12.9213 3
    endloop
  endfacet
  facet normal 0 0 1
    outer loop
      vertex 1.46731 -4.54145 3
      vertex 1.56505 -13.2873 3
      vertex 1.83333 -4.90748 3
    endloop
  endfacet
  facet normal 0 0 1
    outer loop
      vertex 1.46731 -4.54145 3
      vertex 1.43107 -13.7873 3
      vertex 1.56505 -13.2873 3
    endloop
  endfacet
  facet normal 0 -0 1
    outer loop
      vertex 1.43107 -13.7873 3
      vertex 1.46731 -4.54145 3
      vertex 1.33333 -4.04145 3
    endloop
  endfacet
  facet normal 0 0 1
    outer loop
      vertex 9.72462 -8.99903 3
      vertex 7.86602 -11.6244 3
      vertex 8 -12.1244 3
    endloop
  endfacet
  facet normal 0 0 1
    outer loop
      vertex 9.8586 -8.49903 3
      vertex 5.66667 -8.0829 3
      vertex 9.72462 -8.99903 3
    endloop
  endfacet
  facet normal 0 0 1
    outer loop
      vertex 9.72462 -8.99903 3
      vertex 7.5 -11.2583 3
      vertex 7.86602 -11.6244 3
    endloop
  endfacet
  facet normal 0 0 1
    outer loop
      vertex 5.66667 -8.0829 3
      vertex 7.5829 -5.53269 3
      vertex 7.21688 -5.16667 3
    endloop
  endfacet
  facet normal 0 0 1
    outer loop
      vertex 5.66667 -8.0829 3
      vertex 7.21688 -5.16667 3
      vertex 7.0829 -4.66667 3
    endloop
  endfacet
  facet normal 0 0 1
    outer loop
      vertex 9.72462 -8.99903 3
      vertex 7 -11.1244 3
      vertex 7.5 -11.2583 3
    endloop
  endfacet
  facet normal -0 0 1
    outer loop
      vertex 5.16667 7.21688 3
      vertex 7.21688 5.16667 3
      vertex 5.53269 7.5829 3
    endloop
  endfacet
  facet normal 0 0 1
    outer loop
      vertex 5.53269 8.5829 3
      vertex 7 11.1244 3
      vertex 6.5 11.2583 3
    endloop
  endfacet
  facet normal -0 0 1
    outer loop
      vertex 5.16667 -0.866025 3
      vertex 7.5829 -3.80064 3
      vertex 5.53269 -0.5 3
    endloop
  endfacet
  facet normal 0 0 1
    outer loop
      vertex 5.16667 8.94893 3
      vertex 6.5 11.2583 3
      vertex 6.13397 11.6244 3
    endloop
  endfacet
  facet normal -0 0 1
    outer loop
      vertex 5.53269 -8.5829 3
      vertex 9.72462 -8.99903 3
      vertex 5.66667 -8.0829 3
    endloop
  endfacet
  facet normal -0 0 1
    outer loop
      vertex 2.93107 12.9213 3
      vertex 6 12.1244 3
      vertex 3.2971 13.2873 3
    endloop
  endfacet
  facet normal 0 0 1
    outer loop
      vertex 9.72462 -8.99903 3
      vertex 5.53269 -8.5829 3
      vertex 7 -11.1244 3
    endloop
  endfacet
  facet normal 0 0 1
    outer loop
      vertex 9.8586 9.49903 3
      vertex 7.5 11.2583 3
      vertex 9.72462 8.99903 3
    endloop
  endfacet
  facet normal -0 0 1
    outer loop
      vertex 7 11.1244 3
      vertex 9.72462 8.99903 3
      vertex 7.5 11.2583 3
    endloop
  endfacet
  facet normal 0 0 1
    outer loop
      vertex 5.66667 8.0829 3
      vertex 9.72462 8.99903 3
      vertex 7 11.1244 3
    endloop
  endfacet
  facet normal 0 0 1
    outer loop
      vertex 9.8586 8.49903 3
      vertex 5.66667 8.0829 3
      vertex 8.0829 5.66667 3
    endloop
  endfacet
  facet normal 0 0 1
    outer loop
      vertex 8.0829 5.66667 3
      vertex 5.66667 8.0829 3
      vertex 7.5829 5.53269 3
    endloop
  endfacet
  facet normal 0 0 1
    outer loop
      vertex 7.5829 5.53269 3
      vertex 5.53269 7.5829 3
      vertex 7.21688 5.16667 3
    endloop
  endfacet
  facet normal -0 0 1
    outer loop
      vertex 5.53269 7.5829 3
      vertex 7.5829 5.53269 3
      vertex 5.66667 8.0829 3
    endloop
  endfacet
  facet normal 0 0 1
    outer loop
      vertex 12.2897 -4.28828 3
      vertex 8.94893 -4.16667 3
      vertex 9.0829 -4.66667 3
    endloop
  endfacet
  facet normal 0 0 1
    outer loop
      vertex 8.5829 -3.80064 3
      vertex 9.33333 -1 3
      vertex 8.83333 -0.866025 3
    endloop
  endfacet
  facet normal 0 0 1
    outer loop
      vertex 9.33333 -1 3
      vertex 8.5829 -3.80064 3
      vertex 8.94893 -4.16667 3
    endloop
  endfacet
  facet normal 0 0 1
    outer loop
      vertex 8.0829 -3.66667 3
      vertex 8.83333 -0.866025 3
      vertex 8.46731 -0.5 3
    endloop
  endfacet
  facet normal -0 0 1
    outer loop
      vertex 5.66667 0 3
      vertex 8.46731 -0.5 3
      vertex 8.33333 0 3
    endloop
  endfacet
  facet normal 0 0 1
    outer loop
      vertex 5.66667 0 3
      vertex 8.46731 0.5 3
      vertex 7.5829 3.80064 3
    endloop
  endfacet
  facet normal 0 0 1
    outer loop
      vertex 8.83333 -0.866025 3
      vertex 8.0829 -3.66667 3
      vertex 8.5829 -3.80064 3
    endloop
  endfacet
  facet normal 0 0 1
    outer loop
      vertex 5.66667 0 3
      vertex 7.5829 3.80064 3
      vertex 7.21688 4.16667 3
    endloop
  endfacet
  facet normal 0 0 1
    outer loop
      vertex 8.46731 -0.5 3
      vertex 7.5829 -3.80064 3
      vertex 8.0829 -3.66667 3
    endloop
  endfacet
  facet normal 0 0 1
    outer loop
      vertex 8.46731 0.5 3
      vertex 5.66667 0 3
      vertex 8.33333 0 3
    endloop
  endfacet
  facet normal 0 0 1
    outer loop
      vertex 5.53269 -0.5 3
      vertex 8.46731 -0.5 3
      vertex 5.66667 0 3
    endloop
  endfacet
  facet normal 0 0 1
    outer loop
      vertex 5.66667 0 3
      vertex 7.21688 4.16667 3
      vertex 7.0829 4.66667 3
    endloop
  endfacet
  facet normal 0 0 1
    outer loop
      vertex 8.46731 -0.5 3
      vertex 5.53269 -0.5 3
      vertex 7.5829 -3.80064 3
    endloop
  endfacet
  facet normal 0 0 1
    outer loop
      vertex 9.83333 0.866025 3
      vertex 8.94893 4.16667 3
      vertex 9.33333 1 3
    endloop
  endfacet
  facet normal -0 0 1
    outer loop
      vertex 8.5829 3.80064 3
      vertex 9.33333 1 3
      vertex 8.94893 4.16667 3
    endloop
  endfacet
  facet normal 0 0 1
    outer loop
      vertex 9.33333 1 3
      vertex 8.5829 3.80064 3
      vertex 8.83333 0.866025 3
    endloop
  endfacet
  facet normal -0 0 1
    outer loop
      vertex 8.0829 3.66667 3
      vertex 8.83333 0.866025 3
      vertex 8.5829 3.80064 3
    endloop
  endfacet
  facet normal 0 0 1
    outer loop
      vertex 8.83333 0.866025 3
      vertex 8.0829 3.66667 3
      vertex 8.46731 0.5 3
    endloop
  endfacet
  facet normal 0 0 1
    outer loop
      vertex 7.5829 3.80064 3
      vertex 8.46731 0.5 3
      vertex 8.0829 3.66667 3
    endloop
  endfacet
  facet normal -0 0 1
    outer loop
      vertex 9.83333 -0.866025 3
      vertex 12.6557 -3.92226 3
      vertex 10.1994 -0.5 3
    endloop
  endfacet
  facet normal 0 0 1
    outer loop
      vertex 12.1557 -4.78828 3
      vertex 11.5906 -8.49903 3
      vertex 11.7246 -8.99903 3
    endloop
  endfacet
  facet normal 0 0 1
    outer loop
      vertex 10.1994 0.5 3
      vertex 11.5906 8.49903 3
      vertex 11.2246 8.133 3
    endloop
  endfacet
  facet normal 0 0 1
    outer loop
      vertex 12.6557 -3.92226 3
      vertex 9.83333 -0.866025 3
      vertex 12.2897 -4.28828 3
    endloop
  endfacet
  facet normal 0 0 1
    outer loop
      vertex 9.0829 4.66667 3
      vertex 11.2246 8.133 3
      vertex 10.7246 7.99903 3
    endloop
  endfacet
  facet normal -0 0 1
    outer loop
      vertex 8.94893 -4.16667 3
      vertex 12.2897 -4.28828 3
      vertex 9.83333 -0.866025 3
    endloop
  endfacet
  facet normal 0 0 1
    outer loop
      vertex 12.1557 -4.78828 3
      vertex 11.2246 -8.133 3
      vertex 11.5906 -8.49903 3
    endloop
  endfacet
  facet normal 0 0 1
    outer loop
      vertex 8.94893 5.16667 3
      vertex 10.7246 7.99903 3
      vertex 10.2246 8.133 3
    endloop
  endfacet
  facet normal 0 0 1
    outer loop
      vertex 11.5906 8.49903 3
      vertex 10.1994 0.5 3
      vertex 10.3333 0 3
    endloop
  endfacet
  facet normal 0 0 1
    outer loop
      vertex 8.5829 5.53269 3
      vertex 10.2246 8.133 3
      vertex 9.8586 8.49903 3
    endloop
  endfacet
  facet normal 0 0 1
    outer loop
      vertex 11.2246 8.133 3
      vertex 9.0829 4.66667 3
      vertex 10.1994 0.5 3
    endloop
  endfacet
  facet normal 0 0 1
    outer loop
      vertex 5.66667 8.0829 3
      vertex 9.8586 8.49903 3
      vertex 9.72462 8.99903 3
    endloop
  endfacet
  facet normal 0 0 1
    outer loop
      vertex 10.2246 9.86505 3
      vertex 7.86602 11.6244 3
      vertex 9.8586 9.49903 3
    endloop
  endfacet
  facet normal 0 0 1
    outer loop
      vertex 10.1994 0.5 3
      vertex 9.0829 4.66667 3
      vertex 9.83333 0.866025 3
    endloop
  endfacet
  facet normal -0 0 1
    outer loop
      vertex 8.94893 4.16667 3
      vertex 9.83333 0.866025 3
      vertex 9.0829 4.66667 3
    endloop
  endfacet
  facet normal 0 0 1
    outer loop
      vertex 10.7246 7.99903 3
      vertex 8.94893 5.16667 3
      vertex 9.0829 4.66667 3
    endloop
  endfacet
  facet normal -0 0 1
    outer loop
      vertex 7.5 11.2583 3
      vertex 9.8586 9.49903 3
      vertex 7.86602 11.6244 3
    endloop
  endfacet
  facet normal 0 0 1
    outer loop
      vertex 10.2246 8.133 3
      vertex 8.5829 5.53269 3
      vertex 8.94893 5.16667 3
    endloop
  endfacet
  facet normal 0 0 1
    outer loop
      vertex 9.8586 8.49903 3
      vertex 8.0829 5.66667 3
      vertex 8.5829 5.53269 3
    endloop
  endfacet
  facet normal 0 0 1
    outer loop
      vertex 9.42793 17.6384 3
      vertex 7.86602 12.6244 3
      vertex 8 12.1244 3
    endloop
  endfacet
  facet normal 0 0 1
    outer loop
      vertex 7 13.1244 3
      vertex 9.42793 17.6384 3
      vertex 7.65367 18.4776 3
    endloop
  endfacet
  facet normal 0 0 1
    outer loop
      vertex 9.42793 17.6384 3
      vertex 7.5 12.9904 3
      vertex 7.86602 12.6244 3
    endloop
  endfacet
  facet normal 0 0 1
    outer loop
      vertex 9.42793 17.6384 3
      vertex 7 13.1244 3
      vertex 7.5 12.9904 3
    endloop
  endfacet
  facet normal 0 0 1
    outer loop
      vertex 7.65367 18.4776 3
      vertex 6.5 12.9904 3
      vertex 7 13.1244 3
    endloop
  endfacet
  facet normal -0 0 1
    outer loop
      vertex 3.2971 14.2873 3
      vertex 6.5 12.9904 3
      vertex 7.65367 18.4776 3
    endloop
  endfacet
  facet normal -0 -0 1
    outer loop
      vertex 3.43107 13.7873 3
      vertex 6.5 12.9904 3
      vertex 3.2971 14.2873 3
    endloop
  endfacet
  facet normal 0 0 1
    outer loop
      vertex 6.5 12.9904 3
      vertex 3.43107 13.7873 3
      vertex 6.13397 12.6244 3
    endloop
  endfacet
  facet normal 0 0 1
    outer loop
      vertex 3.2971 14.2873 3
      vertex 7.65367 18.4776 3
      vertex 5.80569 19.1388 3
    endloop
  endfacet
  facet normal 0 0 1
    outer loop
      vertex 8.94893 -5.16667 3
      vertex 12.1557 -4.78828 3
      vertex 9.0829 -4.66667 3
    endloop
  endfacet
  facet normal 0 0 1
    outer loop
      vertex 12.1557 -4.78828 3
      vertex 10.7246 -7.99903 3
      vertex 11.2246 -8.133 3
    endloop
  endfacet
  facet normal 0 0 1
    outer loop
      vertex 12.1557 -4.78828 3
      vertex 8.94893 -5.16667 3
      vertex 10.7246 -7.99903 3
    endloop
  endfacet
  facet normal 0 0 1
    outer loop
      vertex 12.2897 -4.28828 3
      vertex 9.0829 -4.66667 3
      vertex 12.1557 -4.78828 3
    endloop
  endfacet
  facet normal 0 0 1
    outer loop
      vertex 10.7246 -7.99903 3
      vertex 8.94893 -5.16667 3
      vertex 10.2246 -8.133 3
    endloop
  endfacet
  facet normal -0 0 1
    outer loop
      vertex 8.5829 -5.53269 3
      vertex 10.2246 -8.133 3
      vertex 8.94893 -5.16667 3
    endloop
  endfacet
  facet normal 0 0 1
    outer loop
      vertex 8.94893 -4.16667 3
      vertex 9.83333 -0.866025 3
      vertex 9.33333 -1 3
    endloop
  endfacet
  facet normal 0 0 1
    outer loop
      vertex 10.2246 -8.133 3
      vertex 8.5829 -5.53269 3
      vertex 9.8586 -8.49903 3
    endloop
  endfacet
  facet normal -0 0 1
    outer loop
      vertex 8.0829 -5.66667 3
      vertex 9.8586 -8.49903 3
      vertex 8.5829 -5.53269 3
    endloop
  endfacet
  facet normal -0 0 1
    outer loop
      vertex 5.66667 -8.0829 3
      vertex 9.8586 -8.49903 3
      vertex 8.0829 -5.66667 3
    endloop
  endfacet
  facet normal 0 0 1
    outer loop
      vertex 5.66667 -8.0829 3
      vertex 8.0829 -5.66667 3
      vertex 7.5829 -5.53269 3
    endloop
  endfacet
  facet normal 0 0 1
    outer loop
      vertex 9.72462 -8.99903 3
      vertex 8 -12.1244 3
      vertex 9.42793 -17.6384 3
    endloop
  endfacet
  facet normal -0 0 1
    outer loop
      vertex 7.86602 -12.6244 3
      vertex 9.42793 -17.6384 3
      vertex 8 -12.1244 3
    endloop
  endfacet
  facet normal -0 0 1
    outer loop
      vertex 7.5 -12.9904 3
      vertex 9.42793 -17.6384 3
      vertex 7.86602 -12.6244 3
    endloop
  endfacet
  facet normal -0 0 1
    outer loop
      vertex 7 -13.1244 3
      vertex 9.42793 -17.6384 3
      vertex 7.5 -12.9904 3
    endloop
  endfacet
  facet normal 0 0 1
    outer loop
      vertex 9.42793 -17.6384 3
      vertex 7 -13.1244 3
      vertex 7.65367 -18.4776 3
    endloop
  endfacet
  facet normal 0 0 1
    outer loop
      vertex 6.5 -12.9904 3
      vertex 7.65367 -18.4776 3
      vertex 7 -13.1244 3
    endloop
  endfacet
  facet normal 0 0 1
    outer loop
      vertex 5.80569 -19.1388 3
      vertex 6.5 -12.9904 3
      vertex 6.13397 -12.6244 3
    endloop
  endfacet
  facet normal 0 0 1
    outer loop
      vertex 5.80569 -19.1388 3
      vertex 6.13397 -12.6244 3
      vertex 6 -12.1244 3
    endloop
  endfacet
  facet normal 0 0 1
    outer loop
      vertex 6.5 -12.9904 3
      vertex 5.80569 -19.1388 3
      vertex 7.65367 -18.4776 3
    endloop
  endfacet
  facet normal 0 0 1
    outer loop
      vertex 7.5829 -3.80064 3
      vertex 5.16667 -0.866025 3
      vertex 7.21688 -4.16667 3
    endloop
  endfacet
  facet normal 0 0 1
    outer loop
      vertex 7 -11.1244 3
      vertex 5.53269 -8.5829 3
      vertex 6.5 -11.2583 3
    endloop
  endfacet
  facet normal 0 0 1
    outer loop
      vertex 7 11.1244 3
      vertex 5.53269 8.5829 3
      vertex 5.66667 8.0829 3
    endloop
  endfacet
  facet normal 0 0 1
    outer loop
      vertex 6.13397 12.6244 3
      vertex 3.2971 13.2873 3
      vertex 6 12.1244 3
    endloop
  endfacet
  facet normal 0 0 1
    outer loop
      vertex 6.5 11.2583 3
      vertex 5.16667 8.94893 3
      vertex 5.53269 8.5829 3
    endloop
  endfacet
  facet normal 0 0 1
    outer loop
      vertex 6.13397 11.6244 3
      vertex 4.66667 9.0829 3
      vertex 5.16667 8.94893 3
    endloop
  endfacet
  facet normal 0 0 1
    outer loop
      vertex 2.93107 14.6533 3
      vertex 5.80569 19.1388 3
      vertex 3.90181 19.6157 3
    endloop
  endfacet
  facet normal 0 0 1
    outer loop
      vertex 6 12.1244 3
      vertex 2.93107 12.9213 3
      vertex 6.13397 11.6244 3
    endloop
  endfacet
  facet normal 0 0 1
    outer loop
      vertex 6.13397 11.6244 3
      vertex 2.93107 12.9213 3
      vertex 4.66667 9.0829 3
    endloop
  endfacet
  facet normal -0 0 1
    outer loop
      vertex 2.43107 12.7873 3
      vertex 4.16667 8.94893 3
      vertex 2.93107 12.9213 3
    endloop
  endfacet
  facet normal -0 0 1
    outer loop
      vertex 2.83333 3.17543 3
      vertex 4.16667 0.866025 3
      vertex 3.19936 3.54145 3
    endloop
  endfacet
  facet normal 0 0 1
    outer loop
      vertex 4.66667 9.0829 3
      vertex 2.93107 12.9213 3
      vertex 4.16667 8.94893 3
    endloop
  endfacet
  facet normal -0 0 1
    outer loop
      vertex 3.2971 13.2873 3
      vertex 6.13397 12.6244 3
      vertex 3.43107 13.7873 3
    endloop
  endfacet
  facet normal 0 0 1
    outer loop
      vertex 5.80569 19.1388 3
      vertex 2.93107 14.6533 3
      vertex 3.2971 14.2873 3
    endloop
  endfacet
  facet normal 0 0 1
    outer loop
      vertex 3.90181 19.6157 3
      vertex 2.43107 14.7873 3
      vertex 2.93107 14.6533 3
    endloop
  endfacet
  facet normal 0 0 1
    outer loop
      vertex 1.96034 19.9037 3
      vertex 2.43107 14.7873 3
      vertex 3.90181 19.6157 3
    endloop
  endfacet
  facet normal 0 0 1
    outer loop
      vertex 1.96034 19.9037 3
      vertex 1.93107 14.6533 3
      vertex 2.43107 14.7873 3
    endloop
  endfacet
  facet normal 0 0 1
    outer loop
      vertex 0 20 3
      vertex 1.93107 14.6533 3
      vertex 1.96034 19.9037 3
    endloop
  endfacet
  facet normal 0 0 1
    outer loop
      vertex -1.93107 14.6533 3
      vertex 1.93107 14.6533 3
      vertex 0 20 3
    endloop
  endfacet
  facet normal -0 0 1
    outer loop
      vertex 0 8.33333 3
      vertex 1.83333 4.90748 3
      vertex 0.5 8.46731 3
    endloop
  endfacet
  facet normal 0 0 1
    outer loop
      vertex 2.33333 5.04145 3
      vertex 0.5 8.46731 3
      vertex 1.83333 4.90748 3
    endloop
  endfacet
  facet normal 0 0 1
    outer loop
      vertex 1.93107 14.6533 3
      vertex -1.93107 14.6533 3
      vertex 1.56505 14.2873 3
    endloop
  endfacet
  facet normal 0 0 1
    outer loop
      vertex 3.80064 8.5829 3
      vertex 1 9.33333 3
      vertex 3.66667 8.0829 3
    endloop
  endfacet
  facet normal 0 0 1
    outer loop
      vertex 2.43107 12.7873 3
      vertex 0.5 10.1994 3
      vertex 0.866025 9.83333 3
    endloop
  endfacet
  facet normal 0 -0 1
    outer loop
      vertex -1.56505 14.2873 3
      vertex 1.56505 14.2873 3
      vertex -1.93107 14.6533 3
    endloop
  endfacet
  facet normal 0 0 1
    outer loop
      vertex -1.56505 13.2873 3
      vertex 1.56505 13.2873 3
      vertex -1.43107 13.7873 3
    endloop
  endfacet
  facet normal 0 0 1
    outer loop
      vertex 1.93107 12.9213 3
      vertex 0 10.3333 3
      vertex 0.5 10.1994 3
    endloop
  endfacet
  facet normal 0 0 1
    outer loop
      vertex 1.56505 13.2873 3
      vertex -1.56505 13.2873 3
      vertex 0 10.3333 3
    endloop
  endfacet
  facet normal -0 0 1
    outer loop
      vertex -1.93107 12.9213 3
      vertex 0 10.3333 3
      vertex -1.56505 13.2873 3
    endloop
  endfacet
  facet normal -0 0 1
    outer loop
      vertex -1.83333 3.17543 3
      vertex -0.5 0.866025 3
      vertex -1.46731 3.54145 3
    endloop
  endfacet
  facet normal 0 0 1
    outer loop
      vertex -0.5 0.866025 3
      vertex -1.83333 3.17543 3
      vertex -0.866025 0.5 3
    endloop
  endfacet
  facet normal -0 0 1
    outer loop
      vertex -2.43107 12.7873 3
      vertex -0.5 10.1994 3
      vertex -1.93107 12.9213 3
    endloop
  endfacet
  facet normal 0 0 1
    outer loop
      vertex 0 10.3333 3
      vertex -1.93107 12.9213 3
      vertex -0.5 10.1994 3
    endloop
  endfacet
  facet normal 0 0 1
    outer loop
      vertex 1.43107 13.7873 3
      vertex -1.56505 14.2873 3
      vertex -1.43107 13.7873 3
    endloop
  endfacet
  facet normal 0 0 1
    outer loop
      vertex 1.56505 14.2873 3
      vertex -1.56505 14.2873 3
      vertex 1.43107 13.7873 3
    endloop
  endfacet
  facet normal -0 0 1
    outer loop
      vertex -1.96034 19.9037 3
      vertex -1.93107 14.6533 3
      vertex 0 20 3
    endloop
  endfacet
  facet normal 0 0 1
    outer loop
      vertex -1.96034 19.9037 3
      vertex -2.43107 14.7873 3
      vertex -1.93107 14.6533 3
    endloop
  endfacet
  facet normal -0 0 1
    outer loop
      vertex -3.90181 19.6157 3
      vertex -2.43107 14.7873 3
      vertex -1.96034 19.9037 3
    endloop
  endfacet
  facet normal 0 0 1
    outer loop
      vertex -2.43107 14.7873 3
      vertex -3.90181 19.6157 3
      vertex -2.93107 14.6533 3
    endloop
  endfacet
  facet normal -0 0 1
    outer loop
      vertex -5.80569 19.1388 3
      vertex -2.93107 14.6533 3
      vertex -3.90181 19.6157 3
    endloop
  endfacet
  facet normal 0 0 1
    outer loop
      vertex -3.33333 4.04145 3
      vertex -3.66667 0 3
      vertex -3.33333 -4.04145 3
    endloop
  endfacet
  facet normal 0 0 1
    outer loop
      vertex -3.43107 13.7873 3
      vertex -3.80064 8.5829 3
      vertex -3.66667 8.0829 3
    endloop
  endfacet
  facet normal 0 0 1
    outer loop
      vertex -2.93107 14.6533 3
      vertex -5.80569 19.1388 3
      vertex -3.2971 14.2873 3
    endloop
  endfacet
  facet normal 0 0 1
    outer loop
      vertex -6 12.1244 3
      vertex -3.2971 14.2873 3
      vertex -5.80569 19.1388 3
    endloop
  endfacet
  facet normal 0 0 1
    outer loop
      vertex -3.43107 13.7873 3
      vertex -4.16667 8.94893 3
      vertex -3.80064 8.5829 3
    endloop
  endfacet
  facet normal -0 0 1
    outer loop
      vertex -6 12.1244 3
      vertex -4.16667 8.94893 3
      vertex -3.43107 13.7873 3
    endloop
  endfacet
  facet normal 0 0 1
    outer loop
      vertex -3.2971 14.2873 3
      vertex -6 12.1244 3
      vertex -3.43107 13.7873 3
    endloop
  endfacet
  facet normal 0 0 1
    outer loop
      vertex -4.16667 8.94893 3
      vertex -6 12.1244 3
      vertex -4.66667 9.0829 3
    endloop
  endfacet
  facet normal -0 0 1
    outer loop
      vertex -6.13397 11.6244 3
      vertex -4.66667 9.0829 3
      vertex -6 12.1244 3
    endloop
  endfacet
  facet normal 0 0 1
    outer loop
      vertex -5.53269 8.5829 3
      vertex -6.13397 11.6244 3
      vertex -5.66667 8.0829 3
    endloop
  endfacet
  facet normal 0 0 1
    outer loop
      vertex -5.16667 8.94893 3
      vertex -6.13397 11.6244 3
      vertex -5.53269 8.5829 3
    endloop
  endfacet
  facet normal 0 0 1
    outer loop
      vertex -4.66667 9.0829 3
      vertex -6.13397 11.6244 3
      vertex -5.16667 8.94893 3
    endloop
  endfacet
  facet normal 0 0 1
    outer loop
      vertex 19.6157 -3.90181 3
      vertex 14.0217 -4.28828 3
      vertex 14.1557 -4.78828 3
    endloop
  endfacet
  facet normal 0 0 1
    outer loop
      vertex 13.6557 -3.92226 3
      vertex 14.5 -0.866025 3
      vertex 14 -1 3
    endloop
  endfacet
  facet normal 0 0 1
    outer loop
      vertex 14.5 -0.866025 3
      vertex 13.6557 -3.92226 3
      vertex 14.0217 -4.28828 3
    endloop
  endfacet
  facet normal 0 0 1
    outer loop
      vertex 13.1557 -3.78828 3
      vertex 14 -1 3
      vertex 13.5 -0.866025 3
    endloop
  endfacet
  facet normal 0 0 1
    outer loop
      vertex 14 -1 3
      vertex 13.1557 -3.78828 3
      vertex 13.6557 -3.92226 3
    endloop
  endfacet
  facet normal 0 0 1
    outer loop
      vertex 12.6557 -3.92226 3
      vertex 13.5 -0.866025 3
      vertex 13.134 -0.5 3
    endloop
  endfacet
  facet normal -0 0 1
    outer loop
      vertex 10.3333 0 3
      vertex 13.134 -0.5 3
      vertex 13 0 3
    endloop
  endfacet
  facet normal 0 0 1
    outer loop
      vertex 12.6557 3.92226 3
      vertex 10.3333 0 3
      vertex 13.134 0.5 3
    endloop
  endfacet
  facet normal 0 0 1
    outer loop
      vertex 13.5 -0.866025 3
      vertex 12.6557 -3.92226 3
      vertex 13.1557 -3.78828 3
    endloop
  endfacet
  facet normal 0 0 1
    outer loop
      vertex 13.134 0.5 3
      vertex 10.3333 0 3
      vertex 13 0 3
    endloop
  endfacet
  facet normal 0 0 1
    outer loop
      vertex 10.1994 -0.5 3
      vertex 13.134 -0.5 3
      vertex 10.3333 0 3
    endloop
  endfacet
  facet normal 0 0 1
    outer loop
      vertex 10.3333 0 3
      vertex 12.2897 4.28828 3
      vertex 12.1557 4.78828 3
    endloop
  endfacet
  facet normal 0 0 1
    outer loop
      vertex 13.134 -0.5 3
      vertex 10.1994 -0.5 3
      vertex 12.6557 -3.92226 3
    endloop
  endfacet
  facet normal 0 0 1
    outer loop
      vertex 15 0 3
      vertex 20 0 3
      vertex 19.9037 1.96034 3
    endloop
  endfacet
  facet normal 0 0 1
    outer loop
      vertex 14.866 0.5 3
      vertex 19.9037 1.96034 3
      vertex 19.6157 3.90181 3
    endloop
  endfacet
  facet normal 0 0 1
    outer loop
      vertex 20 0 3
      vertex 15 0 3
      vertex 19.9037 -1.96034 3
    endloop
  endfacet
  facet normal -0 0 1
    outer loop
      vertex 14.1557 4.78828 3
      vertex 19.6157 3.90181 3
      vertex 19.1388 5.80569 3
    endloop
  endfacet
  facet normal -0 0 1
    outer loop
      vertex 14.866 -0.5 3
      vertex 19.9037 -1.96034 3
      vertex 15 0 3
    endloop
  endfacet
  facet normal 0 0 1
    outer loop
      vertex 14.0217 5.28828 3
      vertex 19.1388 5.80569 3
      vertex 18.4776 7.65367 3
    endloop
  endfacet
  facet normal 0 0 1
    outer loop
      vertex 19.9037 -1.96034 3
      vertex 14.866 -0.5 3
      vertex 19.6157 -3.90181 3
    endloop
  endfacet
  facet normal 0 0 1
    outer loop
      vertex 13.6557 5.65431 3
      vertex 18.4776 7.65367 3
      vertex 17.6384 9.42793 3
    endloop
  endfacet
  facet normal -0 0 1
    outer loop
      vertex 14.5 -0.866025 3
      vertex 19.6157 -3.90181 3
      vertex 14.866 -0.5 3
    endloop
  endfacet
  facet normal 0 0 1
    outer loop
      vertex 11.7246 8.99903 3
      vertex 17.6384 9.42793 3
      vertex 16.6294 11.1114 3
    endloop
  endfacet
  facet normal 0 0 1
    outer loop
      vertex 19.6157 -3.90181 3
      vertex 14.1557 -4.78828 3
      vertex 19.1388 -5.80569 3
    endloop
  endfacet
  facet normal 0 0 1
    outer loop
      vertex 11.5906 9.49903 3
      vertex 16.6294 11.1114 3
      vertex 15.4602 12.6879 3
    endloop
  endfacet
  facet normal -0 0 1
    outer loop
      vertex 14.0217 -5.28828 3
      vertex 19.1388 -5.80569 3
      vertex 14.1557 -4.78828 3
    endloop
  endfacet
  facet normal 0 0 1
    outer loop
      vertex 19.1388 -5.80569 3
      vertex 14.0217 -5.28828 3
      vertex 18.4776 -7.65367 3
    endloop
  endfacet
  facet normal 0 0 1
    outer loop
      vertex 19.9037 1.96034 3
      vertex 14.866 0.5 3
      vertex 15 0 3
    endloop
  endfacet
  facet normal 0 0 1
    outer loop
      vertex 19.6157 3.90181 3
      vertex 14.1557 4.78828 3
      vertex 14.0217 4.28828 3
    endloop
  endfacet
  facet normal 0 -0 1
    outer loop
      vertex 14.5 0.866025 3
      vertex 19.6157 3.90181 3
      vertex 14.0217 4.28828 3
    endloop
  endfacet
  facet normal 0 0 1
    outer loop
      vertex 11.2246 9.86505 3
      vertex 15.4602 12.6879 3
      vertex 14.1421 14.1421 3
    endloop
  endfacet
  facet normal 0 0 1
    outer loop
      vertex 19.1388 5.80569 3
      vertex 14.0217 5.28828 3
      vertex 14.1557 4.78828 3
    endloop
  endfacet
  facet normal 0 0 1
    outer loop
      vertex 18.4776 7.65367 3
      vertex 13.6557 5.65431 3
      vertex 14.0217 5.28828 3
    endloop
  endfacet
  facet normal 0 0 1
    outer loop
      vertex 17.6384 9.42793 3
      vertex 11.7246 8.99903 3
      vertex 13.6557 5.65431 3
    endloop
  endfacet
  facet normal 0 0 1
    outer loop
      vertex 10.7246 9.99903 3
      vertex 14.1421 14.1421 3
      vertex 12.6879 15.4602 3
    endloop
  endfacet
  facet normal 0 0 1
    outer loop
      vertex 13.6557 5.65431 3
      vertex 11.7246 8.99903 3
      vertex 13.1557 5.78828 3
    endloop
  endfacet
  facet normal -0 0 1
    outer loop
      vertex 11.5906 8.49903 3
      vertex 13.1557 5.78828 3
      vertex 11.7246 8.99903 3
    endloop
  endfacet
  facet normal 0 0 1
    outer loop
      vertex 13.1557 5.78828 3
      vertex 11.5906 8.49903 3
      vertex 12.6557 5.65431 3
    endloop
  endfacet
  facet normal 0 0 1
    outer loop
      vertex 12.2897 5.28828 3
      vertex 11.5906 8.49903 3
      vertex 12.1557 4.78828 3
    endloop
  endfacet
  facet normal 0 0 1
    outer loop
      vertex 12.6557 5.65431 3
      vertex 11.5906 8.49903 3
      vertex 12.2897 5.28828 3
    endloop
  endfacet
  facet normal 0 0 1
    outer loop
      vertex 16.6294 11.1114 3
      vertex 11.5906 9.49903 3
      vertex 11.7246 8.99903 3
    endloop
  endfacet
  facet normal 0 0 1
    outer loop
      vertex 15.4602 12.6879 3
      vertex 11.2246 9.86505 3
      vertex 11.5906 9.49903 3
    endloop
  endfacet
  facet normal 0 0 1
    outer loop
      vertex 8 12.1244 3
      vertex 12.6879 15.4602 3
      vertex 11.1114 16.6294 3
    endloop
  endfacet
  facet normal 0 0 1
    outer loop
      vertex 14.1421 14.1421 3
      vertex 10.7246 9.99903 3
      vertex 11.2246 9.86505 3
    endloop
  endfacet
  facet normal 0 0 1
    outer loop
      vertex 12.6879 15.4602 3
      vertex 8 12.1244 3
      vertex 10.7246 9.99903 3
    endloop
  endfacet
  facet normal 0 0 1
    outer loop
      vertex 8 12.1244 3
      vertex 11.1114 16.6294 3
      vertex 9.42793 17.6384 3
    endloop
  endfacet
  facet normal 0 0 1
    outer loop
      vertex 10.7246 9.99903 3
      vertex 8 12.1244 3
      vertex 10.2246 9.86505 3
    endloop
  endfacet
  facet normal -0 0 1
    outer loop
      vertex 7.86602 11.6244 3
      vertex 10.2246 9.86505 3
      vertex 8 12.1244 3
    endloop
  endfacet
  facet normal -0 0 1
    outer loop
      vertex 13.6557 -5.65431 3
      vertex 18.4776 -7.65367 3
      vertex 14.0217 -5.28828 3
    endloop
  endfacet
  facet normal 0 0 1
    outer loop
      vertex 14.0217 -4.28828 3
      vertex 19.6157 -3.90181 3
      vertex 14.5 -0.866025 3
    endloop
  endfacet
  facet normal 0 0 1
    outer loop
      vertex 18.4776 -7.65367 3
      vertex 13.6557 -5.65431 3
      vertex 17.6384 -9.42793 3
    endloop
  endfacet
  facet normal -0 0 1
    outer loop
      vertex 11.7246 -8.99903 3
      vertex 17.6384 -9.42793 3
      vertex 13.6557 -5.65431 3
    endloop
  endfacet
  facet normal 0 0 1
    outer loop
      vertex 17.6384 -9.42793 3
      vertex 11.7246 -8.99903 3
      vertex 16.6294 -11.1114 3
    endloop
  endfacet
  facet normal -0 0 1
    outer loop
      vertex 11.5906 -9.49903 3
      vertex 16.6294 -11.1114 3
      vertex 11.7246 -8.99903 3
    endloop
  endfacet
  facet normal 0 0 1
    outer loop
      vertex 11.7246 -8.99903 3
      vertex 13.6557 -5.65431 3
      vertex 13.1557 -5.78828 3
    endloop
  endfacet
  facet normal 0 0 1
    outer loop
      vertex 16.6294 -11.1114 3
      vertex 11.5906 -9.49903 3
      vertex 15.4602 -12.6879 3
    endloop
  endfacet
  facet normal 0 0 1
    outer loop
      vertex 11.7246 -8.99903 3
      vertex 13.1557 -5.78828 3
      vertex 12.6557 -5.65431 3
    endloop
  endfacet
  facet normal 0 0 1
    outer loop
      vertex 11.7246 -8.99903 3
      vertex 12.6557 -5.65431 3
      vertex 12.2897 -5.28828 3
    endloop
  endfacet
  facet normal 0 0 1
    outer loop
      vertex 11.7246 -8.99903 3
      vertex 12.2897 -5.28828 3
      vertex 12.1557 -4.78828 3
    endloop
  endfacet
  facet normal 0 0 1
    outer loop
      vertex 10.3333 0 3
      vertex 12.1557 4.78828 3
      vertex 11.5906 8.49903 3
    endloop
  endfacet
  facet normal -0 0 1
    outer loop
      vertex 11.2246 -9.86505 3
      vertex 15.4602 -12.6879 3
      vertex 11.5906 -9.49903 3
    endloop
  endfacet
  facet normal 0 0 1
    outer loop
      vertex 15.4602 -12.6879 3
      vertex 11.2246 -9.86505 3
      vertex 14.1421 -14.1421 3
    endloop
  endfacet
  facet normal -0 0 1
    outer loop
      vertex 10.7246 -9.99903 3
      vertex 14.1421 -14.1421 3
      vertex 11.2246 -9.86505 3
    endloop
  endfacet
  facet normal 0 0 1
    outer loop
      vertex 14.1421 -14.1421 3
      vertex 10.7246 -9.99903 3
      vertex 12.6879 -15.4602 3
    endloop
  endfacet
  facet normal 0 0 1
    outer loop
      vertex 12.6879 -15.4602 3
      vertex 10.7246 -9.99903 3
      vertex 11.1114 -16.6294 3
    endloop
  endfacet
  facet normal 0 0 1
    outer loop
      vertex 10.2246 -9.86505 3
      vertex 11.1114 -16.6294 3
      vertex 10.7246 -9.99903 3
    endloop
  endfacet
  facet normal 0 0 1
    outer loop
      vertex 9.42793 -17.6384 3
      vertex 10.2246 -9.86505 3
      vertex 9.8586 -9.49903 3
    endloop
  endfacet
  facet normal 0 0 1
    outer loop
      vertex 9.42793 -17.6384 3
      vertex 9.8586 -9.49903 3
      vertex 9.72462 -8.99903 3
    endloop
  endfacet
  facet normal 0 0 1
    outer loop
      vertex 10.2246 -9.86505 3
      vertex 9.42793 -17.6384 3
      vertex 11.1114 -16.6294 3
    endloop
  endfacet
  facet normal 0 0 1
    outer loop
      vertex 19.6157 3.90181 3
      vertex 14.5 0.866025 3
      vertex 14.866 0.5 3
    endloop
  endfacet
  facet normal -0 0 1
    outer loop
      vertex 13.6557 3.92226 3
      vertex 14.5 0.866025 3
      vertex 14.0217 4.28828 3
    endloop
  endfacet
  facet normal 0 0 1
    outer loop
      vertex 14.5 0.866025 3
      vertex 13.6557 3.92226 3
      vertex 14 1 3
    endloop
  endfacet
  facet normal -0 0 1
    outer loop
      vertex 13.1557 3.78828 3
      vertex 14 1 3
      vertex 13.6557 3.92226 3
    endloop
  endfacet
  facet normal 0 0 1
    outer loop
      vertex 14 1 3
      vertex 13.1557 3.78828 3
      vertex 13.5 0.866025 3
    endloop
  endfacet
  facet normal 0 0 1
    outer loop
      vertex 12.6557 3.92226 3
      vertex 13.5 0.866025 3
      vertex 13.1557 3.78828 3
    endloop
  endfacet
  facet normal 0 0 1
    outer loop
      vertex 13.5 0.866025 3
      vertex 12.6557 3.92226 3
      vertex 13.134 0.5 3
    endloop
  endfacet
  facet normal 0 0 1
    outer loop
      vertex 10.3333 0 3
      vertex 12.6557 3.92226 3
      vertex 12.2897 4.28828 3
    endloop
  endfacet
  facet normal -0.998796 0.049065 0
    outer loop
      vertex -20 0 0
      vertex -19.9037 1.96034 3
      vertex -19.9037 1.96034 0
    endloop
  endfacet
  facet normal -0.998796 0.049065 0
    outer loop
      vertex -19.9037 1.96034 3
      vertex -20 0 0
      vertex -20 0 3
    endloop
  endfacet
  facet normal 0.671584 -0.740928 0
    outer loop
      vertex 12.6879 -15.4602 0
      vertex 14.1421 -14.1421 3
      vertex 12.6879 -15.4602 3
    endloop
  endfacet
  facet normal 0.671584 -0.740928 0
    outer loop
      vertex 14.1421 -14.1421 3
      vertex 12.6879 -15.4602 0
      vertex 14.1421 -14.1421 0
    endloop
  endfacet
  facet normal 0.965926 0.25882 0
    outer loop
      vertex -0.866025 -0.5 3
      vertex -1 0 0
      vertex -1 0 3
    endloop
  endfacet
  facet normal 0.965926 0.25882 0
    outer loop
      vertex -1 0 0
      vertex -0.866025 -0.5 3
      vertex -0.866025 -0.5 0
    endloop
  endfacet
  facet normal -0.707107 -0.707107 0
    outer loop
      vertex 0.866025 0.5 0
      vertex 0.5 0.866025 3
      vertex 0.5 0.866025 0
    endloop
  endfacet
  facet normal -0.707107 -0.707107 0
    outer loop
      vertex 0.5 0.866025 3
      vertex 0.866025 0.5 0
      vertex 0.866025 0.5 3
    endloop
  endfacet
  facet normal -0.965926 -0.25882 0
    outer loop
      vertex 1 0 0
      vertex 0.866025 0.5 3
      vertex 0.866025 0.5 0
    endloop
  endfacet
  facet normal -0.965926 -0.25882 0
    outer loop
      vertex 0.866025 0.5 3
      vertex 1 0 0
      vertex 1 0 3
    endloop
  endfacet
  facet normal -0.25882 -0.965926 0
    outer loop
      vertex 0 1 0
      vertex 0.5 0.866025 3
      vertex 0 1 3
    endloop
  endfacet
  facet normal -0.25882 -0.965926 -0
    outer loop
      vertex 0.5 0.866025 3
      vertex 0 1 0
      vertex 0.5 0.866025 0
    endloop
  endfacet
  facet normal -0.25882 0.965926 0
    outer loop
      vertex 0.5 -0.866025 0
      vertex 0 -1 3
      vertex 0.5 -0.866025 3
    endloop
  endfacet
  facet normal -0.25882 0.965926 0
    outer loop
      vertex 0 -1 3
      vertex 0.5 -0.866025 0
      vertex 0 -1 0
    endloop
  endfacet
  facet normal -0.965926 0.25882 0
    outer loop
      vertex 0.866025 -0.5 0
      vertex 1 0 3
      vertex 1 0 0
    endloop
  endfacet
  facet normal -0.965926 0.25882 0
    outer loop
      vertex 1 0 3
      vertex 0.866025 -0.5 0
      vertex 0.866025 -0.5 3
    endloop
  endfacet
  facet normal 0.707107 -0.707107 0
    outer loop
      vertex -0.866025 0.5 3
      vertex -0.5 0.866025 0
      vertex -0.5 0.866025 3
    endloop
  endfacet
  facet normal 0.707107 -0.707107 0
    outer loop
      vertex -0.5 0.866025 0
      vertex -0.866025 0.5 3
      vertex -0.866025 0.5 0
    endloop
  endfacet
  facet normal 0.25882 -0.965926 0
    outer loop
      vertex -0.5 0.866025 0
      vertex 0 1 3
      vertex -0.5 0.866025 3
    endloop
  endfacet
  facet normal 0.25882 -0.965926 0
    outer loop
      vertex 0 1 3
      vertex -0.5 0.866025 0
      vertex 0 1 0
    endloop
  endfacet
  facet normal 0.965926 -0.25882 0
    outer loop
      vertex -1 0 3
      vertex -0.866025 0.5 0
      vertex -0.866025 0.5 3
    endloop
  endfacet
  facet normal 0.965926 -0.25882 0
    outer loop
      vertex -0.866025 0.5 0
      vertex -1 0 3
      vertex -1 0 0
    endloop
  endfacet
  facet normal -0.707107 0.707107 0
    outer loop
      vertex 0.5 -0.866025 0
      vertex 0.866025 -0.5 3
      vertex 0.866025 -0.5 0
    endloop
  endfacet
  facet normal -0.707107 0.707107 0
    outer loop
      vertex 0.866025 -0.5 3
      vertex 0.5 -0.866025 0
      vertex 0.5 -0.866025 3
    endloop
  endfacet
  facet normal 0.707107 0.707107 0
    outer loop
      vertex -0.5 -0.866025 3
      vertex -0.866025 -0.5 0
      vertex -0.866025 -0.5 3
    endloop
  endfacet
  facet normal 0.707107 0.707107 0
    outer loop
      vertex -0.866025 -0.5 0
      vertex -0.5 -0.866025 3
      vertex -0.5 -0.866025 0
    endloop
  endfacet
  facet normal 0.25882 0.965926 -0
    outer loop
      vertex 0 -1 0
      vertex -0.5 -0.866025 3
      vertex 0 -1 3
    endloop
  endfacet
  facet normal 0.25882 0.965926 0
    outer loop
      vertex -0.5 -0.866025 3
      vertex 0 -1 0
      vertex -0.5 -0.866025 0
    endloop
  endfacet
endsolid OpenSCAD_Model
