solid OpenSCAD_Model
  facet normal -0.999507 -0.0313971 0
    outer loop
      vertex -36.1785 -2.27616 0
      vertex -36.25 0 25
      vertex -36.25 0 0
    endloop
  endfacet
  facet normal -0.999507 -0.0313971 0
    outer loop
      vertex -36.25 0 25
      vertex -36.1785 -2.27616 0
      vertex -36.1785 -2.27616 25
    endloop
  endfacet
  facet normal 0.50905 -0.860737 0
    outer loop
      vertex 17.5 -31.7446 0
      vertex 19.4237 -30.6069 25
      vertex 17.5 -31.7446 25
    endloop
  endfacet
  facet normal 0.50905 -0.860737 0
    outer loop
      vertex 19.4237 -30.6069 25
      vertex 17.5 -31.7446 0
      vertex 19.4237 -30.6069 0
    endloop
  endfacet
  facet normal 0.707107 -0.707107 0
    outer loop
      vertex 24.8148 -26.4251 25
      vertex 26.4251 -24.8148 0
      vertex 26.4251 -24.8148 25
    endloop
  endfacet
  facet normal 0.707107 -0.707107 0
    outer loop
      vertex 26.4251 -24.8148 0
      vertex 24.8148 -26.4251 25
      vertex 24.8148 -26.4251 0
    endloop
  endfacet
  facet normal -0.975914 -0.218154 0
    outer loop
      vertex -35.1111 -9.01501 0
      vertex -35.6079 -6.79257 25
      vertex -35.6079 -6.79257 0
    endloop
  endfacet
  facet normal -0.975914 -0.218154 0
    outer loop
      vertex -35.6079 -6.79257 25
      vertex -35.1111 -9.01501 0
      vertex -35.1111 -9.01501 25
    endloop
  endfacet
  facet normal -0.50905 -0.860737 0
    outer loop
      vertex -19.4237 -30.6069 0
      vertex -17.5 -31.7446 25
      vertex -19.4237 -30.6069 25
    endloop
  endfacet
  facet normal -0.50905 -0.860737 -0
    outer loop
      vertex -17.5 -31.7446 25
      vertex -19.4237 -30.6069 0
      vertex -17.5 -31.7446 0
    endloop
  endfacet
  facet normal -0.995562 -0.0941037 0
    outer loop
      vertex -35.9642 -4.54333 0
      vertex -36.1785 -2.27616 25
      vertex -36.1785 -2.27616 0
    endloop
  endfacet
  facet normal -0.995562 -0.0941037 0
    outer loop
      vertex -36.1785 -2.27616 25
      vertex -35.9642 -4.54333 0
      vertex -35.9642 -4.54333 25
    endloop
  endfacet
  facet normal 0.9603 -0.278971 0
    outer loop
      vertex 34.4758 -11.2019 25
      vertex 35.1111 -9.01501 0
      vertex 35.1111 -9.01501 25
    endloop
  endfacet
  facet normal 0.9603 -0.278971 0
    outer loop
      vertex 35.1111 -9.01501 0
      vertex 34.4758 -11.2019 25
      vertex 34.4758 -11.2019 0
    endloop
  endfacet
  facet normal 0.999507 -0.0313971 0
    outer loop
      vertex 36.1785 -2.27616 25
      vertex 36.25 0 0
      vertex 36.25 0 25
    endloop
  endfacet
  facet normal 0.999507 -0.0313971 0
    outer loop
      vertex 36.25 0 0
      vertex 36.1785 -2.27616 25
      vertex 36.1785 -2.27616 0
    endloop
  endfacet
  facet normal -0.940878 -0.338744 0
    outer loop
      vertex -33.7044 -13.3445 0
      vertex -34.4758 -11.2019 25
      vertex -34.4758 -11.2019 0
    endloop
  endfacet
  facet normal -0.940878 -0.338744 0
    outer loop
      vertex -34.4758 -11.2019 25
      vertex -33.7044 -13.3445 0
      vertex -33.7044 -13.3445 25
    endloop
  endfacet
  facet normal 0.860742 -0.509041 0
    outer loop
      vertex 30.6069 -19.4237 25
      vertex 31.7661 -17.4636 0
      vertex 31.7661 -17.4636 25
    endloop
  endfacet
  facet normal 0.860742 -0.509041 0
    outer loop
      vertex 31.7661 -17.4636 0
      vertex 30.6069 -19.4237 25
      vertex 30.6069 -19.4237 0
    endloop
  endfacet
  facet normal 0.940878 -0.338744 0
    outer loop
      vertex 33.7044 -13.3445 25
      vertex 34.4758 -11.2019 0
      vertex 34.4758 -11.2019 25
    endloop
  endfacet
  facet normal 0.940878 -0.338744 0
    outer loop
      vertex 34.4758 -11.2019 0
      vertex 33.7044 -13.3445 25
      vertex 33.7044 -13.3445 0
    endloop
  endfacet
  facet normal 0.790146 -0.612919 0
    outer loop
      vertex 27.9311 -23.1066 25
      vertex 29.3269 -21.3072 0
      vertex 29.3269 -21.3072 25
    endloop
  endfacet
  facet normal 0.790146 -0.612919 0
    outer loop
      vertex 29.3269 -21.3072 0
      vertex 27.9311 -23.1066 25
      vertex 27.9311 -23.1066 0
    endloop
  endfacet
  facet normal 0.995562 -0.0941037 0
    outer loop
      vertex 35.9642 -4.54333 25
      vertex 36.1785 -2.27616 0
      vertex 36.1785 -2.27616 25
    endloop
  endfacet
  facet normal 0.995562 -0.0941037 0
    outer loop
      vertex 36.1785 -2.27616 0
      vertex 35.9642 -4.54333 25
      vertex 35.9642 -4.54333 0
    endloop
  endfacet
  facet normal 0.975914 -0.218154 0
    outer loop
      vertex 35.1111 -9.01501 25
      vertex 35.6079 -6.79257 0
      vertex 35.6079 -6.79257 25
    endloop
  endfacet
  facet normal 0.975914 -0.218154 0
    outer loop
      vertex 35.6079 -6.79257 0
      vertex 35.1111 -9.01501 25
      vertex 35.1111 -9.01501 0
    endloop
  endfacet
  facet normal -0.790146 -0.612919 0
    outer loop
      vertex -27.9311 -23.1066 0
      vertex -29.3269 -21.3072 25
      vertex -29.3269 -21.3072 0
    endloop
  endfacet
  facet normal -0.790146 -0.612919 0
    outer loop
      vertex -29.3269 -21.3072 25
      vertex -27.9311 -23.1066 0
      vertex -27.9311 -23.1066 25
    endloop
  endfacet
  facet normal -0.827086 -0.562076 0
    outer loop
      vertex -29.3269 -21.3072 0
      vertex -30.6069 -19.4237 25
      vertex -30.6069 -19.4237 0
    endloop
  endfacet
  facet normal -0.827086 -0.562076 0
    outer loop
      vertex -30.6069 -19.4237 25
      vertex -29.3269 -21.3072 0
      vertex -29.3269 -21.3072 25
    endloop
  endfacet
  facet normal -0.891003 -0.453998 0
    outer loop
      vertex -31.7661 -17.4636 0
      vertex -32.8 -15.4345 25
      vertex -32.8 -15.4345 0
    endloop
  endfacet
  facet normal -0.891003 -0.453998 0
    outer loop
      vertex -32.8 -15.4345 25
      vertex -31.7661 -17.4636 0
      vertex -31.7661 -17.4636 25
    endloop
  endfacet
  facet normal -0.860742 -0.509041 0
    outer loop
      vertex -30.6069 -19.4237 0
      vertex -31.7661 -17.4636 25
      vertex -31.7661 -17.4636 0
    endloop
  endfacet
  facet normal -0.860742 -0.509041 0
    outer loop
      vertex -31.7661 -17.4636 25
      vertex -30.6069 -19.4237 0
      vertex -30.6069 -19.4237 25
    endloop
  endfacet
  facet normal 0.562076 -0.827086 0
    outer loop
      vertex 19.4237 -30.6069 0
      vertex 21.3072 -29.3269 25
      vertex 19.4237 -30.6069 25
    endloop
  endfacet
  facet normal 0.562076 -0.827086 0
    outer loop
      vertex 21.3072 -29.3269 25
      vertex 19.4237 -30.6069 0
      vertex 21.3072 -29.3269 0
    endloop
  endfacet
  facet normal 0.661317 -0.750107 0
    outer loop
      vertex 23.1066 -27.9311 0
      vertex 24.8148 -26.4251 25
      vertex 23.1066 -27.9311 25
    endloop
  endfacet
  facet normal 0.661317 -0.750107 0
    outer loop
      vertex 24.8148 -26.4251 25
      vertex 23.1066 -27.9311 0
      vertex 24.8148 -26.4251 0
    endloop
  endfacet
  facet normal 0.917758 -0.397139 0
    outer loop
      vertex 32.8 -15.4345 25
      vertex 33.7044 -13.3445 0
      vertex 33.7044 -13.3445 25
    endloop
  endfacet
  facet normal 0.917758 -0.397139 0
    outer loop
      vertex 33.7044 -13.3445 0
      vertex 32.8 -15.4345 25
      vertex 32.8 -15.4345 0
    endloop
  endfacet
  facet normal -0.750107 -0.661317 0
    outer loop
      vertex -26.4251 -24.8148 0
      vertex -27.9311 -23.1066 25
      vertex -27.9311 -23.1066 0
    endloop
  endfacet
  facet normal -0.750107 -0.661317 0
    outer loop
      vertex -27.9311 -23.1066 25
      vertex -26.4251 -24.8148 0
      vertex -26.4251 -24.8148 25
    endloop
  endfacet
  facet normal -0.612919 -0.790146 0
    outer loop
      vertex -23.1066 -27.9311 0
      vertex -21.3072 -29.3269 25
      vertex -23.1066 -27.9311 25
    endloop
  endfacet
  facet normal -0.612919 -0.790146 -0
    outer loop
      vertex -21.3072 -29.3269 25
      vertex -23.1066 -27.9311 0
      vertex -21.3072 -29.3269 0
    endloop
  endfacet
  facet normal -0.707107 -0.707107 0
    outer loop
      vertex -24.8148 -26.4251 0
      vertex -26.4251 -24.8148 25
      vertex -26.4251 -24.8148 0
    endloop
  endfacet
  facet normal -0.707107 -0.707107 0
    outer loop
      vertex -26.4251 -24.8148 25
      vertex -24.8148 -26.4251 0
      vertex -24.8148 -26.4251 25
    endloop
  endfacet
  facet normal 0.891003 -0.453998 0
    outer loop
      vertex 31.7661 -17.4636 25
      vertex 32.8 -15.4345 0
      vertex 32.8 -15.4345 25
    endloop
  endfacet
  facet normal 0.891003 -0.453998 0
    outer loop
      vertex 32.8 -15.4345 0
      vertex 31.7661 -17.4636 25
      vertex 31.7661 -17.4636 0
    endloop
  endfacet
  facet normal 0.750107 -0.661317 0
    outer loop
      vertex 26.4251 -24.8148 25
      vertex 27.9311 -23.1066 0
      vertex 27.9311 -23.1066 25
    endloop
  endfacet
  facet normal 0.750107 -0.661317 0
    outer loop
      vertex 27.9311 -23.1066 0
      vertex 26.4251 -24.8148 25
      vertex 26.4251 -24.8148 0
    endloop
  endfacet
  facet normal -0 0 1
    outer loop
      vertex 29.0555 11.5039 25
      vertex 36.25 0 25
      vertex 36.25 51.25 25
    endloop
  endfacet
  facet normal -0 -0 1
    outer loop
      vertex 30.2682 7.77156 25
      vertex 36.25 0 25
      vertex 29.7205 9.65678 25
    endloop
  endfacet
  facet normal -0 -0 1
    outer loop
      vertex 31.0036 3.91666 25
      vertex 36.25 0 25
      vertex 30.6965 5.85567 25
    endloop
  endfacet
  facet normal -0 -0 1
    outer loop
      vertex 31.1883 1.9622 25
      vertex 36.25 0 25
      vertex 31.0036 3.91666 25
    endloop
  endfacet
  facet normal 0 0 1
    outer loop
      vertex 36.25 0 25
      vertex 31.25 0 25
      vertex 36.1785 -2.27616 25
    endloop
  endfacet
  facet normal 0 0 1
    outer loop
      vertex 36.1785 -2.27616 25
      vertex 31.1883 -1.9622 25
      vertex 35.9642 -4.54333 25
    endloop
  endfacet
  facet normal 0 0 1
    outer loop
      vertex 35.9642 -4.54333 25
      vertex 31.0036 -3.91666 25
      vertex 35.6079 -6.79257 25
    endloop
  endfacet
  facet normal -0 0 1
    outer loop
      vertex 30.6965 -5.85567 25
      vertex 35.6079 -6.79257 25
      vertex 31.0036 -3.91666 25
    endloop
  endfacet
  facet normal -0 0 1
    outer loop
      vertex 30.2682 -7.77156 25
      vertex 35.1111 -9.01501 25
      vertex 30.6965 -5.85567 25
    endloop
  endfacet
  facet normal 0 0 1
    outer loop
      vertex 35.6079 -6.79257 25
      vertex 30.6965 -5.85567 25
      vertex 35.1111 -9.01501 25
    endloop
  endfacet
  facet normal -0 0 1
    outer loop
      vertex 31.0036 -3.91666 25
      vertex 35.9642 -4.54333 25
      vertex 31.1883 -1.9622 25
    endloop
  endfacet
  facet normal -0 0 1
    outer loop
      vertex 31.1883 -1.9622 25
      vertex 36.1785 -2.27616 25
      vertex 31.25 0 25
    endloop
  endfacet
  facet normal 0 -0 1
    outer loop
      vertex 31.25 0 25
      vertex 36.25 0 25
      vertex 31.1883 1.9622 25
    endloop
  endfacet
  facet normal -0 -0 1
    outer loop
      vertex 30.6965 5.85567 25
      vertex 36.25 0 25
      vertex 30.2682 7.77156 25
    endloop
  endfacet
  facet normal 0 0 1
    outer loop
      vertex 36.25 0 25
      vertex 29.0555 11.5039 25
      vertex 29.7205 9.65678 25
    endloop
  endfacet
  facet normal 0 0 1
    outer loop
      vertex 36.25 51.25 25
      vertex 28.2758 13.3056 25
      vertex 29.0555 11.5039 25
    endloop
  endfacet
  facet normal 0 0 1
    outer loop
      vertex 36.25 51.25 25
      vertex 27.3846 15.0548 25
      vertex 28.2758 13.3056 25
    endloop
  endfacet
  facet normal 0 0 1
    outer loop
      vertex 36.25 51.25 25
      vertex 26.3852 16.7446 25
      vertex 27.3846 15.0548 25
    endloop
  endfacet
  facet normal 0 0 1
    outer loop
      vertex 36.25 51.25 25
      vertex 25.2818 18.3683 25
      vertex 26.3852 16.7446 25
    endloop
  endfacet
  facet normal 0 0 1
    outer loop
      vertex 36.25 51.25 25
      vertex 24.0785 19.9195 25
      vertex 25.2818 18.3683 25
    endloop
  endfacet
  facet normal 0 0 1
    outer loop
      vertex 36.25 51.25 25
      vertex 22.7803 21.3921 25
      vertex 24.0785 19.9195 25
    endloop
  endfacet
  facet normal 0 0 1
    outer loop
      vertex 36.25 51.25 25
      vertex 21.3921 22.7803 25
      vertex 22.7803 21.3921 25
    endloop
  endfacet
  facet normal 0 0 1
    outer loop
      vertex 36.25 51.25 25
      vertex 19.9195 24.0785 25
      vertex 21.3921 22.7803 25
    endloop
  endfacet
  facet normal 0 0 1
    outer loop
      vertex 36.25 51.25 25
      vertex 18.3683 25.2818 25
      vertex 19.9195 24.0785 25
    endloop
  endfacet
  facet normal 0 0 1
    outer loop
      vertex 36.25 51.25 25
      vertex 16.7446 26.3852 25
      vertex 18.3683 25.2818 25
    endloop
  endfacet
  facet normal 0 0 1
    outer loop
      vertex 36.25 51.25 25
      vertex 15.0548 27.3846 25
      vertex 16.7446 26.3852 25
    endloop
  endfacet
  facet normal 0 0 1
    outer loop
      vertex 36.25 51.25 25
      vertex 13.3056 28.2758 25
      vertex 15.0548 27.3846 25
    endloop
  endfacet
  facet normal 0 0 1
    outer loop
      vertex 36.25 51.25 25
      vertex 11.5039 29.0555 25
      vertex 13.3056 28.2758 25
    endloop
  endfacet
  facet normal 0 0 1
    outer loop
      vertex 36.25 51.25 25
      vertex 9.65678 29.7205 25
      vertex 11.5039 29.0555 25
    endloop
  endfacet
  facet normal 0 0 1
    outer loop
      vertex 36.25 51.25 25
      vertex 7.77156 30.2682 25
      vertex 9.65678 29.7205 25
    endloop
  endfacet
  facet normal 0 0 1
    outer loop
      vertex 36.25 51.25 25
      vertex 5.85567 30.6965 25
      vertex 7.77156 30.2682 25
    endloop
  endfacet
  facet normal 0 0 1
    outer loop
      vertex 36.25 51.25 25
      vertex 3.91666 31.0036 25
      vertex 5.85567 30.6965 25
    endloop
  endfacet
  facet normal 0 0 1
    outer loop
      vertex 36.25 51.25 25
      vertex 1.9622 31.1883 25
      vertex 3.91666 31.0036 25
    endloop
  endfacet
  facet normal 0 0 1
    outer loop
      vertex 36.25 51.25 25
      vertex 0 31.25 25
      vertex 1.9622 31.1883 25
    endloop
  endfacet
  facet normal -0 0 1
    outer loop
      vertex -36.25 51.25 25
      vertex 0 31.25 25
      vertex 36.25 51.25 25
    endloop
  endfacet
  facet normal 0 0 1
    outer loop
      vertex 0 31.25 25
      vertex -36.25 51.25 25
      vertex -1.9622 31.1883 25
    endloop
  endfacet
  facet normal 0 0 1
    outer loop
      vertex -1.9622 31.1883 25
      vertex -36.25 51.25 25
      vertex -3.91666 31.0036 25
    endloop
  endfacet
  facet normal 0 0 1
    outer loop
      vertex -3.91666 31.0036 25
      vertex -36.25 51.25 25
      vertex -5.85567 30.6965 25
    endloop
  endfacet
  facet normal 0 0 1
    outer loop
      vertex -5.85567 30.6965 25
      vertex -36.25 51.25 25
      vertex -7.77156 30.2682 25
    endloop
  endfacet
  facet normal 0 0 1
    outer loop
      vertex -7.77156 30.2682 25
      vertex -36.25 51.25 25
      vertex -9.65678 29.7205 25
    endloop
  endfacet
  facet normal 0 0 1
    outer loop
      vertex -9.65678 29.7205 25
      vertex -36.25 51.25 25
      vertex -11.5039 29.0555 25
    endloop
  endfacet
  facet normal 0 0 1
    outer loop
      vertex -28.2758 -13.3056 25
      vertex -32.8 -15.4345 25
      vertex -31.7661 -17.4636 25
    endloop
  endfacet
  facet normal 0 0 1
    outer loop
      vertex -36.25 0 25
      vertex -31.25 0 25
      vertex -31.1883 1.9622 25
    endloop
  endfacet
  facet normal 0 0 1
    outer loop
      vertex -31.1883 -1.9622 25
      vertex -33.7044 -13.3445 25
      vertex -32.8 -15.4345 25
    endloop
  endfacet
  facet normal 0 0 1
    outer loop
      vertex -36.25 0 25
      vertex -31.1883 1.9622 25
      vertex -31.0036 3.91666 25
    endloop
  endfacet
  facet normal 0 0 1
    outer loop
      vertex -31.1883 -1.9622 25
      vertex -34.4758 -11.2019 25
      vertex -33.7044 -13.3445 25
    endloop
  endfacet
  facet normal 0 0 1
    outer loop
      vertex -36.25 0 25
      vertex -31.0036 3.91666 25
      vertex -30.6965 5.85567 25
    endloop
  endfacet
  facet normal 0 0 1
    outer loop
      vertex -31.1883 -1.9622 25
      vertex -35.1111 -9.01501 25
      vertex -34.4758 -11.2019 25
    endloop
  endfacet
  facet normal 0 0 1
    outer loop
      vertex -36.25 0 25
      vertex -30.6965 5.85567 25
      vertex -30.2682 7.77156 25
    endloop
  endfacet
  facet normal 0 0 1
    outer loop
      vertex -31.1883 -1.9622 25
      vertex -35.6079 -6.79257 25
      vertex -35.1111 -9.01501 25
    endloop
  endfacet
  facet normal 0 0 1
    outer loop
      vertex -36.25 0 25
      vertex -30.2682 7.77156 25
      vertex -29.7205 9.65678 25
    endloop
  endfacet
  facet normal 0 0 1
    outer loop
      vertex -31.1883 -1.9622 25
      vertex -35.9642 -4.54333 25
      vertex -35.6079 -6.79257 25
    endloop
  endfacet
  facet normal 0 0 1
    outer loop
      vertex -36.25 0 25
      vertex -29.7205 9.65678 25
      vertex -29.0555 11.5039 25
    endloop
  endfacet
  facet normal 0 0 1
    outer loop
      vertex -31.1883 -1.9622 25
      vertex -36.1785 -2.27616 25
      vertex -35.9642 -4.54333 25
    endloop
  endfacet
  facet normal 0 0 1
    outer loop
      vertex -36.25 51.25 25
      vertex -29.0555 11.5039 25
      vertex -28.2758 13.3056 25
    endloop
  endfacet
  facet normal 0 0 1
    outer loop
      vertex -11.5039 29.0555 25
      vertex -36.25 51.25 25
      vertex -13.3056 28.2758 25
    endloop
  endfacet
  facet normal 0 0 1
    outer loop
      vertex -36.25 51.25 25
      vertex -15.0548 27.3846 25
      vertex -13.3056 28.2758 25
    endloop
  endfacet
  facet normal 0 0 1
    outer loop
      vertex -36.25 51.25 25
      vertex -16.7446 26.3852 25
      vertex -15.0548 27.3846 25
    endloop
  endfacet
  facet normal 0 0 1
    outer loop
      vertex -36.25 51.25 25
      vertex -18.3683 25.2818 25
      vertex -16.7446 26.3852 25
    endloop
  endfacet
  facet normal 0 0 1
    outer loop
      vertex -36.25 51.25 25
      vertex -19.9195 24.0785 25
      vertex -18.3683 25.2818 25
    endloop
  endfacet
  facet normal 0 0 1
    outer loop
      vertex -36.25 51.25 25
      vertex -21.3921 22.7803 25
      vertex -19.9195 24.0785 25
    endloop
  endfacet
  facet normal 0 0 1
    outer loop
      vertex -36.25 51.25 25
      vertex -22.7803 21.3921 25
      vertex -21.3921 22.7803 25
    endloop
  endfacet
  facet normal 0 0 1
    outer loop
      vertex -36.25 51.25 25
      vertex -24.0785 19.9195 25
      vertex -22.7803 21.3921 25
    endloop
  endfacet
  facet normal 0 0 1
    outer loop
      vertex -36.25 51.25 25
      vertex -25.2818 18.3683 25
      vertex -24.0785 19.9195 25
    endloop
  endfacet
  facet normal 0 0 1
    outer loop
      vertex -36.25 51.25 25
      vertex -26.3852 16.7446 25
      vertex -25.2818 18.3683 25
    endloop
  endfacet
  facet normal 0 0 1
    outer loop
      vertex -36.25 51.25 25
      vertex -27.3846 15.0548 25
      vertex -26.3852 16.7446 25
    endloop
  endfacet
  facet normal 0 0 1
    outer loop
      vertex -36.25 51.25 25
      vertex -28.2758 13.3056 25
      vertex -27.3846 15.0548 25
    endloop
  endfacet
  facet normal 0 0 1
    outer loop
      vertex -29.0555 11.5039 25
      vertex -36.25 51.25 25
      vertex -36.25 0 25
    endloop
  endfacet
  facet normal 0 0 1
    outer loop
      vertex -31.25 0 25
      vertex -36.25 0 25
      vertex -36.1785 -2.27616 25
    endloop
  endfacet
  facet normal 0 0 1
    outer loop
      vertex 35.1111 -9.01501 25
      vertex 30.2682 -7.77156 25
      vertex 34.4758 -11.2019 25
    endloop
  endfacet
  facet normal -0 0 1
    outer loop
      vertex 29.7205 -9.65678 25
      vertex 34.4758 -11.2019 25
      vertex 30.2682 -7.77156 25
    endloop
  endfacet
  facet normal 0 0 1
    outer loop
      vertex 34.4758 -11.2019 25
      vertex 29.7205 -9.65678 25
      vertex 33.7044 -13.3445 25
    endloop
  endfacet
  facet normal -0 0 1
    outer loop
      vertex 29.0555 -11.5039 25
      vertex 33.7044 -13.3445 25
      vertex 29.7205 -9.65678 25
    endloop
  endfacet
  facet normal 0 0 1
    outer loop
      vertex 33.7044 -13.3445 25
      vertex 29.0555 -11.5039 25
      vertex 32.8 -15.4345 25
    endloop
  endfacet
  facet normal -0 0 1
    outer loop
      vertex 28.2758 -13.3056 25
      vertex 32.8 -15.4345 25
      vertex 29.0555 -11.5039 25
    endloop
  endfacet
  facet normal 0 0 1
    outer loop
      vertex 32.8 -15.4345 25
      vertex 28.2758 -13.3056 25
      vertex 31.7661 -17.4636 25
    endloop
  endfacet
  facet normal -0 0 1
    outer loop
      vertex 27.3846 -15.0548 25
      vertex 31.7661 -17.4636 25
      vertex 28.2758 -13.3056 25
    endloop
  endfacet
  facet normal 0 0 1
    outer loop
      vertex 31.7661 -17.4636 25
      vertex 27.3846 -15.0548 25
      vertex 30.6069 -19.4237 25
    endloop
  endfacet
  facet normal -0 0 1
    outer loop
      vertex 26.3852 -16.7446 25
      vertex 30.6069 -19.4237 25
      vertex 27.3846 -15.0548 25
    endloop
  endfacet
  facet normal 0 0 1
    outer loop
      vertex 30.6069 -19.4237 25
      vertex 26.3852 -16.7446 25
      vertex 29.3269 -21.3072 25
    endloop
  endfacet
  facet normal -0 0 1
    outer loop
      vertex 25.2818 -18.3683 25
      vertex 29.3269 -21.3072 25
      vertex 26.3852 -16.7446 25
    endloop
  endfacet
  facet normal 0 0 1
    outer loop
      vertex 29.3269 -21.3072 25
      vertex 25.2818 -18.3683 25
      vertex 27.9311 -23.1066 25
    endloop
  endfacet
  facet normal -0 0 1
    outer loop
      vertex 24.0785 -19.9195 25
      vertex 27.9311 -23.1066 25
      vertex 25.2818 -18.3683 25
    endloop
  endfacet
  facet normal 0 0 1
    outer loop
      vertex 27.9311 -23.1066 25
      vertex 24.0785 -19.9195 25
      vertex 26.4251 -24.8148 25
    endloop
  endfacet
  facet normal -0 0 1
    outer loop
      vertex 22.7803 -21.3921 25
      vertex 26.4251 -24.8148 25
      vertex 24.0785 -19.9195 25
    endloop
  endfacet
  facet normal 0 0 1
    outer loop
      vertex 26.4251 -24.8148 25
      vertex 22.7803 -21.3921 25
      vertex 24.8148 -26.4251 25
    endloop
  endfacet
  facet normal -0 0 1
    outer loop
      vertex 21.3921 -22.7803 25
      vertex 24.8148 -26.4251 25
      vertex 22.7803 -21.3921 25
    endloop
  endfacet
  facet normal 0 0 1
    outer loop
      vertex 24.8148 -26.4251 25
      vertex 21.3921 -22.7803 25
      vertex 23.1066 -27.9311 25
    endloop
  endfacet
  facet normal -0 0 1
    outer loop
      vertex 19.9195 -24.0785 25
      vertex 23.1066 -27.9311 25
      vertex 21.3921 -22.7803 25
    endloop
  endfacet
  facet normal 0 0 1
    outer loop
      vertex 23.1066 -27.9311 25
      vertex 19.9195 -24.0785 25
      vertex 21.3072 -29.3269 25
    endloop
  endfacet
  facet normal -0 0 1
    outer loop
      vertex 18.3683 -25.2818 25
      vertex 21.3072 -29.3269 25
      vertex 19.9195 -24.0785 25
    endloop
  endfacet
  facet normal -0 0 1
    outer loop
      vertex 17.5 -25.8719 25
      vertex 21.3072 -29.3269 25
      vertex 18.3683 -25.2818 25
    endloop
  endfacet
  facet normal 0 0 1
    outer loop
      vertex 21.3072 -29.3269 25
      vertex 17.5 -25.8719 25
      vertex 19.4237 -30.6069 25
    endloop
  endfacet
  facet normal 0 0 1
    outer loop
      vertex 19.4237 -30.6069 25
      vertex 17.5 -25.8719 25
      vertex 17.5 -31.7446 25
    endloop
  endfacet
  facet normal 0 0 1
    outer loop
      vertex -21.3072 -29.3269 25
      vertex -17.5 -25.8719 25
      vertex -18.3683 -25.2818 25
    endloop
  endfacet
  facet normal 0 0 1
    outer loop
      vertex -17.5 -25.8719 25
      vertex -19.4237 -30.6069 25
      vertex -17.5 -31.7446 25
    endloop
  endfacet
  facet normal 0 0 1
    outer loop
      vertex -21.3072 -29.3269 25
      vertex -18.3683 -25.2818 25
      vertex -19.9195 -24.0785 25
    endloop
  endfacet
  facet normal 0 0 1
    outer loop
      vertex -17.5 -25.8719 25
      vertex -21.3072 -29.3269 25
      vertex -19.4237 -30.6069 25
    endloop
  endfacet
  facet normal 0 0 1
    outer loop
      vertex -23.1066 -27.9311 25
      vertex -19.9195 -24.0785 25
      vertex -21.3921 -22.7803 25
    endloop
  endfacet
  facet normal 0 0 1
    outer loop
      vertex -24.8148 -26.4251 25
      vertex -21.3921 -22.7803 25
      vertex -22.7803 -21.3921 25
    endloop
  endfacet
  facet normal 0 0 1
    outer loop
      vertex -19.9195 -24.0785 25
      vertex -23.1066 -27.9311 25
      vertex -21.3072 -29.3269 25
    endloop
  endfacet
  facet normal 0 0 1
    outer loop
      vertex -26.4251 -24.8148 25
      vertex -22.7803 -21.3921 25
      vertex -24.0785 -19.9195 25
    endloop
  endfacet
  facet normal 0 0 1
    outer loop
      vertex -21.3921 -22.7803 25
      vertex -24.8148 -26.4251 25
      vertex -23.1066 -27.9311 25
    endloop
  endfacet
  facet normal 0 0 1
    outer loop
      vertex -27.9311 -23.1066 25
      vertex -24.0785 -19.9195 25
      vertex -25.2818 -18.3683 25
    endloop
  endfacet
  facet normal 0 0 1
    outer loop
      vertex -29.3269 -21.3072 25
      vertex -25.2818 -18.3683 25
      vertex -26.3852 -16.7446 25
    endloop
  endfacet
  facet normal 0 0 1
    outer loop
      vertex -22.7803 -21.3921 25
      vertex -26.4251 -24.8148 25
      vertex -24.8148 -26.4251 25
    endloop
  endfacet
  facet normal 0 0 1
    outer loop
      vertex -30.6069 -19.4237 25
      vertex -26.3852 -16.7446 25
      vertex -27.3846 -15.0548 25
    endloop
  endfacet
  facet normal 0 0 1
    outer loop
      vertex -24.0785 -19.9195 25
      vertex -27.9311 -23.1066 25
      vertex -26.4251 -24.8148 25
    endloop
  endfacet
  facet normal 0 0 1
    outer loop
      vertex -31.7661 -17.4636 25
      vertex -27.3846 -15.0548 25
      vertex -28.2758 -13.3056 25
    endloop
  endfacet
  facet normal 0 0 1
    outer loop
      vertex -32.8 -15.4345 25
      vertex -28.2758 -13.3056 25
      vertex -29.0555 -11.5039 25
    endloop
  endfacet
  facet normal 0 0 1
    outer loop
      vertex -25.2818 -18.3683 25
      vertex -29.3269 -21.3072 25
      vertex -27.9311 -23.1066 25
    endloop
  endfacet
  facet normal 0 0 1
    outer loop
      vertex -32.8 -15.4345 25
      vertex -29.0555 -11.5039 25
      vertex -29.7205 -9.65678 25
    endloop
  endfacet
  facet normal 0 0 1
    outer loop
      vertex -32.8 -15.4345 25
      vertex -29.7205 -9.65678 25
      vertex -30.2682 -7.77156 25
    endloop
  endfacet
  facet normal 0 0 1
    outer loop
      vertex -26.3852 -16.7446 25
      vertex -30.6069 -19.4237 25
      vertex -29.3269 -21.3072 25
    endloop
  endfacet
  facet normal 0 0 1
    outer loop
      vertex -32.8 -15.4345 25
      vertex -30.2682 -7.77156 25
      vertex -30.6965 -5.85567 25
    endloop
  endfacet
  facet normal 0 0 1
    outer loop
      vertex -32.8 -15.4345 25
      vertex -30.6965 -5.85567 25
      vertex -31.0036 -3.91666 25
    endloop
  endfacet
  facet normal 0 0 1
    outer loop
      vertex -32.8 -15.4345 25
      vertex -31.0036 -3.91666 25
      vertex -31.1883 -1.9622 25
    endloop
  endfacet
  facet normal 0 0 1
    outer loop
      vertex -27.3846 -15.0548 25
      vertex -31.7661 -17.4636 25
      vertex -30.6069 -19.4237 25
    endloop
  endfacet
  facet normal 0 0 1
    outer loop
      vertex -36.1785 -2.27616 25
      vertex -31.1883 -1.9622 25
      vertex -31.25 0 25
    endloop
  endfacet
  facet normal -0.987685 -0.156458 0
    outer loop
      vertex -35.6079 -6.79257 0
      vertex -35.9642 -4.54333 25
      vertex -35.9642 -4.54333 0
    endloop
  endfacet
  facet normal -0.987685 -0.156458 0
    outer loop
      vertex -35.9642 -4.54333 25
      vertex -35.6079 -6.79257 0
      vertex -35.6079 -6.79257 25
    endloop
  endfacet
  facet normal 0.827086 -0.562076 0
    outer loop
      vertex 29.3269 -21.3072 25
      vertex 30.6069 -19.4237 0
      vertex 30.6069 -19.4237 25
    endloop
  endfacet
  facet normal 0.827086 -0.562076 0
    outer loop
      vertex 30.6069 -19.4237 0
      vertex 29.3269 -21.3072 25
      vertex 29.3269 -21.3072 0
    endloop
  endfacet
  facet normal -0.9603 -0.278971 0
    outer loop
      vertex -34.4758 -11.2019 0
      vertex -35.1111 -9.01501 25
      vertex -35.1111 -9.01501 0
    endloop
  endfacet
  facet normal -0.9603 -0.278971 0
    outer loop
      vertex -35.1111 -9.01501 25
      vertex -34.4758 -11.2019 0
      vertex -34.4758 -11.2019 25
    endloop
  endfacet
  facet normal -0.661317 -0.750107 0
    outer loop
      vertex -24.8148 -26.4251 0
      vertex -23.1066 -27.9311 25
      vertex -24.8148 -26.4251 25
    endloop
  endfacet
  facet normal -0.661317 -0.750107 -0
    outer loop
      vertex -23.1066 -27.9311 25
      vertex -24.8148 -26.4251 0
      vertex -23.1066 -27.9311 0
    endloop
  endfacet
  facet normal 0.987685 -0.156458 0
    outer loop
      vertex 35.6079 -6.79257 25
      vertex 35.9642 -4.54333 0
      vertex 35.9642 -4.54333 25
    endloop
  endfacet
  facet normal 0.987685 -0.156458 0
    outer loop
      vertex 35.9642 -4.54333 0
      vertex 35.6079 -6.79257 25
      vertex 35.6079 -6.79257 0
    endloop
  endfacet
  facet normal -0.917758 -0.397139 0
    outer loop
      vertex -32.8 -15.4345 0
      vertex -33.7044 -13.3445 25
      vertex -33.7044 -13.3445 0
    endloop
  endfacet
  facet normal -0.917758 -0.397139 0
    outer loop
      vertex -33.7044 -13.3445 25
      vertex -32.8 -15.4345 0
      vertex -32.8 -15.4345 25
    endloop
  endfacet
  facet normal 0.612919 -0.790146 0
    outer loop
      vertex 21.3072 -29.3269 0
      vertex 23.1066 -27.9311 25
      vertex 21.3072 -29.3269 25
    endloop
  endfacet
  facet normal 0.612919 -0.790146 0
    outer loop
      vertex 23.1066 -27.9311 25
      vertex 21.3072 -29.3269 0
      vertex 23.1066 -27.9311 0
    endloop
  endfacet
  facet normal 0 0 -1
    outer loop
      vertex -17.5 -31.7446 0
      vertex -19.4237 -30.6069 0
      vertex -17.5 21.25 0
    endloop
  endfacet
  facet normal 0 0 -1
    outer loop
      vertex 17.5 21.25 0
      vertex -6.6 29.25 0
      vertex 6.6 29.25 0
    endloop
  endfacet
  facet normal -0 0 -1
    outer loop
      vertex -6.6 29.25 0
      vertex -17.5 21.25 0
      vertex -6.6 35.15 0
    endloop
  endfacet
  facet normal 0 0 -1
    outer loop
      vertex -17.5 21.25 0
      vertex -6.6 29.25 0
      vertex 17.5 21.25 0
    endloop
  endfacet
  facet normal 0 0 -1
    outer loop
      vertex 17.5 21.25 0
      vertex 36.25 0 0
      vertex 36.1785 -2.27616 0
    endloop
  endfacet
  facet normal 0 0 -1
    outer loop
      vertex 17.5 21.25 0
      vertex 36.1785 -2.27616 0
      vertex 35.9642 -4.54333 0
    endloop
  endfacet
  facet normal 0 0 -1
    outer loop
      vertex 17.5 21.25 0
      vertex 35.9642 -4.54333 0
      vertex 35.6079 -6.79257 0
    endloop
  endfacet
  facet normal 0 0 -1
    outer loop
      vertex 17.5 21.25 0
      vertex 35.6079 -6.79257 0
      vertex 35.1111 -9.01501 0
    endloop
  endfacet
  facet normal 0 0 -1
    outer loop
      vertex 17.5 21.25 0
      vertex 35.1111 -9.01501 0
      vertex 34.4758 -11.2019 0
    endloop
  endfacet
  facet normal 0 0 -1
    outer loop
      vertex 17.5 21.25 0
      vertex 34.4758 -11.2019 0
      vertex 33.7044 -13.3445 0
    endloop
  endfacet
  facet normal 0 0 -1
    outer loop
      vertex 17.5 21.25 0
      vertex 33.7044 -13.3445 0
      vertex 32.8 -15.4345 0
    endloop
  endfacet
  facet normal 0 0 -1
    outer loop
      vertex 17.5 21.25 0
      vertex 32.8 -15.4345 0
      vertex 31.7661 -17.4636 0
    endloop
  endfacet
  facet normal 0 0 -1
    outer loop
      vertex 17.5 21.25 0
      vertex 31.7661 -17.4636 0
      vertex 30.6069 -19.4237 0
    endloop
  endfacet
  facet normal 0 0 -1
    outer loop
      vertex 17.5 21.25 0
      vertex 30.6069 -19.4237 0
      vertex 29.3269 -21.3072 0
    endloop
  endfacet
  facet normal 0 0 -1
    outer loop
      vertex 17.5 21.25 0
      vertex 29.3269 -21.3072 0
      vertex 27.9311 -23.1066 0
    endloop
  endfacet
  facet normal 0 0 -1
    outer loop
      vertex 17.5 21.25 0
      vertex 27.9311 -23.1066 0
      vertex 26.4251 -24.8148 0
    endloop
  endfacet
  facet normal 0 0 -1
    outer loop
      vertex 17.5 21.25 0
      vertex 26.4251 -24.8148 0
      vertex 24.8148 -26.4251 0
    endloop
  endfacet
  facet normal 0 0 -1
    outer loop
      vertex 17.5 21.25 0
      vertex 24.8148 -26.4251 0
      vertex 23.1066 -27.9311 0
    endloop
  endfacet
  facet normal 0 0 -1
    outer loop
      vertex 17.5 21.25 0
      vertex 23.1066 -27.9311 0
      vertex 21.3072 -29.3269 0
    endloop
  endfacet
  facet normal 0 0 -1
    outer loop
      vertex 17.5 21.25 0
      vertex 21.3072 -29.3269 0
      vertex 19.4237 -30.6069 0
    endloop
  endfacet
  facet normal 0 0 -1
    outer loop
      vertex 17.5 21.25 0
      vertex 19.4237 -30.6069 0
      vertex 17.5 -31.7446 0
    endloop
  endfacet
  facet normal 0 0 -1
    outer loop
      vertex 36.25 0 0
      vertex 17.5 21.25 0
      vertex 36.25 51.25 0
    endloop
  endfacet
  facet normal 0 0 -1
    outer loop
      vertex 6.6 35.15 0
      vertex 17.5 21.25 0
      vertex 6.6 29.25 0
    endloop
  endfacet
  facet normal 0 0 -1
    outer loop
      vertex 17.5 21.25 0
      vertex 6.6 35.15 0
      vertex 36.25 51.25 0
    endloop
  endfacet
  facet normal 0 0 -1
    outer loop
      vertex -6.6 35.15 0
      vertex 36.25 51.25 0
      vertex 6.6 35.15 0
    endloop
  endfacet
  facet normal 0 0 -1
    outer loop
      vertex -21.3072 -29.3269 0
      vertex -17.5 21.25 0
      vertex -19.4237 -30.6069 0
    endloop
  endfacet
  facet normal 0 0 -1
    outer loop
      vertex -23.1066 -27.9311 0
      vertex -17.5 21.25 0
      vertex -21.3072 -29.3269 0
    endloop
  endfacet
  facet normal 0 0 -1
    outer loop
      vertex -24.8148 -26.4251 0
      vertex -17.5 21.25 0
      vertex -23.1066 -27.9311 0
    endloop
  endfacet
  facet normal 0 0 -1
    outer loop
      vertex -26.4251 -24.8148 0
      vertex -17.5 21.25 0
      vertex -24.8148 -26.4251 0
    endloop
  endfacet
  facet normal 0 0 -1
    outer loop
      vertex -27.9311 -23.1066 0
      vertex -17.5 21.25 0
      vertex -26.4251 -24.8148 0
    endloop
  endfacet
  facet normal 0 0 -1
    outer loop
      vertex -29.3269 -21.3072 0
      vertex -17.5 21.25 0
      vertex -27.9311 -23.1066 0
    endloop
  endfacet
  facet normal 0 0 -1
    outer loop
      vertex -30.6069 -19.4237 0
      vertex -17.5 21.25 0
      vertex -29.3269 -21.3072 0
    endloop
  endfacet
  facet normal 0 0 -1
    outer loop
      vertex -31.7661 -17.4636 0
      vertex -17.5 21.25 0
      vertex -30.6069 -19.4237 0
    endloop
  endfacet
  facet normal 0 0 -1
    outer loop
      vertex -32.8 -15.4345 0
      vertex -17.5 21.25 0
      vertex -31.7661 -17.4636 0
    endloop
  endfacet
  facet normal 0 0 -1
    outer loop
      vertex -33.7044 -13.3445 0
      vertex -17.5 21.25 0
      vertex -32.8 -15.4345 0
    endloop
  endfacet
  facet normal 0 0 -1
    outer loop
      vertex -34.4758 -11.2019 0
      vertex -17.5 21.25 0
      vertex -33.7044 -13.3445 0
    endloop
  endfacet
  facet normal 0 0 -1
    outer loop
      vertex -35.1111 -9.01501 0
      vertex -17.5 21.25 0
      vertex -34.4758 -11.2019 0
    endloop
  endfacet
  facet normal 0 0 -1
    outer loop
      vertex -35.6079 -6.79257 0
      vertex -17.5 21.25 0
      vertex -35.1111 -9.01501 0
    endloop
  endfacet
  facet normal 0 0 -1
    outer loop
      vertex -35.9642 -4.54333 0
      vertex -17.5 21.25 0
      vertex -35.6079 -6.79257 0
    endloop
  endfacet
  facet normal 0 0 -1
    outer loop
      vertex -36.1785 -2.27616 0
      vertex -17.5 21.25 0
      vertex -35.9642 -4.54333 0
    endloop
  endfacet
  facet normal 0 0 -1
    outer loop
      vertex -36.25 0 0
      vertex -17.5 21.25 0
      vertex -36.1785 -2.27616 0
    endloop
  endfacet
  facet normal 0 0 -1
    outer loop
      vertex -36.25 51.25 0
      vertex -17.5 21.25 0
      vertex -36.25 0 0
    endloop
  endfacet
  facet normal 0 0 -1
    outer loop
      vertex -6.6 35.15 0
      vertex -36.25 51.25 0
      vertex 36.25 51.25 0
    endloop
  endfacet
  facet normal 0 0 -1
    outer loop
      vertex -17.5 21.25 0
      vertex -36.25 51.25 0
      vertex -6.6 35.15 0
    endloop
  endfacet
  facet normal -0.562076 -0.827086 0
    outer loop
      vertex -21.3072 -29.3269 0
      vertex -19.4237 -30.6069 25
      vertex -21.3072 -29.3269 25
    endloop
  endfacet
  facet normal -0.562076 -0.827086 -0
    outer loop
      vertex -19.4237 -30.6069 25
      vertex -21.3072 -29.3269 0
      vertex -19.4237 -30.6069 0
    endloop
  endfacet
  facet normal 1 -0 0
    outer loop
      vertex 36.25 0 25
      vertex 36.25 51.25 0
      vertex 36.25 51.25 25
    endloop
  endfacet
  facet normal 1 0 0
    outer loop
      vertex 36.25 51.25 0
      vertex 36.25 0 25
      vertex 36.25 0 0
    endloop
  endfacet
  facet normal -1 0 0
    outer loop
      vertex -36.25 0 0
      vertex -36.25 51.25 25
      vertex -36.25 51.25 0
    endloop
  endfacet
  facet normal -1 -0 0
    outer loop
      vertex -36.25 51.25 25
      vertex -36.25 0 0
      vertex -36.25 0 25
    endloop
  endfacet
  facet normal 0 1 -0
    outer loop
      vertex 36.25 51.25 0
      vertex -36.25 51.25 25
      vertex 36.25 51.25 25
    endloop
  endfacet
  facet normal 0 1 0
    outer loop
      vertex -36.25 51.25 25
      vertex 36.25 51.25 0
      vertex -36.25 51.25 0
    endloop
  endfacet
  facet normal -0.509062 -0.86073 0
    outer loop
      vertex 15.0548 27.3846 5
      vertex 16.7446 26.3852 25
      vertex 15.0548 27.3846 25
    endloop
  endfacet
  facet normal -0.509062 -0.86073 -0
    outer loop
      vertex 16.7446 26.3852 25
      vertex 15.0548 27.3846 5
      vertex 16.7446 26.3852 5
    endloop
  endfacet
  facet normal -0.995564 -0.0940826 0
    outer loop
      vertex 31.1883 1.9622 5
      vertex 31.0036 3.91666 25
      vertex 31.0036 3.91666 5
    endloop
  endfacet
  facet normal -0.995564 -0.0940826 0
    outer loop
      vertex 31.0036 3.91666 25
      vertex 31.1883 1.9622 5
      vertex 31.1883 1.9622 25
    endloop
  endfacet
  facet normal -0.999506 -0.0314288 0
    outer loop
      vertex 31.25 0 5
      vertex 31.1883 1.9622 25
      vertex 31.1883 1.9622 5
    endloop
  endfacet
  facet normal -0.999506 -0.0314288 0
    outer loop
      vertex 31.1883 1.9622 25
      vertex 31.25 0 5
      vertex 31.25 0 25
    endloop
  endfacet
  facet normal -0.397163 -0.917748 0
    outer loop
      vertex 11.5039 29.0555 5
      vertex 13.3056 28.2758 25
      vertex 11.5039 29.0555 25
    endloop
  endfacet
  facet normal -0.397163 -0.917748 -0
    outer loop
      vertex 13.3056 28.2758 25
      vertex 11.5039 29.0555 5
      vertex 13.3056 28.2758 5
    endloop
  endfacet
  facet normal -0.999506 0.0314288 0
    outer loop
      vertex 31.1883 -1.9622 5
      vertex 31.25 0 25
      vertex 31.25 0 5
    endloop
  endfacet
  facet normal -0.999506 0.0314288 0
    outer loop
      vertex 31.25 0 25
      vertex 31.1883 -1.9622 5
      vertex 31.1883 -1.9622 25
    endloop
  endfacet
  facet normal 0.661291 -0.750129 0
    outer loop
      vertex -21.3921 22.7803 5
      vertex -19.9195 24.0785 25
      vertex -21.3921 22.7803 25
    endloop
  endfacet
  facet normal 0.661291 -0.750129 0
    outer loop
      vertex -19.9195 24.0785 25
      vertex -21.3921 22.7803 5
      vertex -19.9195 24.0785 5
    endloop
  endfacet
  facet normal -0.960295 -0.278988 0
    outer loop
      vertex 30.2682 7.77156 5
      vertex 29.7205 9.65678 25
      vertex 29.7205 9.65678 5
    endloop
  endfacet
  facet normal -0.960295 -0.278988 0
    outer loop
      vertex 29.7205 9.65678 25
      vertex 30.2682 7.77156 5
      vertex 30.2682 7.77156 25
    endloop
  endfacet
  facet normal -0.86073 -0.509062 0
    outer loop
      vertex 27.3846 15.0548 5
      vertex 26.3852 16.7446 25
      vertex 26.3852 16.7446 5
    endloop
  endfacet
  facet normal -0.86073 -0.509062 0
    outer loop
      vertex 26.3852 16.7446 25
      vertex 27.3846 15.0548 5
      vertex 27.3846 15.0548 25
    endloop
  endfacet
  facet normal -0.995564 0.0940826 0
    outer loop
      vertex 31.0036 -3.91666 5
      vertex 31.1883 -1.9622 25
      vertex 31.1883 -1.9622 5
    endloop
  endfacet
  facet normal -0.995564 0.0940826 0
    outer loop
      vertex 31.1883 -1.9622 25
      vertex 31.0036 -3.91666 5
      vertex 31.0036 -3.91666 25
    endloop
  endfacet
  facet normal 0.750129 0.661291 0
    outer loop
      vertex -22.7803 -21.3921 25
      vertex -24.0785 -19.9195 5
      vertex -24.0785 -19.9195 25
    endloop
  endfacet
  facet normal 0.750129 0.661291 0
    outer loop
      vertex -24.0785 -19.9195 5
      vertex -22.7803 -21.3921 25
      vertex -22.7803 -21.3921 5
    endloop
  endfacet
  facet normal -0.661291 -0.750129 0
    outer loop
      vertex 19.9195 24.0785 5
      vertex 21.3921 22.7803 25
      vertex 19.9195 24.0785 25
    endloop
  endfacet
  facet normal -0.661291 -0.750129 -0
    outer loop
      vertex 21.3921 22.7803 25
      vertex 19.9195 24.0785 5
      vertex 21.3921 22.7803 5
    endloop
  endfacet
  facet normal -0.86073 0.509062 0
    outer loop
      vertex 26.3852 -16.7446 5
      vertex 27.3846 -15.0548 25
      vertex 27.3846 -15.0548 5
    endloop
  endfacet
  facet normal -0.86073 0.509062 0
    outer loop
      vertex 27.3846 -15.0548 25
      vertex 26.3852 -16.7446 5
      vertex 26.3852 -16.7446 25
    endloop
  endfacet
  facet normal -0.612928 -0.790139 0
    outer loop
      vertex 18.3683 25.2818 5
      vertex 19.9195 24.0785 25
      vertex 18.3683 25.2818 25
    endloop
  endfacet
  facet normal -0.612928 -0.790139 -0
    outer loop
      vertex 19.9195 24.0785 25
      vertex 18.3683 25.2818 5
      vertex 19.9195 24.0785 5
    endloop
  endfacet
  facet normal 0.0940826 -0.995564 0
    outer loop
      vertex -3.91666 31.0036 13.4
      vertex -1.9622 31.1883 25
      vertex -3.91666 31.0036 25
    endloop
  endfacet
  facet normal 0.0940826 -0.995564 0
    outer loop
      vertex -1.9622 31.1883 25
      vertex -3.91666 31.0036 13.4
      vertex -1.9622 31.1883 13.4
    endloop
  endfacet
  facet normal -0.750129 0.661291 0
    outer loop
      vertex 22.7803 -21.3921 5
      vertex 24.0785 -19.9195 25
      vertex 24.0785 -19.9195 5
    endloop
  endfacet
  facet normal -0.750129 0.661291 0
    outer loop
      vertex 24.0785 -19.9195 25
      vertex 22.7803 -21.3921 5
      vertex 22.7803 -21.3921 25
    endloop
  endfacet
  facet normal -0.790139 0.612928 0
    outer loop
      vertex 24.0785 -19.9195 5
      vertex 25.2818 -18.3683 25
      vertex 25.2818 -18.3683 5
    endloop
  endfacet
  facet normal -0.790139 0.612928 0
    outer loop
      vertex 25.2818 -18.3683 25
      vertex 24.0785 -19.9195 5
      vertex 24.0785 -19.9195 25
    endloop
  endfacet
  facet normal 0.827096 0.562061 0
    outer loop
      vertex -25.2818 -18.3683 25
      vertex -26.3852 -16.7446 5
      vertex -26.3852 -16.7446 25
    endloop
  endfacet
  facet normal 0.827096 0.562061 0
    outer loop
      vertex -26.3852 -16.7446 5
      vertex -25.2818 -18.3683 25
      vertex -25.2818 -18.3683 5
    endloop
  endfacet
  facet normal 0.940881 -0.338736 0
    outer loop
      vertex -29.7205 9.65678 25
      vertex -29.0555 11.5039 5
      vertex -29.0555 11.5039 25
    endloop
  endfacet
  facet normal 0.940881 -0.338736 0
    outer loop
      vertex -29.0555 11.5039 5
      vertex -29.7205 9.65678 25
      vertex -29.7205 9.65678 5
    endloop
  endfacet
  facet normal 0.940881 0.338736 0
    outer loop
      vertex -29.0555 -11.5039 25
      vertex -29.7205 -9.65678 5
      vertex -29.7205 -9.65678 25
    endloop
  endfacet
  facet normal 0.940881 0.338736 0
    outer loop
      vertex -29.7205 -9.65678 5
      vertex -29.0555 -11.5039 25
      vertex -29.0555 -11.5039 5
    endloop
  endfacet
  facet normal -0.790139 -0.612928 0
    outer loop
      vertex 25.2818 18.3683 5
      vertex 24.0785 19.9195 25
      vertex 24.0785 19.9195 5
    endloop
  endfacet
  facet normal -0.790139 -0.612928 0
    outer loop
      vertex 24.0785 19.9195 25
      vertex 25.2818 18.3683 5
      vertex 25.2818 18.3683 25
    endloop
  endfacet
  facet normal 0.707107 0.707107 0
    outer loop
      vertex -21.3921 -22.7803 25
      vertex -22.7803 -21.3921 5
      vertex -22.7803 -21.3921 25
    endloop
  endfacet
  facet normal 0.707107 0.707107 0
    outer loop
      vertex -22.7803 -21.3921 5
      vertex -21.3921 -22.7803 25
      vertex -21.3921 -22.7803 5
    endloop
  endfacet
  facet normal -0.562061 -0.827096 0
    outer loop
      vertex 16.7446 26.3852 5
      vertex 18.3683 25.2818 25
      vertex 16.7446 26.3852 25
    endloop
  endfacet
  facet normal -0.562061 -0.827096 -0
    outer loop
      vertex 18.3683 25.2818 25
      vertex 16.7446 26.3852 5
      vertex 18.3683 25.2818 5
    endloop
  endfacet
  facet normal 0.397163 -0.917748 0
    outer loop
      vertex -13.3056 28.2758 5
      vertex -11.5039 29.0555 25
      vertex -13.3056 28.2758 25
    endloop
  endfacet
  facet normal 0.397163 -0.917748 0
    outer loop
      vertex -11.5039 29.0555 25
      vertex -13.3056 28.2758 5
      vertex -11.5039 29.0555 5
    endloop
  endfacet
  facet normal -0.827096 -0.562061 0
    outer loop
      vertex 26.3852 16.7446 5
      vertex 25.2818 18.3683 25
      vertex 25.2818 18.3683 5
    endloop
  endfacet
  facet normal -0.827096 -0.562061 0
    outer loop
      vertex 25.2818 18.3683 25
      vertex 26.3852 16.7446 5
      vertex 26.3852 16.7446 25
    endloop
  endfacet
  facet normal 0.750129 -0.661291 0
    outer loop
      vertex -24.0785 19.9195 25
      vertex -22.7803 21.3921 5
      vertex -22.7803 21.3921 25
    endloop
  endfacet
  facet normal 0.750129 -0.661291 0
    outer loop
      vertex -22.7803 21.3921 5
      vertex -24.0785 19.9195 25
      vertex -24.0785 19.9195 5
    endloop
  endfacet
  facet normal 0.987689 -0.15643 0
    outer loop
      vertex -31.0036 3.91666 25
      vertex -30.6965 5.85567 5
      vertex -30.6965 5.85567 25
    endloop
  endfacet
  facet normal 0.987689 -0.15643 0
    outer loop
      vertex -30.6965 5.85567 5
      vertex -31.0036 3.91666 25
      vertex -31.0036 3.91666 5
    endloop
  endfacet
  facet normal 0.15643 -0.987689 0
    outer loop
      vertex -5.85567 30.6965 13.4
      vertex -3.91666 31.0036 25
      vertex -5.85567 30.6965 25
    endloop
  endfacet
  facet normal 0.15643 -0.987689 0
    outer loop
      vertex -3.91666 31.0036 25
      vertex -5.85567 30.6965 13.4
      vertex -3.91666 31.0036 13.4
    endloop
  endfacet
  facet normal -0.218171 -0.97591 0
    outer loop
      vertex 6.6 30.5301 13.4
      vertex 5.85567 30.6965 25
      vertex 5.85567 30.6965 13.4
    endloop
  endfacet
  facet normal -0.218166 -0.975912 3.31842e-07
    outer loop
      vertex 5.85567 30.6965 25
      vertex 6.6 30.5301 13.4
      vertex 7.77156 30.2682 25
    endloop
  endfacet
  facet normal -0.218163 -0.975912 0
    outer loop
      vertex 7.77156 30.2682 5
      vertex 6.6 30.5301 13.4
      vertex 6.6 30.5301 5
    endloop
  endfacet
  facet normal -0.218163 -0.975912 0
    outer loop
      vertex 6.6 30.5301 13.4
      vertex 7.77156 30.2682 5
      vertex 7.77156 30.2682 25
    endloop
  endfacet
  facet normal -0.278988 -0.960295 0
    outer loop
      vertex 7.77156 30.2682 5
      vertex 9.65678 29.7205 25
      vertex 7.77156 30.2682 25
    endloop
  endfacet
  facet normal -0.278988 -0.960295 -0
    outer loop
      vertex 9.65678 29.7205 25
      vertex 7.77156 30.2682 5
      vertex 9.65678 29.7205 5
    endloop
  endfacet
  facet normal -0.750129 -0.661291 0
    outer loop
      vertex 24.0785 19.9195 5
      vertex 22.7803 21.3921 25
      vertex 22.7803 21.3921 5
    endloop
  endfacet
  facet normal -0.750129 -0.661291 0
    outer loop
      vertex 22.7803 21.3921 25
      vertex 24.0785 19.9195 5
      vertex 24.0785 19.9195 25
    endloop
  endfacet
  facet normal -0.707107 0.707107 0
    outer loop
      vertex 21.3921 -22.7803 5
      vertex 22.7803 -21.3921 25
      vertex 22.7803 -21.3921 5
    endloop
  endfacet
  facet normal -0.707107 0.707107 0
    outer loop
      vertex 22.7803 -21.3921 25
      vertex 21.3921 -22.7803 5
      vertex 21.3921 -22.7803 25
    endloop
  endfacet
  facet normal 0.86073 0.509062 0
    outer loop
      vertex -26.3852 -16.7446 25
      vertex -27.3846 -15.0548 5
      vertex -27.3846 -15.0548 25
    endloop
  endfacet
  facet normal 0.86073 0.509062 0
    outer loop
      vertex -27.3846 -15.0548 5
      vertex -26.3852 -16.7446 25
      vertex -26.3852 -16.7446 5
    endloop
  endfacet
  facet normal -0.0940826 -0.995564 0
    outer loop
      vertex 1.9622 31.1883 13.4
      vertex 3.91666 31.0036 25
      vertex 1.9622 31.1883 25
    endloop
  endfacet
  facet normal -0.0940826 -0.995564 -0
    outer loop
      vertex 3.91666 31.0036 25
      vertex 1.9622 31.1883 13.4
      vertex 3.91666 31.0036 13.4
    endloop
  endfacet
  facet normal 0.999506 -0.0314288 0
    outer loop
      vertex -31.25 0 25
      vertex -31.1883 1.9622 5
      vertex -31.1883 1.9622 25
    endloop
  endfacet
  facet normal 0.999506 -0.0314288 0
    outer loop
      vertex -31.1883 1.9622 5
      vertex -31.25 0 25
      vertex -31.25 0 5
    endloop
  endfacet
  facet normal 0.562061 -0.827096 0
    outer loop
      vertex -18.3683 25.2818 5
      vertex -16.7446 26.3852 25
      vertex -18.3683 25.2818 25
    endloop
  endfacet
  facet normal 0.562061 -0.827096 0
    outer loop
      vertex -16.7446 26.3852 25
      vertex -18.3683 25.2818 5
      vertex -16.7446 26.3852 5
    endloop
  endfacet
  facet normal 0.960295 -0.278988 0
    outer loop
      vertex -30.2682 7.77156 25
      vertex -29.7205 9.65678 5
      vertex -29.7205 9.65678 25
    endloop
  endfacet
  facet normal 0.960295 -0.278988 0
    outer loop
      vertex -29.7205 9.65678 5
      vertex -30.2682 7.77156 25
      vertex -30.2682 7.77156 5
    endloop
  endfacet
  facet normal -0.917748 -0.397163 0
    outer loop
      vertex 29.0555 11.5039 5
      vertex 28.2758 13.3056 25
      vertex 28.2758 13.3056 5
    endloop
  endfacet
  facet normal -0.917748 -0.397163 0
    outer loop
      vertex 28.2758 13.3056 25
      vertex 29.0555 11.5039 5
      vertex 29.0555 11.5039 25
    endloop
  endfacet
  facet normal 0.790139 0.612928 0
    outer loop
      vertex -24.0785 -19.9195 25
      vertex -25.2818 -18.3683 5
      vertex -25.2818 -18.3683 25
    endloop
  endfacet
  facet normal 0.790139 0.612928 0
    outer loop
      vertex -25.2818 -18.3683 5
      vertex -24.0785 -19.9195 25
      vertex -24.0785 -19.9195 5
    endloop
  endfacet
  facet normal 0.987689 0.15643 0
    outer loop
      vertex -30.6965 -5.85567 25
      vertex -31.0036 -3.91666 5
      vertex -31.0036 -3.91666 25
    endloop
  endfacet
  facet normal 0.987689 0.15643 0
    outer loop
      vertex -31.0036 -3.91666 5
      vertex -30.6965 -5.85567 25
      vertex -30.6965 -5.85567 5
    endloop
  endfacet
  facet normal -0.891019 -0.453965 0
    outer loop
      vertex 28.2758 13.3056 5
      vertex 27.3846 15.0548 25
      vertex 27.3846 15.0548 5
    endloop
  endfacet
  facet normal -0.891019 -0.453965 0
    outer loop
      vertex 27.3846 15.0548 25
      vertex 28.2758 13.3056 5
      vertex 28.2758 13.3056 25
    endloop
  endfacet
  facet normal -0.453965 -0.891019 0
    outer loop
      vertex 13.3056 28.2758 5
      vertex 15.0548 27.3846 25
      vertex 13.3056 28.2758 25
    endloop
  endfacet
  facet normal -0.453965 -0.891019 -0
    outer loop
      vertex 15.0548 27.3846 25
      vertex 13.3056 28.2758 5
      vertex 15.0548 27.3846 5
    endloop
  endfacet
  facet normal 0.453965 -0.891019 0
    outer loop
      vertex -15.0548 27.3846 5
      vertex -13.3056 28.2758 25
      vertex -15.0548 27.3846 25
    endloop
  endfacet
  facet normal 0.453965 -0.891019 0
    outer loop
      vertex -13.3056 28.2758 25
      vertex -15.0548 27.3846 5
      vertex -13.3056 28.2758 5
    endloop
  endfacet
  facet normal -0.960295 0.278988 0
    outer loop
      vertex 29.7205 -9.65678 5
      vertex 30.2682 -7.77156 25
      vertex 30.2682 -7.77156 5
    endloop
  endfacet
  facet normal -0.960295 0.278988 0
    outer loop
      vertex 30.2682 -7.77156 25
      vertex 29.7205 -9.65678 5
      vertex 29.7205 -9.65678 25
    endloop
  endfacet
  facet normal 0.218166 -0.975912 3.31842e-07
    outer loop
      vertex -7.77156 30.2682 25
      vertex -6.6 30.5301 13.4
      vertex -5.85567 30.6965 25
    endloop
  endfacet
  facet normal 0.218163 -0.975912 0
    outer loop
      vertex -7.77156 30.2682 5
      vertex -6.6 30.5301 13.4
      vertex -7.77156 30.2682 25
    endloop
  endfacet
  facet normal 0.218163 -0.975912 0
    outer loop
      vertex -6.6 30.5301 13.4
      vertex -7.77156 30.2682 5
      vertex -6.6 30.5301 5
    endloop
  endfacet
  facet normal 0.218171 -0.97591 0
    outer loop
      vertex -5.85567 30.6965 25
      vertex -6.6 30.5301 13.4
      vertex -5.85567 30.6965 13.4
    endloop
  endfacet
  facet normal 0.509062 -0.86073 0
    outer loop
      vertex -16.7446 26.3852 5
      vertex -15.0548 27.3846 25
      vertex -16.7446 26.3852 25
    endloop
  endfacet
  facet normal 0.509062 -0.86073 0
    outer loop
      vertex -15.0548 27.3846 25
      vertex -16.7446 26.3852 5
      vertex -15.0548 27.3846 5
    endloop
  endfacet
  facet normal 0.707107 -0.707107 0
    outer loop
      vertex -22.7803 21.3921 25
      vertex -21.3921 22.7803 5
      vertex -21.3921 22.7803 25
    endloop
  endfacet
  facet normal 0.707107 -0.707107 0
    outer loop
      vertex -21.3921 22.7803 5
      vertex -22.7803 21.3921 25
      vertex -22.7803 21.3921 5
    endloop
  endfacet
  facet normal 0.278988 -0.960295 0
    outer loop
      vertex -9.65678 29.7205 5
      vertex -7.77156 30.2682 25
      vertex -9.65678 29.7205 25
    endloop
  endfacet
  facet normal 0.278988 -0.960295 0
    outer loop
      vertex -7.77156 30.2682 25
      vertex -9.65678 29.7205 5
      vertex -7.77156 30.2682 5
    endloop
  endfacet
  facet normal 0.975912 0.218166 0
    outer loop
      vertex -30.2682 -7.77156 25
      vertex -30.6965 -5.85567 5
      vertex -30.6965 -5.85567 25
    endloop
  endfacet
  facet normal 0.975912 0.218166 0
    outer loop
      vertex -30.6965 -5.85567 5
      vertex -30.2682 -7.77156 25
      vertex -30.2682 -7.77156 5
    endloop
  endfacet
  facet normal 0.891019 -0.453965 0
    outer loop
      vertex -28.2758 13.3056 25
      vertex -27.3846 15.0548 5
      vertex -27.3846 15.0548 25
    endloop
  endfacet
  facet normal 0.891019 -0.453965 0
    outer loop
      vertex -27.3846 15.0548 5
      vertex -28.2758 13.3056 25
      vertex -28.2758 13.3056 5
    endloop
  endfacet
  facet normal 0.661291 0.750129 -0
    outer loop
      vertex -19.9195 -24.0785 5
      vertex -21.3921 -22.7803 25
      vertex -19.9195 -24.0785 25
    endloop
  endfacet
  facet normal 0.661291 0.750129 0
    outer loop
      vertex -21.3921 -22.7803 25
      vertex -19.9195 -24.0785 5
      vertex -21.3921 -22.7803 5
    endloop
  endfacet
  facet normal -0.707107 -0.707107 0
    outer loop
      vertex 22.7803 21.3921 5
      vertex 21.3921 22.7803 25
      vertex 21.3921 22.7803 5
    endloop
  endfacet
  facet normal -0.707107 -0.707107 0
    outer loop
      vertex 21.3921 22.7803 25
      vertex 22.7803 21.3921 5
      vertex 22.7803 21.3921 25
    endloop
  endfacet
  facet normal -0.661291 0.750129 0
    outer loop
      vertex 21.3921 -22.7803 5
      vertex 19.9195 -24.0785 25
      vertex 21.3921 -22.7803 25
    endloop
  endfacet
  facet normal -0.661291 0.750129 0
    outer loop
      vertex 19.9195 -24.0785 25
      vertex 21.3921 -22.7803 5
      vertex 19.9195 -24.0785 5
    endloop
  endfacet
  facet normal 0.975912 -0.218166 0
    outer loop
      vertex -30.6965 5.85567 25
      vertex -30.2682 7.77156 5
      vertex -30.2682 7.77156 25
    endloop
  endfacet
  facet normal 0.975912 -0.218166 0
    outer loop
      vertex -30.2682 7.77156 5
      vertex -30.6965 5.85567 25
      vertex -30.6965 5.85567 5
    endloop
  endfacet
  facet normal -0.15643 -0.987689 0
    outer loop
      vertex 3.91666 31.0036 13.4
      vertex 5.85567 30.6965 25
      vertex 3.91666 31.0036 25
    endloop
  endfacet
  facet normal -0.15643 -0.987689 -0
    outer loop
      vertex 5.85567 30.6965 25
      vertex 3.91666 31.0036 13.4
      vertex 5.85567 30.6965 13.4
    endloop
  endfacet
  facet normal 0.612928 0.790139 -0
    outer loop
      vertex -18.3683 -25.2818 5
      vertex -19.9195 -24.0785 25
      vertex -18.3683 -25.2818 25
    endloop
  endfacet
  facet normal 0.612928 0.790139 0
    outer loop
      vertex -19.9195 -24.0785 25
      vertex -18.3683 -25.2818 5
      vertex -19.9195 -24.0785 5
    endloop
  endfacet
  facet normal -0.987689 0.15643 0
    outer loop
      vertex 30.6965 -5.85567 5
      vertex 31.0036 -3.91666 25
      vertex 31.0036 -3.91666 5
    endloop
  endfacet
  facet normal -0.987689 0.15643 0
    outer loop
      vertex 31.0036 -3.91666 25
      vertex 30.6965 -5.85567 5
      vertex 30.6965 -5.85567 25
    endloop
  endfacet
  facet normal -0.975912 0.218166 0
    outer loop
      vertex 30.2682 -7.77156 5
      vertex 30.6965 -5.85567 25
      vertex 30.6965 -5.85567 5
    endloop
  endfacet
  facet normal -0.975912 0.218166 0
    outer loop
      vertex 30.6965 -5.85567 25
      vertex 30.2682 -7.77156 5
      vertex 30.2682 -7.77156 25
    endloop
  endfacet
  facet normal 0.891019 0.453965 0
    outer loop
      vertex -27.3846 -15.0548 25
      vertex -28.2758 -13.3056 5
      vertex -28.2758 -13.3056 25
    endloop
  endfacet
  facet normal 0.891019 0.453965 0
    outer loop
      vertex -28.2758 -13.3056 5
      vertex -27.3846 -15.0548 25
      vertex -27.3846 -15.0548 5
    endloop
  endfacet
  facet normal 0.790139 -0.612928 0
    outer loop
      vertex -25.2818 18.3683 25
      vertex -24.0785 19.9195 5
      vertex -24.0785 19.9195 25
    endloop
  endfacet
  facet normal 0.790139 -0.612928 0
    outer loop
      vertex -24.0785 19.9195 5
      vertex -25.2818 18.3683 25
      vertex -25.2818 18.3683 5
    endloop
  endfacet
  facet normal -0.940881 0.338736 0
    outer loop
      vertex 29.0555 -11.5039 5
      vertex 29.7205 -9.65678 25
      vertex 29.7205 -9.65678 5
    endloop
  endfacet
  facet normal -0.940881 0.338736 0
    outer loop
      vertex 29.7205 -9.65678 25
      vertex 29.0555 -11.5039 5
      vertex 29.0555 -11.5039 25
    endloop
  endfacet
  facet normal -0.975912 -0.218166 0
    outer loop
      vertex 30.6965 5.85567 5
      vertex 30.2682 7.77156 25
      vertex 30.2682 7.77156 5
    endloop
  endfacet
  facet normal -0.975912 -0.218166 0
    outer loop
      vertex 30.2682 7.77156 25
      vertex 30.6965 5.85567 5
      vertex 30.6965 5.85567 25
    endloop
  endfacet
  facet normal -0.940881 -0.338736 0
    outer loop
      vertex 29.7205 9.65678 5
      vertex 29.0555 11.5039 25
      vertex 29.0555 11.5039 5
    endloop
  endfacet
  facet normal -0.940881 -0.338736 0
    outer loop
      vertex 29.0555 11.5039 25
      vertex 29.7205 9.65678 5
      vertex 29.7205 9.65678 25
    endloop
  endfacet
  facet normal -0.987689 -0.15643 0
    outer loop
      vertex 31.0036 3.91666 5
      vertex 30.6965 5.85567 25
      vertex 30.6965 5.85567 5
    endloop
  endfacet
  facet normal -0.987689 -0.15643 0
    outer loop
      vertex 30.6965 5.85567 25
      vertex 31.0036 3.91666 5
      vertex 31.0036 3.91666 25
    endloop
  endfacet
  facet normal -0.338736 -0.940881 0
    outer loop
      vertex 9.65678 29.7205 5
      vertex 11.5039 29.0555 25
      vertex 9.65678 29.7205 25
    endloop
  endfacet
  facet normal -0.338736 -0.940881 -0
    outer loop
      vertex 11.5039 29.0555 25
      vertex 9.65678 29.7205 5
      vertex 11.5039 29.0555 5
    endloop
  endfacet
  facet normal 0.338736 -0.940881 0
    outer loop
      vertex -11.5039 29.0555 5
      vertex -9.65678 29.7205 25
      vertex -11.5039 29.0555 25
    endloop
  endfacet
  facet normal 0.338736 -0.940881 0
    outer loop
      vertex -9.65678 29.7205 25
      vertex -11.5039 29.0555 5
      vertex -9.65678 29.7205 5
    endloop
  endfacet
  facet normal 0.0314288 -0.999506 0
    outer loop
      vertex -1.9622 31.1883 13.4
      vertex 0 31.25 25
      vertex -1.9622 31.1883 25
    endloop
  endfacet
  facet normal 0.0314288 -0.999506 0
    outer loop
      vertex 0 31.25 25
      vertex -1.9622 31.1883 13.4
      vertex 0 31.25 13.4
    endloop
  endfacet
  facet normal -0.0314288 -0.999506 0
    outer loop
      vertex 0 31.25 13.4
      vertex 1.9622 31.1883 25
      vertex 0 31.25 25
    endloop
  endfacet
  facet normal -0.0314288 -0.999506 -0
    outer loop
      vertex 1.9622 31.1883 25
      vertex 0 31.25 13.4
      vertex 1.9622 31.1883 13.4
    endloop
  endfacet
  facet normal 0 0 1
    outer loop
      vertex -6.6 30.5301 5
      vertex -7.77156 30.2682 5
      vertex -6.6 29.25 5
    endloop
  endfacet
  facet normal 0 0 1
    outer loop
      vertex 17.5 21.25 5
      vertex 31.25 0 5
      vertex 31.1883 1.9622 5
    endloop
  endfacet
  facet normal 0 0 1
    outer loop
      vertex 17.5 21.25 5
      vertex 31.1883 1.9622 5
      vertex 31.0036 3.91666 5
    endloop
  endfacet
  facet normal 0 0 1
    outer loop
      vertex 31.25 0 5
      vertex 17.5 21.25 5
      vertex 31.1883 -1.9622 5
    endloop
  endfacet
  facet normal 0 0 1
    outer loop
      vertex 17.5 21.25 5
      vertex 31.0036 3.91666 5
      vertex 30.6965 5.85567 5
    endloop
  endfacet
  facet normal 0 0 1
    outer loop
      vertex 31.1883 -1.9622 5
      vertex 17.5 21.25 5
      vertex 31.0036 -3.91666 5
    endloop
  endfacet
  facet normal 0 0 1
    outer loop
      vertex 17.5 21.25 5
      vertex 30.6965 5.85567 5
      vertex 30.2682 7.77156 5
    endloop
  endfacet
  facet normal 0 0 1
    outer loop
      vertex 31.0036 -3.91666 5
      vertex 17.5 21.25 5
      vertex 30.6965 -5.85567 5
    endloop
  endfacet
  facet normal 0 0 1
    outer loop
      vertex 17.5 21.25 5
      vertex 30.2682 7.77156 5
      vertex 29.7205 9.65678 5
    endloop
  endfacet
  facet normal 0 0 1
    outer loop
      vertex 30.6965 -5.85567 5
      vertex 17.5 21.25 5
      vertex 30.2682 -7.77156 5
    endloop
  endfacet
  facet normal 0 0 1
    outer loop
      vertex 17.5 21.25 5
      vertex 29.7205 9.65678 5
      vertex 29.0555 11.5039 5
    endloop
  endfacet
  facet normal 0 0 1
    outer loop
      vertex 30.2682 -7.77156 5
      vertex 17.5 21.25 5
      vertex 29.7205 -9.65678 5
    endloop
  endfacet
  facet normal 0 0 1
    outer loop
      vertex 17.5 21.25 5
      vertex 29.0555 11.5039 5
      vertex 28.2758 13.3056 5
    endloop
  endfacet
  facet normal 0 0 1
    outer loop
      vertex 29.7205 -9.65678 5
      vertex 17.5 21.25 5
      vertex 29.0555 -11.5039 5
    endloop
  endfacet
  facet normal 0 0 1
    outer loop
      vertex 17.5 21.25 5
      vertex 28.2758 13.3056 5
      vertex 27.3846 15.0548 5
    endloop
  endfacet
  facet normal 0 0 1
    outer loop
      vertex 29.0555 -11.5039 5
      vertex 17.5 21.25 5
      vertex 28.2758 -13.3056 5
    endloop
  endfacet
  facet normal 0 0 1
    outer loop
      vertex 17.5 21.25 5
      vertex 27.3846 15.0548 5
      vertex 26.3852 16.7446 5
    endloop
  endfacet
  facet normal 0 0 1
    outer loop
      vertex 28.2758 -13.3056 5
      vertex 17.5 21.25 5
      vertex 27.3846 -15.0548 5
    endloop
  endfacet
  facet normal 0 0 1
    outer loop
      vertex 17.5 21.25 5
      vertex 26.3852 16.7446 5
      vertex 25.2818 18.3683 5
    endloop
  endfacet
  facet normal 0 0 1
    outer loop
      vertex 27.3846 -15.0548 5
      vertex 17.5 21.25 5
      vertex 26.3852 -16.7446 5
    endloop
  endfacet
  facet normal 0 0 1
    outer loop
      vertex 17.5 21.25 5
      vertex 25.2818 18.3683 5
      vertex 24.0785 19.9195 5
    endloop
  endfacet
  facet normal 0 0 1
    outer loop
      vertex 26.3852 -16.7446 5
      vertex 17.5 21.25 5
      vertex 25.2818 -18.3683 5
    endloop
  endfacet
  facet normal -0 0 1
    outer loop
      vertex 17.5 21.25 5
      vertex 24.0785 19.9195 5
      vertex 22.7803 21.3921 5
    endloop
  endfacet
  facet normal 0 0 1
    outer loop
      vertex 25.2818 -18.3683 5
      vertex 17.5 21.25 5
      vertex 24.0785 -19.9195 5
    endloop
  endfacet
  facet normal 0 0 1
    outer loop
      vertex 17.5 21.25 5
      vertex 22.7803 21.3921 5
      vertex 21.3921 22.7803 5
    endloop
  endfacet
  facet normal 0 0 1
    outer loop
      vertex 24.0785 -19.9195 5
      vertex 17.5 21.25 5
      vertex 22.7803 -21.3921 5
    endloop
  endfacet
  facet normal 0 0 1
    outer loop
      vertex 17.5 21.25 5
      vertex 21.3921 22.7803 5
      vertex 19.9195 24.0785 5
    endloop
  endfacet
  facet normal 0 0 1
    outer loop
      vertex 22.7803 -21.3921 5
      vertex 17.5 21.25 5
      vertex 21.3921 -22.7803 5
    endloop
  endfacet
  facet normal 0 0 1
    outer loop
      vertex 17.5 21.25 5
      vertex 19.9195 24.0785 5
      vertex 18.3683 25.2818 5
    endloop
  endfacet
  facet normal 0 0 1
    outer loop
      vertex 21.3921 -22.7803 5
      vertex 17.5 21.25 5
      vertex 19.9195 -24.0785 5
    endloop
  endfacet
  facet normal 0 0 1
    outer loop
      vertex 19.9195 -24.0785 5
      vertex 17.5 21.25 5
      vertex 18.3683 -25.2818 5
    endloop
  endfacet
  facet normal 0 0 1
    outer loop
      vertex 16.7446 26.3852 5
      vertex 17.5 21.25 5
      vertex 18.3683 25.2818 5
    endloop
  endfacet
  facet normal 0 0 1
    outer loop
      vertex 15.0548 27.3846 5
      vertex 17.5 21.25 5
      vertex 16.7446 26.3852 5
    endloop
  endfacet
  facet normal 0 0 1
    outer loop
      vertex 13.3056 28.2758 5
      vertex 17.5 21.25 5
      vertex 15.0548 27.3846 5
    endloop
  endfacet
  facet normal 0 0 1
    outer loop
      vertex 11.5039 29.0555 5
      vertex 17.5 21.25 5
      vertex 13.3056 28.2758 5
    endloop
  endfacet
  facet normal -0 0 1
    outer loop
      vertex 6.6 29.25 5
      vertex 11.5039 29.0555 5
      vertex 9.65678 29.7205 5
    endloop
  endfacet
  facet normal 0 0 1
    outer loop
      vertex 6.6 29.25 5
      vertex 9.65678 29.7205 5
      vertex 7.77156 30.2682 5
    endloop
  endfacet
  facet normal 0 0 1
    outer loop
      vertex 6.6 29.25 5
      vertex 7.77156 30.2682 5
      vertex 6.6 30.5301 5
    endloop
  endfacet
  facet normal 0 0 1
    outer loop
      vertex 11.5039 29.0555 5
      vertex 6.6 29.25 5
      vertex 17.5 21.25 5
    endloop
  endfacet
  facet normal -0 0 1
    outer loop
      vertex -6.6 29.25 5
      vertex 17.5 21.25 5
      vertex 6.6 29.25 5
    endloop
  endfacet
  facet normal -0 0 1
    outer loop
      vertex -9.65678 29.7205 5
      vertex -6.6 29.25 5
      vertex -7.77156 30.2682 5
    endloop
  endfacet
  facet normal 0 0 1
    outer loop
      vertex -11.5039 29.0555 5
      vertex -6.6 29.25 5
      vertex -9.65678 29.7205 5
    endloop
  endfacet
  facet normal 0 0 1
    outer loop
      vertex -6.6 29.25 5
      vertex -11.5039 29.0555 5
      vertex -17.5 21.25 5
    endloop
  endfacet
  facet normal 0 0 1
    outer loop
      vertex -17.5 21.25 5
      vertex -11.5039 29.0555 5
      vertex -13.3056 28.2758 5
    endloop
  endfacet
  facet normal 0 0 1
    outer loop
      vertex -17.5 21.25 5
      vertex -13.3056 28.2758 5
      vertex -15.0548 27.3846 5
    endloop
  endfacet
  facet normal 0 0 1
    outer loop
      vertex -17.5 21.25 5
      vertex -15.0548 27.3846 5
      vertex -16.7446 26.3852 5
    endloop
  endfacet
  facet normal 0 0 1
    outer loop
      vertex -6.6 29.25 5
      vertex -17.5 21.25 5
      vertex 17.5 21.25 5
    endloop
  endfacet
  facet normal -0 0 1
    outer loop
      vertex -18.3683 25.2818 5
      vertex -17.5 21.25 5
      vertex -16.7446 26.3852 5
    endloop
  endfacet
  facet normal -0 0 1
    outer loop
      vertex -19.9195 24.0785 5
      vertex -17.5 21.25 5
      vertex -18.3683 25.2818 5
    endloop
  endfacet
  facet normal -0 0 1
    outer loop
      vertex -21.3921 22.7803 5
      vertex -17.5 21.25 5
      vertex -19.9195 24.0785 5
    endloop
  endfacet
  facet normal 0 0 1
    outer loop
      vertex -17.5 21.25 5
      vertex -19.9195 -24.0785 5
      vertex -17.5 -25.8719 5
    endloop
  endfacet
  facet normal 0 0 1
    outer loop
      vertex -17.5 -25.8719 5
      vertex -19.9195 -24.0785 5
      vertex -18.3683 -25.2818 5
    endloop
  endfacet
  facet normal -0 0 1
    outer loop
      vertex -22.7803 21.3921 5
      vertex -17.5 21.25 5
      vertex -21.3921 22.7803 5
    endloop
  endfacet
  facet normal 0 0 1
    outer loop
      vertex -17.5 21.25 5
      vertex -21.3921 -22.7803 5
      vertex -19.9195 -24.0785 5
    endloop
  endfacet
  facet normal 0 0 1
    outer loop
      vertex -24.0785 19.9195 5
      vertex -17.5 21.25 5
      vertex -22.7803 21.3921 5
    endloop
  endfacet
  facet normal 0 0 1
    outer loop
      vertex -17.5 21.25 5
      vertex -22.7803 -21.3921 5
      vertex -21.3921 -22.7803 5
    endloop
  endfacet
  facet normal 0 0 1
    outer loop
      vertex -25.2818 18.3683 5
      vertex -17.5 21.25 5
      vertex -24.0785 19.9195 5
    endloop
  endfacet
  facet normal 0 0 1
    outer loop
      vertex -17.5 21.25 5
      vertex -24.0785 -19.9195 5
      vertex -22.7803 -21.3921 5
    endloop
  endfacet
  facet normal 0 0 1
    outer loop
      vertex -26.3852 16.7446 5
      vertex -17.5 21.25 5
      vertex -25.2818 18.3683 5
    endloop
  endfacet
  facet normal 0 0 1
    outer loop
      vertex -17.5 21.25 5
      vertex -25.2818 -18.3683 5
      vertex -24.0785 -19.9195 5
    endloop
  endfacet
  facet normal 0 0 1
    outer loop
      vertex -27.3846 15.0548 5
      vertex -17.5 21.25 5
      vertex -26.3852 16.7446 5
    endloop
  endfacet
  facet normal 0 0 1
    outer loop
      vertex -17.5 21.25 5
      vertex -26.3852 -16.7446 5
      vertex -25.2818 -18.3683 5
    endloop
  endfacet
  facet normal 0 0 1
    outer loop
      vertex -28.2758 13.3056 5
      vertex -17.5 21.25 5
      vertex -27.3846 15.0548 5
    endloop
  endfacet
  facet normal 0 0 1
    outer loop
      vertex -17.5 21.25 5
      vertex -27.3846 -15.0548 5
      vertex -26.3852 -16.7446 5
    endloop
  endfacet
  facet normal 0 0 1
    outer loop
      vertex -29.0555 11.5039 5
      vertex -17.5 21.25 5
      vertex -28.2758 13.3056 5
    endloop
  endfacet
  facet normal 0 0 1
    outer loop
      vertex -17.5 21.25 5
      vertex -28.2758 -13.3056 5
      vertex -27.3846 -15.0548 5
    endloop
  endfacet
  facet normal 0 0 1
    outer loop
      vertex -29.7205 9.65678 5
      vertex -17.5 21.25 5
      vertex -29.0555 11.5039 5
    endloop
  endfacet
  facet normal 0 0 1
    outer loop
      vertex -17.5 21.25 5
      vertex -29.0555 -11.5039 5
      vertex -28.2758 -13.3056 5
    endloop
  endfacet
  facet normal 0 0 1
    outer loop
      vertex -30.2682 7.77156 5
      vertex -17.5 21.25 5
      vertex -29.7205 9.65678 5
    endloop
  endfacet
  facet normal 0 0 1
    outer loop
      vertex -17.5 21.25 5
      vertex -29.7205 -9.65678 5
      vertex -29.0555 -11.5039 5
    endloop
  endfacet
  facet normal 0 0 1
    outer loop
      vertex -30.6965 5.85567 5
      vertex -17.5 21.25 5
      vertex -30.2682 7.77156 5
    endloop
  endfacet
  facet normal 0 0 1
    outer loop
      vertex -17.5 21.25 5
      vertex -30.2682 -7.77156 5
      vertex -29.7205 -9.65678 5
    endloop
  endfacet
  facet normal 0 0 1
    outer loop
      vertex -31.0036 3.91666 5
      vertex -17.5 21.25 5
      vertex -30.6965 5.85567 5
    endloop
  endfacet
  facet normal 0 0 1
    outer loop
      vertex -17.5 21.25 5
      vertex -30.6965 -5.85567 5
      vertex -30.2682 -7.77156 5
    endloop
  endfacet
  facet normal 0 0 1
    outer loop
      vertex -31.1883 1.9622 5
      vertex -17.5 21.25 5
      vertex -31.0036 3.91666 5
    endloop
  endfacet
  facet normal 0 0 1
    outer loop
      vertex -17.5 21.25 5
      vertex -31.0036 -3.91666 5
      vertex -30.6965 -5.85567 5
    endloop
  endfacet
  facet normal 0 0 1
    outer loop
      vertex -31.25 0 5
      vertex -17.5 21.25 5
      vertex -31.1883 1.9622 5
    endloop
  endfacet
  facet normal 0 0 1
    outer loop
      vertex -17.5 21.25 5
      vertex -31.1883 -1.9622 5
      vertex -31.0036 -3.91666 5
    endloop
  endfacet
  facet normal 0 0 1
    outer loop
      vertex -17.5 21.25 5
      vertex -31.25 0 5
      vertex -31.1883 -1.9622 5
    endloop
  endfacet
  facet normal 0 0 1
    outer loop
      vertex 18.3683 -25.2818 5
      vertex 17.5 21.25 5
      vertex 17.5 -25.8719 5
    endloop
  endfacet
  facet normal 0.960295 0.278988 0
    outer loop
      vertex -29.7205 -9.65678 25
      vertex -30.2682 -7.77156 5
      vertex -30.2682 -7.77156 25
    endloop
  endfacet
  facet normal 0.960295 0.278988 0
    outer loop
      vertex -30.2682 -7.77156 5
      vertex -29.7205 -9.65678 25
      vertex -29.7205 -9.65678 5
    endloop
  endfacet
  facet normal 0.995564 0.0940826 0
    outer loop
      vertex -31.0036 -3.91666 25
      vertex -31.1883 -1.9622 5
      vertex -31.1883 -1.9622 25
    endloop
  endfacet
  facet normal 0.995564 0.0940826 0
    outer loop
      vertex -31.1883 -1.9622 5
      vertex -31.0036 -3.91666 25
      vertex -31.0036 -3.91666 5
    endloop
  endfacet
  facet normal 0.999506 0.0314288 0
    outer loop
      vertex -31.1883 -1.9622 25
      vertex -31.25 0 5
      vertex -31.25 0 25
    endloop
  endfacet
  facet normal 0.999506 0.0314288 0
    outer loop
      vertex -31.25 0 5
      vertex -31.1883 -1.9622 25
      vertex -31.1883 -1.9622 5
    endloop
  endfacet
  facet normal -0.612928 0.790139 0
    outer loop
      vertex 19.9195 -24.0785 5
      vertex 18.3683 -25.2818 25
      vertex 19.9195 -24.0785 25
    endloop
  endfacet
  facet normal -0.612928 0.790139 0
    outer loop
      vertex 18.3683 -25.2818 25
      vertex 19.9195 -24.0785 5
      vertex 18.3683 -25.2818 5
    endloop
  endfacet
  facet normal 0.827096 -0.562061 0
    outer loop
      vertex -26.3852 16.7446 25
      vertex -25.2818 18.3683 5
      vertex -25.2818 18.3683 25
    endloop
  endfacet
  facet normal 0.827096 -0.562061 0
    outer loop
      vertex -25.2818 18.3683 5
      vertex -26.3852 16.7446 25
      vertex -26.3852 16.7446 5
    endloop
  endfacet
  facet normal 0.86073 -0.509062 0
    outer loop
      vertex -27.3846 15.0548 25
      vertex -26.3852 16.7446 5
      vertex -26.3852 16.7446 25
    endloop
  endfacet
  facet normal 0.86073 -0.509062 0
    outer loop
      vertex -26.3852 16.7446 5
      vertex -27.3846 15.0548 25
      vertex -27.3846 15.0548 5
    endloop
  endfacet
  facet normal -0.827096 0.562061 0
    outer loop
      vertex 25.2818 -18.3683 5
      vertex 26.3852 -16.7446 25
      vertex 26.3852 -16.7446 5
    endloop
  endfacet
  facet normal -0.827096 0.562061 0
    outer loop
      vertex 26.3852 -16.7446 25
      vertex 25.2818 -18.3683 5
      vertex 25.2818 -18.3683 25
    endloop
  endfacet
  facet normal 0.917748 0.397163 0
    outer loop
      vertex -28.2758 -13.3056 25
      vertex -29.0555 -11.5039 5
      vertex -29.0555 -11.5039 25
    endloop
  endfacet
  facet normal 0.917748 0.397163 0
    outer loop
      vertex -29.0555 -11.5039 5
      vertex -28.2758 -13.3056 25
      vertex -28.2758 -13.3056 5
    endloop
  endfacet
  facet normal 0.612928 -0.790139 0
    outer loop
      vertex -19.9195 24.0785 5
      vertex -18.3683 25.2818 25
      vertex -19.9195 24.0785 25
    endloop
  endfacet
  facet normal 0.612928 -0.790139 0
    outer loop
      vertex -18.3683 25.2818 25
      vertex -19.9195 24.0785 5
      vertex -18.3683 25.2818 5
    endloop
  endfacet
  facet normal -0.562086 0.827079 0
    outer loop
      vertex 18.3683 -25.2818 5
      vertex 17.5 -25.8719 25
      vertex 18.3683 -25.2818 25
    endloop
  endfacet
  facet normal -0.562086 0.827079 0
    outer loop
      vertex 17.5 -25.8719 25
      vertex 18.3683 -25.2818 5
      vertex 17.5 -25.8719 5
    endloop
  endfacet
  facet normal 0.995564 -0.0940826 0
    outer loop
      vertex -31.1883 1.9622 25
      vertex -31.0036 3.91666 5
      vertex -31.0036 3.91666 25
    endloop
  endfacet
  facet normal 0.995564 -0.0940826 0
    outer loop
      vertex -31.0036 3.91666 5
      vertex -31.1883 1.9622 25
      vertex -31.1883 1.9622 5
    endloop
  endfacet
  facet normal -0.891019 0.453965 0
    outer loop
      vertex 27.3846 -15.0548 5
      vertex 28.2758 -13.3056 25
      vertex 28.2758 -13.3056 5
    endloop
  endfacet
  facet normal -0.891019 0.453965 0
    outer loop
      vertex 28.2758 -13.3056 25
      vertex 27.3846 -15.0548 5
      vertex 27.3846 -15.0548 25
    endloop
  endfacet
  facet normal -0.917748 0.397163 0
    outer loop
      vertex 28.2758 -13.3056 5
      vertex 29.0555 -11.5039 25
      vertex 29.0555 -11.5039 5
    endloop
  endfacet
  facet normal -0.917748 0.397163 0
    outer loop
      vertex 29.0555 -11.5039 25
      vertex 28.2758 -13.3056 5
      vertex 28.2758 -13.3056 25
    endloop
  endfacet
  facet normal 0.917748 -0.397163 0
    outer loop
      vertex -29.0555 11.5039 25
      vertex -28.2758 13.3056 5
      vertex -28.2758 13.3056 25
    endloop
  endfacet
  facet normal 0.917748 -0.397163 0
    outer loop
      vertex -28.2758 13.3056 5
      vertex -29.0555 11.5039 25
      vertex -29.0555 11.5039 5
    endloop
  endfacet
  facet normal 0.562086 0.827079 -0
    outer loop
      vertex -17.5 -25.8719 5
      vertex -18.3683 -25.2818 25
      vertex -17.5 -25.8719 25
    endloop
  endfacet
  facet normal 0.562086 0.827079 0
    outer loop
      vertex -18.3683 -25.2818 25
      vertex -17.5 -25.8719 5
      vertex -18.3683 -25.2818 5
    endloop
  endfacet
  facet normal -1 0 0
    outer loop
      vertex 17.5 21.25 0
      vertex 17.5 -25.8719 5
      vertex 17.5 21.25 5
    endloop
  endfacet
  facet normal -1 0 0
    outer loop
      vertex 17.5 -31.7446 0
      vertex 17.5 -25.8719 5
      vertex 17.5 21.25 0
    endloop
  endfacet
  facet normal -1 0 0
    outer loop
      vertex 17.5 -31.7446 25
      vertex 17.5 -25.8719 5
      vertex 17.5 -31.7446 0
    endloop
  endfacet
  facet normal -1 0 0
    outer loop
      vertex 17.5 -25.8719 5
      vertex 17.5 -31.7446 25
      vertex 17.5 -25.8719 25
    endloop
  endfacet
  facet normal 1 0 0
    outer loop
      vertex -17.5 -25.8719 25
      vertex -17.5 -31.7446 25
      vertex -17.5 -25.8719 5
    endloop
  endfacet
  facet normal 1 -0 0
    outer loop
      vertex -17.5 -25.8719 5
      vertex -17.5 21.25 0
      vertex -17.5 21.25 5
    endloop
  endfacet
  facet normal 1 0 0
    outer loop
      vertex -17.5 -25.8719 5
      vertex -17.5 -31.7446 0
      vertex -17.5 21.25 0
    endloop
  endfacet
  facet normal 1 0 0
    outer loop
      vertex -17.5 -31.7446 0
      vertex -17.5 -25.8719 5
      vertex -17.5 -31.7446 25
    endloop
  endfacet
  facet normal 0 -1 0
    outer loop
      vertex -17.5 21.25 0
      vertex 17.5 21.25 5
      vertex -17.5 21.25 5
    endloop
  endfacet
  facet normal 0 -1 -0
    outer loop
      vertex 17.5 21.25 5
      vertex -17.5 21.25 0
      vertex 17.5 21.25 0
    endloop
  endfacet
  facet normal -1 0 0
    outer loop
      vertex 6.6 35.15 0
      vertex 6.6 30.5301 5
      vertex 6.6 35.15 13.4
    endloop
  endfacet
  facet normal -1 0 0
    outer loop
      vertex 6.6 29.25 0
      vertex 6.6 30.5301 5
      vertex 6.6 35.15 0
    endloop
  endfacet
  facet normal -1 -0 0
    outer loop
      vertex 6.6 30.5301 5
      vertex 6.6 29.25 0
      vertex 6.6 29.25 5
    endloop
  endfacet
  facet normal -1 -0 0
    outer loop
      vertex 6.6 35.15 13.4
      vertex 6.6 30.5301 5
      vertex 6.6 30.5301 13.4
    endloop
  endfacet
  facet normal 0 0 -1
    outer loop
      vertex 5.85567 30.6965 13.4
      vertex 6.6 35.15 13.4
      vertex 6.6 30.5301 13.4
    endloop
  endfacet
  facet normal 0 0 -1
    outer loop
      vertex 3.91666 31.0036 13.4
      vertex 6.6 35.15 13.4
      vertex 5.85567 30.6965 13.4
    endloop
  endfacet
  facet normal 0 0 -1
    outer loop
      vertex 1.9622 31.1883 13.4
      vertex 6.6 35.15 13.4
      vertex 3.91666 31.0036 13.4
    endloop
  endfacet
  facet normal 0 0 -1
    outer loop
      vertex 0 31.25 13.4
      vertex 6.6 35.15 13.4
      vertex 1.9622 31.1883 13.4
    endloop
  endfacet
  facet normal 0 0 -1
    outer loop
      vertex -6.6 35.15 13.4
      vertex 0 31.25 13.4
      vertex -1.9622 31.1883 13.4
    endloop
  endfacet
  facet normal 0 0 -1
    outer loop
      vertex -6.6 35.15 13.4
      vertex -1.9622 31.1883 13.4
      vertex -3.91666 31.0036 13.4
    endloop
  endfacet
  facet normal 0 0 -1
    outer loop
      vertex -6.6 35.15 13.4
      vertex -3.91666 31.0036 13.4
      vertex -5.85567 30.6965 13.4
    endloop
  endfacet
  facet normal 0 0 -1
    outer loop
      vertex -6.6 35.15 13.4
      vertex -5.85567 30.6965 13.4
      vertex -6.6 30.5301 13.4
    endloop
  endfacet
  facet normal 0 0 -1
    outer loop
      vertex 0 31.25 13.4
      vertex -6.6 35.15 13.4
      vertex 6.6 35.15 13.4
    endloop
  endfacet
  facet normal 1 0 0
    outer loop
      vertex -6.6 30.5301 5
      vertex -6.6 35.15 13.4
      vertex -6.6 30.5301 13.4
    endloop
  endfacet
  facet normal 1 0 0
    outer loop
      vertex -6.6 35.15 13.4
      vertex -6.6 30.5301 5
      vertex -6.6 35.15 0
    endloop
  endfacet
  facet normal 1 0 0
    outer loop
      vertex -6.6 29.25 0
      vertex -6.6 30.5301 5
      vertex -6.6 29.25 5
    endloop
  endfacet
  facet normal 1 0 0
    outer loop
      vertex -6.6 30.5301 5
      vertex -6.6 29.25 0
      vertex -6.6 35.15 0
    endloop
  endfacet
  facet normal 0 -1 0
    outer loop
      vertex -6.6 35.15 0
      vertex 6.6 35.15 13.4
      vertex -6.6 35.15 13.4
    endloop
  endfacet
  facet normal 0 -1 -0
    outer loop
      vertex 6.6 35.15 13.4
      vertex -6.6 35.15 0
      vertex 6.6 35.15 0
    endloop
  endfacet
  facet normal 0 1 -0
    outer loop
      vertex 6.6 29.25 0
      vertex -6.6 29.25 5
      vertex 6.6 29.25 5
    endloop
  endfacet
  facet normal 0 1 0
    outer loop
      vertex -6.6 29.25 5
      vertex 6.6 29.25 0
      vertex -6.6 29.25 0
    endloop
  endfacet
  facet normal 0.891077 -0 0.453852
    outer loop
      vertex -2.21132 26.3 8.43358
      vertex -2.18566 32.2 8.3832
      vertex -2.21132 32.2 8.43358
    endloop
  endfacet
  facet normal 0.891077 0 0.453852
    outer loop
      vertex -2.18566 32.2 8.3832
      vertex -2.21132 26.3 8.43358
      vertex -2.18566 26.3 8.3832
    endloop
  endfacet
  facet normal -0.453852 0 -0.891077
    outer loop
      vertex -3.43358 26.3 7.21132
      vertex -3.3832 32.2 7.18566
      vertex -3.3832 26.3 7.18566
    endloop
  endfacet
  facet normal -0.453852 0 -0.891077
    outer loop
      vertex -3.3832 32.2 7.18566
      vertex -3.43358 26.3 7.21132
      vertex -3.43358 32.2 7.21132
    endloop
  endfacet
  facet normal -0.2789 0 0.96032
    outer loop
      vertex -3.27812 32.2 8.85595
      vertex -3.22382 26.3 8.87172
      vertex -3.22382 32.2 8.87172
    endloop
  endfacet
  facet normal -0.2789 0 0.96032
    outer loop
      vertex -3.22382 26.3 8.87172
      vertex -3.27812 32.2 8.85595
      vertex -3.27812 26.3 8.85595
    endloop
  endfacet
  facet normal 0.975933 0 -0.218073
    outer loop
      vertex -2.11594 26.3 7.83136
      vertex -2.12827 32.2 7.77618
      vertex -2.11594 32.2 7.83136
    endloop
  endfacet
  facet normal 0.975933 0 -0.218073
    outer loop
      vertex -2.12827 32.2 7.77618
      vertex -2.11594 26.3 7.83136
      vertex -2.12827 26.3 7.77618
    endloop
  endfacet
  facet normal 0.995564 -0 0.0940913
    outer loop
      vertex -2.1071 26.3 8.1128
      vertex -2.10178 32.2 8.05651
      vertex -2.1071 32.2 8.1128
    endloop
  endfacet
  facet normal 0.995564 0 0.0940913
    outer loop
      vertex -2.10178 32.2 8.05651
      vertex -2.1071 26.3 8.1128
      vertex -2.10178 26.3 8.05651
    endloop
  endfacet
  facet normal -0.509206 0 0.860645
    outer loop
      vertex -3.48224 32.2 8.75989
      vertex -3.43358 26.3 8.78868
      vertex -3.43358 32.2 8.78868
    endloop
  endfacet
  facet normal -0.509206 0 0.860645
    outer loop
      vertex -3.43358 26.3 8.78868
      vertex -3.48224 32.2 8.75989
      vertex -3.48224 26.3 8.75989
    endloop
  endfacet
  facet normal -0.917721 0 -0.397225
    outer loop
      vertex -3.81434 26.3 7.6168
      vertex -3.8368 32.2 7.66869
      vertex -3.81434 32.2 7.6168
    endloop
  endfacet
  facet normal -0.917721 -0 -0.397225
    outer loop
      vertex -3.8368 32.2 7.66869
      vertex -3.81434 26.3 7.6168
      vertex -3.8368 26.3 7.66869
    endloop
  endfacet
  facet normal -0.9877 0 -0.156362
    outer loop
      vertex -3.88406 26.3 7.83136
      vertex -3.8929 32.2 7.8872
      vertex -3.88406 32.2 7.83136
    endloop
  endfacet
  facet normal -0.9877 -0 -0.156362
    outer loop
      vertex -3.8929 32.2 7.8872
      vertex -3.88406 26.3 7.83136
      vertex -3.8929 26.3 7.8872
    endloop
  endfacet
  facet normal 0.0940913 0 0.995564
    outer loop
      vertex -2.94349 32.2 8.89822
      vertex -2.8872 26.3 8.8929
      vertex -2.8872 32.2 8.8929
    endloop
  endfacet
  facet normal 0.0940913 0 0.995564
    outer loop
      vertex -2.8872 26.3 8.8929
      vertex -2.94349 32.2 8.89822
      vertex -2.94349 26.3 8.89822
    endloop
  endfacet
  facet normal -0.707107 0 0.707107
    outer loop
      vertex -3.65607 26.3 8.61609
      vertex -3.61609 32.2 8.65607
      vertex -3.65607 32.2 8.61609
    endloop
  endfacet
  facet normal -0.707107 0 0.707107
    outer loop
      vertex -3.61609 32.2 8.65607
      vertex -3.65607 26.3 8.61609
      vertex -3.61609 26.3 8.65607
    endloop
  endfacet
  facet normal -0.613022 0 -0.790066
    outer loop
      vertex -3.57368 26.3 7.30654
      vertex -3.52901 32.2 7.27188
      vertex -3.52901 26.3 7.27188
    endloop
  endfacet
  facet normal -0.613022 0 -0.790066
    outer loop
      vertex -3.52901 32.2 7.27188
      vertex -3.57368 26.3 7.30654
      vertex -3.57368 32.2 7.30654
    endloop
  endfacet
  facet normal -0.561904 0 0.827203
    outer loop
      vertex -3.52901 32.2 8.72812
      vertex -3.48224 26.3 8.75989
      vertex -3.48224 32.2 8.75989
    endloop
  endfacet
  facet normal -0.561904 0 0.827203
    outer loop
      vertex -3.48224 26.3 8.75989
      vertex -3.52901 32.2 8.72812
      vertex -3.52901 26.3 8.72812
    endloop
  endfacet
  facet normal 0.975933 -0 0.218073
    outer loop
      vertex -2.12827 26.3 8.22382
      vertex -2.11594 32.2 8.16864
      vertex -2.12827 32.2 8.22382
    endloop
  endfacet
  facet normal 0.975933 0 0.218073
    outer loop
      vertex -2.11594 32.2 8.16864
      vertex -2.12827 26.3 8.22382
      vertex -2.11594 26.3 8.16864
    endloop
  endfacet
  facet normal 0.0314832 0 0.999504
    outer loop
      vertex -3 32.2 8.9
      vertex -2.94349 26.3 8.89822
      vertex -2.94349 32.2 8.89822
    endloop
  endfacet
  facet normal 0.0314832 0 0.999504
    outer loop
      vertex -2.94349 26.3 8.89822
      vertex -3 32.2 8.9
      vertex -3 26.3 8.9
    endloop
  endfacet
  facet normal 0.9877 -0 0.156362
    outer loop
      vertex -2.11594 26.3 8.16864
      vertex -2.1071 32.2 8.1128
      vertex -2.11594 32.2 8.16864
    endloop
  endfacet
  facet normal 0.9877 0 0.156362
    outer loop
      vertex -2.1071 32.2 8.1128
      vertex -2.11594 26.3 8.16864
      vertex -2.1071 26.3 8.1128
    endloop
  endfacet
  facet normal 0.453852 0 0.891077
    outer loop
      vertex -2.6168 32.2 8.81434
      vertex -2.56642 26.3 8.78868
      vertex -2.56642 32.2 8.78868
    endloop
  endfacet
  facet normal 0.453852 0 0.891077
    outer loop
      vertex -2.56642 26.3 8.78868
      vertex -2.6168 32.2 8.81434
      vertex -2.6168 26.3 8.81434
    endloop
  endfacet
  facet normal 0.960273 -0 0.279063
    outer loop
      vertex -2.14405 26.3 8.27812
      vertex -2.12827 32.2 8.22382
      vertex -2.14405 32.2 8.27812
    endloop
  endfacet
  facet normal 0.960273 0 0.279063
    outer loop
      vertex -2.12827 32.2 8.22382
      vertex -2.14405 26.3 8.27812
      vertex -2.12827 26.3 8.22382
    endloop
  endfacet
  facet normal 0.562025 0 -0.827121
    outer loop
      vertex -2.51776 26.3 7.2401
      vertex -2.47099 32.2 7.27188
      vertex -2.47099 26.3 7.27188
    endloop
  endfacet
  facet normal 0.562025 0 -0.827121
    outer loop
      vertex -2.47099 32.2 7.27188
      vertex -2.51776 26.3 7.2401
      vertex -2.51776 32.2 7.2401
    endloop
  endfacet
  facet normal -0.975895 0 0.218241
    outer loop
      vertex -3.88406 26.3 8.16864
      vertex -3.87172 32.2 8.22382
      vertex -3.88406 32.2 8.16864
    endloop
  endfacet
  facet normal -0.975895 0 0.218241
    outer loop
      vertex -3.87172 32.2 8.22382
      vertex -3.88406 26.3 8.16864
      vertex -3.87172 26.3 8.22382
    endloop
  endfacet
  facet normal -0.790066 0 0.613022
    outer loop
      vertex -3.72812 26.3 8.52901
      vertex -3.69346 32.2 8.57368
      vertex -3.72812 32.2 8.52901
    endloop
  endfacet
  facet normal -0.790066 0 0.613022
    outer loop
      vertex -3.69346 32.2 8.57368
      vertex -3.72812 26.3 8.52901
      vertex -3.69346 26.3 8.57368
    endloop
  endfacet
  facet normal 0.860722 -0 0.509075
    outer loop
      vertex -2.2401 26.3 8.48224
      vertex -2.21132 32.2 8.43358
      vertex -2.2401 32.2 8.48224
    endloop
  endfacet
  facet normal 0.860722 0 0.509075
    outer loop
      vertex -2.21132 32.2 8.43358
      vertex -2.2401 26.3 8.48224
      vertex -2.21132 26.3 8.43358
    endloop
  endfacet
  facet normal 0 1 0
    outer loop
      vertex -2.94349 32.2 8.89822
      vertex -3.05651 32.2 8.89822
      vertex -3 32.2 8.9
    endloop
  endfacet
  facet normal 0 1 0
    outer loop
      vertex -2.8872 32.2 8.8929
      vertex -3.05651 32.2 8.89822
      vertex -2.94349 32.2 8.89822
    endloop
  endfacet
  facet normal 0 1 0
    outer loop
      vertex -2.8872 32.2 8.8929
      vertex -3.1128 32.2 8.8929
      vertex -3.05651 32.2 8.89822
    endloop
  endfacet
  facet normal 0 1 0
    outer loop
      vertex -2.83136 32.2 8.88406
      vertex -3.1128 32.2 8.8929
      vertex -2.8872 32.2 8.8929
    endloop
  endfacet
  facet normal 0 1 0
    outer loop
      vertex -2.83136 32.2 8.88406
      vertex -3.16864 32.2 8.88406
      vertex -3.1128 32.2 8.8929
    endloop
  endfacet
  facet normal 0 1 0
    outer loop
      vertex -2.77618 32.2 8.87172
      vertex -3.16864 32.2 8.88406
      vertex -2.83136 32.2 8.88406
    endloop
  endfacet
  facet normal 0 1 0
    outer loop
      vertex -2.77618 32.2 8.87172
      vertex -3.22382 32.2 8.87172
      vertex -3.16864 32.2 8.88406
    endloop
  endfacet
  facet normal 0 1 0
    outer loop
      vertex -2.72188 32.2 8.85595
      vertex -3.22382 32.2 8.87172
      vertex -2.77618 32.2 8.87172
    endloop
  endfacet
  facet normal 0 1 0
    outer loop
      vertex -2.72188 32.2 8.85595
      vertex -3.27812 32.2 8.85595
      vertex -3.22382 32.2 8.87172
    endloop
  endfacet
  facet normal 0 1 0
    outer loop
      vertex -2.66869 32.2 8.8368
      vertex -3.27812 32.2 8.85595
      vertex -2.72188 32.2 8.85595
    endloop
  endfacet
  facet normal 0 1 0
    outer loop
      vertex -2.66869 32.2 8.8368
      vertex -3.33131 32.2 8.8368
      vertex -3.27812 32.2 8.85595
    endloop
  endfacet
  facet normal 0 1 0
    outer loop
      vertex -2.6168 32.2 8.81434
      vertex -3.33131 32.2 8.8368
      vertex -2.66869 32.2 8.8368
    endloop
  endfacet
  facet normal 0 1 0
    outer loop
      vertex -2.6168 32.2 8.81434
      vertex -3.3832 32.2 8.81434
      vertex -3.33131 32.2 8.8368
    endloop
  endfacet
  facet normal 0 1 0
    outer loop
      vertex -2.56642 32.2 8.78868
      vertex -3.3832 32.2 8.81434
      vertex -2.6168 32.2 8.81434
    endloop
  endfacet
  facet normal 0 1 0
    outer loop
      vertex -2.56642 32.2 8.78868
      vertex -3.43358 32.2 8.78868
      vertex -3.3832 32.2 8.81434
    endloop
  endfacet
  facet normal 0 1 0
    outer loop
      vertex -2.51776 32.2 8.75989
      vertex -3.43358 32.2 8.78868
      vertex -2.56642 32.2 8.78868
    endloop
  endfacet
  facet normal 0 1 0
    outer loop
      vertex -2.51776 32.2 8.75989
      vertex -3.48224 32.2 8.75989
      vertex -3.43358 32.2 8.78868
    endloop
  endfacet
  facet normal 0 1 0
    outer loop
      vertex -2.47099 32.2 8.72812
      vertex -3.48224 32.2 8.75989
      vertex -2.51776 32.2 8.75989
    endloop
  endfacet
  facet normal 0 1 0
    outer loop
      vertex -2.47099 32.2 8.72812
      vertex -3.52901 32.2 8.72812
      vertex -3.48224 32.2 8.75989
    endloop
  endfacet
  facet normal 0 1 0
    outer loop
      vertex -2.42632 32.2 8.69346
      vertex -3.52901 32.2 8.72812
      vertex -2.47099 32.2 8.72812
    endloop
  endfacet
  facet normal 0 1 0
    outer loop
      vertex -2.42632 32.2 8.69346
      vertex -3.57368 32.2 8.69346
      vertex -3.52901 32.2 8.72812
    endloop
  endfacet
  facet normal 0 1 0
    outer loop
      vertex -2.38391 32.2 8.65607
      vertex -3.57368 32.2 8.69346
      vertex -2.42632 32.2 8.69346
    endloop
  endfacet
  facet normal 0 1 0
    outer loop
      vertex -2.38391 32.2 8.65607
      vertex -3.61609 32.2 8.65607
      vertex -3.57368 32.2 8.69346
    endloop
  endfacet
  facet normal 0 1 0
    outer loop
      vertex -2.34393 32.2 8.61609
      vertex -3.61609 32.2 8.65607
      vertex -2.38391 32.2 8.65607
    endloop
  endfacet
  facet normal 0 1 0
    outer loop
      vertex -2.34393 32.2 8.61609
      vertex -3.65607 32.2 8.61609
      vertex -3.61609 32.2 8.65607
    endloop
  endfacet
  facet normal 0 1 0
    outer loop
      vertex -2.30654 32.2 8.57368
      vertex -3.65607 32.2 8.61609
      vertex -2.34393 32.2 8.61609
    endloop
  endfacet
  facet normal 0 1 0
    outer loop
      vertex -2.30654 32.2 8.57368
      vertex -3.69346 32.2 8.57368
      vertex -3.65607 32.2 8.61609
    endloop
  endfacet
  facet normal 0 1 0
    outer loop
      vertex -2.27188 32.2 8.52901
      vertex -3.69346 32.2 8.57368
      vertex -2.30654 32.2 8.57368
    endloop
  endfacet
  facet normal 0 1 0
    outer loop
      vertex -2.27188 32.2 8.52901
      vertex -3.72812 32.2 8.52901
      vertex -3.69346 32.2 8.57368
    endloop
  endfacet
  facet normal 0 1 0
    outer loop
      vertex -2.2401 32.2 8.48224
      vertex -3.72812 32.2 8.52901
      vertex -2.27188 32.2 8.52901
    endloop
  endfacet
  facet normal 0 1 0
    outer loop
      vertex -2.2401 32.2 8.48224
      vertex -3.75989 32.2 8.48224
      vertex -3.72812 32.2 8.52901
    endloop
  endfacet
  facet normal 0 1 0
    outer loop
      vertex -2.21132 32.2 8.43358
      vertex -3.75989 32.2 8.48224
      vertex -2.2401 32.2 8.48224
    endloop
  endfacet
  facet normal 0 1 0
    outer loop
      vertex -2.21132 32.2 8.43358
      vertex -3.78868 32.2 8.43358
      vertex -3.75989 32.2 8.48224
    endloop
  endfacet
  facet normal 0 1 0
    outer loop
      vertex -2.18566 32.2 8.3832
      vertex -3.78868 32.2 8.43358
      vertex -2.21132 32.2 8.43358
    endloop
  endfacet
  facet normal 0 1 0
    outer loop
      vertex -2.18566 32.2 8.3832
      vertex -3.81434 32.2 8.3832
      vertex -3.78868 32.2 8.43358
    endloop
  endfacet
  facet normal 0 1 0
    outer loop
      vertex -2.1632 32.2 8.33131
      vertex -3.81434 32.2 8.3832
      vertex -2.18566 32.2 8.3832
    endloop
  endfacet
  facet normal 0 1 0
    outer loop
      vertex -2.1632 32.2 8.33131
      vertex -3.8368 32.2 8.33131
      vertex -3.81434 32.2 8.3832
    endloop
  endfacet
  facet normal 0 1 0
    outer loop
      vertex -2.14405 32.2 8.27812
      vertex -3.8368 32.2 8.33131
      vertex -2.1632 32.2 8.33131
    endloop
  endfacet
  facet normal 0 1 0
    outer loop
      vertex -2.14405 32.2 8.27812
      vertex -3.85595 32.2 8.27812
      vertex -3.8368 32.2 8.33131
    endloop
  endfacet
  facet normal 0 1 0
    outer loop
      vertex -2.12827 32.2 8.22382
      vertex -3.85595 32.2 8.27812
      vertex -2.14405 32.2 8.27812
    endloop
  endfacet
  facet normal 0 1 0
    outer loop
      vertex -2.12827 32.2 8.22382
      vertex -3.87172 32.2 8.22382
      vertex -3.85595 32.2 8.27812
    endloop
  endfacet
  facet normal 0 1 0
    outer loop
      vertex -2.11594 32.2 8.16864
      vertex -3.87172 32.2 8.22382
      vertex -2.12827 32.2 8.22382
    endloop
  endfacet
  facet normal 0 1 0
    outer loop
      vertex -2.11594 32.2 8.16864
      vertex -3.88406 32.2 8.16864
      vertex -3.87172 32.2 8.22382
    endloop
  endfacet
  facet normal 0 1 0
    outer loop
      vertex -2.1071 32.2 8.1128
      vertex -3.88406 32.2 8.16864
      vertex -2.11594 32.2 8.16864
    endloop
  endfacet
  facet normal 0 1 0
    outer loop
      vertex -2.1071 32.2 8.1128
      vertex -3.8929 32.2 8.1128
      vertex -3.88406 32.2 8.16864
    endloop
  endfacet
  facet normal 0 1 0
    outer loop
      vertex -2.10178 32.2 8.05651
      vertex -3.8929 32.2 8.1128
      vertex -2.1071 32.2 8.1128
    endloop
  endfacet
  facet normal 0 1 0
    outer loop
      vertex -2.10178 32.2 8.05651
      vertex -3.89822 32.2 8.05651
      vertex -3.8929 32.2 8.1128
    endloop
  endfacet
  facet normal 0 1 0
    outer loop
      vertex -2.1 32.2 8
      vertex -3.89822 32.2 8.05651
      vertex -2.10178 32.2 8.05651
    endloop
  endfacet
  facet normal 0 1 0
    outer loop
      vertex -2.1 32.2 8
      vertex -3.9 32.2 8
      vertex -3.89822 32.2 8.05651
    endloop
  endfacet
  facet normal 0 1 -0
    outer loop
      vertex -2.10178 32.2 7.94349
      vertex -3.9 32.2 8
      vertex -2.1 32.2 8
    endloop
  endfacet
  facet normal 0 1 0
    outer loop
      vertex -2.10178 32.2 7.94349
      vertex -3.89822 32.2 7.94349
      vertex -3.9 32.2 8
    endloop
  endfacet
  facet normal 0 1 -0
    outer loop
      vertex -2.1071 32.2 7.8872
      vertex -3.89822 32.2 7.94349
      vertex -2.10178 32.2 7.94349
    endloop
  endfacet
  facet normal 0 1 0
    outer loop
      vertex -2.1071 32.2 7.8872
      vertex -3.8929 32.2 7.8872
      vertex -3.89822 32.2 7.94349
    endloop
  endfacet
  facet normal 0 1 -0
    outer loop
      vertex -2.11594 32.2 7.83136
      vertex -3.8929 32.2 7.8872
      vertex -2.1071 32.2 7.8872
    endloop
  endfacet
  facet normal 0 1 0
    outer loop
      vertex -2.11594 32.2 7.83136
      vertex -3.88406 32.2 7.83136
      vertex -3.8929 32.2 7.8872
    endloop
  endfacet
  facet normal 0 1 -0
    outer loop
      vertex -2.12827 32.2 7.77618
      vertex -3.88406 32.2 7.83136
      vertex -2.11594 32.2 7.83136
    endloop
  endfacet
  facet normal 0 1 0
    outer loop
      vertex -2.12827 32.2 7.77618
      vertex -3.87172 32.2 7.77618
      vertex -3.88406 32.2 7.83136
    endloop
  endfacet
  facet normal 0 1 -0
    outer loop
      vertex -2.14405 32.2 7.72188
      vertex -3.87172 32.2 7.77618
      vertex -2.12827 32.2 7.77618
    endloop
  endfacet
  facet normal 0 1 0
    outer loop
      vertex -2.14405 32.2 7.72188
      vertex -3.85595 32.2 7.72188
      vertex -3.87172 32.2 7.77618
    endloop
  endfacet
  facet normal 0 1 -0
    outer loop
      vertex -2.1632 32.2 7.66869
      vertex -3.85595 32.2 7.72188
      vertex -2.14405 32.2 7.72188
    endloop
  endfacet
  facet normal 0 1 0
    outer loop
      vertex -2.1632 32.2 7.66869
      vertex -3.8368 32.2 7.66869
      vertex -3.85595 32.2 7.72188
    endloop
  endfacet
  facet normal 0 1 -0
    outer loop
      vertex -2.18566 32.2 7.6168
      vertex -3.8368 32.2 7.66869
      vertex -2.1632 32.2 7.66869
    endloop
  endfacet
  facet normal 0 1 0
    outer loop
      vertex -2.18566 32.2 7.6168
      vertex -3.81434 32.2 7.6168
      vertex -3.8368 32.2 7.66869
    endloop
  endfacet
  facet normal 0 1 -0
    outer loop
      vertex -2.21132 32.2 7.56642
      vertex -3.81434 32.2 7.6168
      vertex -2.18566 32.2 7.6168
    endloop
  endfacet
  facet normal 0 1 0
    outer loop
      vertex -2.21132 32.2 7.56642
      vertex -3.78868 32.2 7.56642
      vertex -3.81434 32.2 7.6168
    endloop
  endfacet
  facet normal 0 1 -0
    outer loop
      vertex -2.2401 32.2 7.51776
      vertex -3.78868 32.2 7.56642
      vertex -2.21132 32.2 7.56642
    endloop
  endfacet
  facet normal 0 1 0
    outer loop
      vertex -2.2401 32.2 7.51776
      vertex -3.75989 32.2 7.51776
      vertex -3.78868 32.2 7.56642
    endloop
  endfacet
  facet normal 0 1 -0
    outer loop
      vertex -2.27188 32.2 7.47099
      vertex -3.75989 32.2 7.51776
      vertex -2.2401 32.2 7.51776
    endloop
  endfacet
  facet normal 0 1 0
    outer loop
      vertex -2.27188 32.2 7.47099
      vertex -3.72812 32.2 7.47099
      vertex -3.75989 32.2 7.51776
    endloop
  endfacet
  facet normal 0 1 -0
    outer loop
      vertex -2.30654 32.2 7.42632
      vertex -3.72812 32.2 7.47099
      vertex -2.27188 32.2 7.47099
    endloop
  endfacet
  facet normal 0 1 0
    outer loop
      vertex -2.30654 32.2 7.42632
      vertex -3.69346 32.2 7.42632
      vertex -3.72812 32.2 7.47099
    endloop
  endfacet
  facet normal 0 1 -0
    outer loop
      vertex -2.34393 32.2 7.38391
      vertex -3.69346 32.2 7.42632
      vertex -2.30654 32.2 7.42632
    endloop
  endfacet
  facet normal 0 1 0
    outer loop
      vertex -2.34393 32.2 7.38391
      vertex -3.65607 32.2 7.38391
      vertex -3.69346 32.2 7.42632
    endloop
  endfacet
  facet normal 0 1 -0
    outer loop
      vertex -2.38391 32.2 7.34393
      vertex -3.65607 32.2 7.38391
      vertex -2.34393 32.2 7.38391
    endloop
  endfacet
  facet normal 0 1 0
    outer loop
      vertex -2.38391 32.2 7.34393
      vertex -3.61609 32.2 7.34393
      vertex -3.65607 32.2 7.38391
    endloop
  endfacet
  facet normal 0 1 -0
    outer loop
      vertex -2.42632 32.2 7.30654
      vertex -3.61609 32.2 7.34393
      vertex -2.38391 32.2 7.34393
    endloop
  endfacet
  facet normal 0 1 0
    outer loop
      vertex -2.42632 32.2 7.30654
      vertex -3.57368 32.2 7.30654
      vertex -3.61609 32.2 7.34393
    endloop
  endfacet
  facet normal 0 1 -0
    outer loop
      vertex -2.47099 32.2 7.27188
      vertex -3.57368 32.2 7.30654
      vertex -2.42632 32.2 7.30654
    endloop
  endfacet
  facet normal 0 1 0
    outer loop
      vertex -2.47099 32.2 7.27188
      vertex -3.52901 32.2 7.27188
      vertex -3.57368 32.2 7.30654
    endloop
  endfacet
  facet normal 0 1 -0
    outer loop
      vertex -2.51776 32.2 7.2401
      vertex -3.52901 32.2 7.27188
      vertex -2.47099 32.2 7.27188
    endloop
  endfacet
  facet normal 0 1 0
    outer loop
      vertex -2.51776 32.2 7.2401
      vertex -3.48224 32.2 7.2401
      vertex -3.52901 32.2 7.27188
    endloop
  endfacet
  facet normal 0 1 -0
    outer loop
      vertex -2.56642 32.2 7.21132
      vertex -3.48224 32.2 7.2401
      vertex -2.51776 32.2 7.2401
    endloop
  endfacet
  facet normal 0 1 0
    outer loop
      vertex -2.56642 32.2 7.21132
      vertex -3.43358 32.2 7.21132
      vertex -3.48224 32.2 7.2401
    endloop
  endfacet
  facet normal 0 1 -0
    outer loop
      vertex -2.6168 32.2 7.18566
      vertex -3.43358 32.2 7.21132
      vertex -2.56642 32.2 7.21132
    endloop
  endfacet
  facet normal 0 1 0
    outer loop
      vertex -2.6168 32.2 7.18566
      vertex -3.3832 32.2 7.18566
      vertex -3.43358 32.2 7.21132
    endloop
  endfacet
  facet normal 0 1 -0
    outer loop
      vertex -2.66869 32.2 7.1632
      vertex -3.3832 32.2 7.18566
      vertex -2.6168 32.2 7.18566
    endloop
  endfacet
  facet normal 0 1 0
    outer loop
      vertex -2.66869 32.2 7.1632
      vertex -3.33131 32.2 7.1632
      vertex -3.3832 32.2 7.18566
    endloop
  endfacet
  facet normal 0 1 -0
    outer loop
      vertex -2.72188 32.2 7.14405
      vertex -3.33131 32.2 7.1632
      vertex -2.66869 32.2 7.1632
    endloop
  endfacet
  facet normal 0 1 0
    outer loop
      vertex -2.72188 32.2 7.14405
      vertex -3.27812 32.2 7.14405
      vertex -3.33131 32.2 7.1632
    endloop
  endfacet
  facet normal 0 1 -0
    outer loop
      vertex -2.77618 32.2 7.12827
      vertex -3.27812 32.2 7.14405
      vertex -2.72188 32.2 7.14405
    endloop
  endfacet
  facet normal 0 1 0
    outer loop
      vertex -2.77618 32.2 7.12827
      vertex -3.22382 32.2 7.12827
      vertex -3.27812 32.2 7.14405
    endloop
  endfacet
  facet normal 0 1 -0
    outer loop
      vertex -2.83136 32.2 7.11594
      vertex -3.22382 32.2 7.12827
      vertex -2.77618 32.2 7.12827
    endloop
  endfacet
  facet normal 0 1 0
    outer loop
      vertex -2.83136 32.2 7.11594
      vertex -3.16864 32.2 7.11594
      vertex -3.22382 32.2 7.12827
    endloop
  endfacet
  facet normal 0 1 -0
    outer loop
      vertex -2.8872 32.2 7.1071
      vertex -3.16864 32.2 7.11594
      vertex -2.83136 32.2 7.11594
    endloop
  endfacet
  facet normal 0 1 0
    outer loop
      vertex -2.8872 32.2 7.1071
      vertex -3.1128 32.2 7.1071
      vertex -3.16864 32.2 7.11594
    endloop
  endfacet
  facet normal 0 1 -0
    outer loop
      vertex -2.94349 32.2 7.10178
      vertex -3.1128 32.2 7.1071
      vertex -2.8872 32.2 7.1071
    endloop
  endfacet
  facet normal 0 1 0
    outer loop
      vertex -2.94349 32.2 7.10178
      vertex -3.05651 32.2 7.10178
      vertex -3.1128 32.2 7.1071
    endloop
  endfacet
  facet normal -0 1 0
    outer loop
      vertex -3.05651 32.2 7.10178
      vertex -2.94349 32.2 7.10178
      vertex -3 32.2 7.1
    endloop
  endfacet
  facet normal -0.338745 0 0.940878
    outer loop
      vertex -3.33131 32.2 8.8368
      vertex -3.27812 26.3 8.85595
      vertex -3.27812 32.2 8.85595
    endloop
  endfacet
  facet normal -0.338745 0 0.940878
    outer loop
      vertex -3.27812 26.3 8.85595
      vertex -3.33131 32.2 8.8368
      vertex -3.33131 26.3 8.8368
    endloop
  endfacet
  facet normal -0.940878 0 0.338745
    outer loop
      vertex -3.85595 26.3 8.27812
      vertex -3.8368 32.2 8.33131
      vertex -3.85595 32.2 8.27812
    endloop
  endfacet
  facet normal -0.940878 0 0.338745
    outer loop
      vertex -3.8368 32.2 8.33131
      vertex -3.85595 26.3 8.27812
      vertex -3.8368 26.3 8.33131
    endloop
  endfacet
  facet normal 0.509075 0 -0.860722
    outer loop
      vertex -2.56642 26.3 7.21132
      vertex -2.51776 32.2 7.2401
      vertex -2.51776 26.3 7.2401
    endloop
  endfacet
  facet normal 0.509075 0 -0.860722
    outer loop
      vertex -2.51776 32.2 7.2401
      vertex -2.56642 26.3 7.21132
      vertex -2.56642 32.2 7.21132
    endloop
  endfacet
  facet normal -0.562025 0 -0.827121
    outer loop
      vertex -3.52901 26.3 7.27188
      vertex -3.48224 32.2 7.2401
      vertex -3.48224 26.3 7.2401
    endloop
  endfacet
  facet normal -0.562025 0 -0.827121
    outer loop
      vertex -3.48224 32.2 7.2401
      vertex -3.52901 26.3 7.27188
      vertex -3.52901 32.2 7.27188
    endloop
  endfacet
  facet normal 0.860722 0 -0.509075
    outer loop
      vertex -2.21132 26.3 7.56642
      vertex -2.2401 32.2 7.51776
      vertex -2.21132 32.2 7.56642
    endloop
  endfacet
  facet normal 0.860722 0 -0.509075
    outer loop
      vertex -2.2401 32.2 7.51776
      vertex -2.21132 26.3 7.56642
      vertex -2.2401 26.3 7.51776
    endloop
  endfacet
  facet normal 0.999504 -0 0.0314832
    outer loop
      vertex -2.10178 26.3 8.05651
      vertex -2.1 32.2 8
      vertex -2.10178 32.2 8.05651
    endloop
  endfacet
  facet normal 0.999504 0 0.0314832
    outer loop
      vertex -2.1 32.2 8
      vertex -2.10178 26.3 8.05651
      vertex -2.1 26.3 8
    endloop
  endfacet
  facet normal 0.750106 -0 0.661317
    outer loop
      vertex -2.34393 26.3 8.61609
      vertex -2.30654 32.2 8.57368
      vertex -2.34393 32.2 8.61609
    endloop
  endfacet
  facet normal 0.750106 0 0.661317
    outer loop
      vertex -2.30654 32.2 8.57368
      vertex -2.34393 26.3 8.61609
      vertex -2.30654 26.3 8.57368
    endloop
  endfacet
  facet normal -0.661317 0 0.750106
    outer loop
      vertex -3.61609 32.2 8.65607
      vertex -3.57368 26.3 8.69346
      vertex -3.57368 32.2 8.69346
    endloop
  endfacet
  facet normal -0.661317 0 0.750106
    outer loop
      vertex -3.57368 26.3 8.69346
      vertex -3.61609 32.2 8.65607
      vertex -3.61609 26.3 8.65607
    endloop
  endfacet
  facet normal -0.995564 0 0.0940913
    outer loop
      vertex -3.89822 26.3 8.05651
      vertex -3.8929 32.2 8.1128
      vertex -3.89822 32.2 8.05651
    endloop
  endfacet
  facet normal -0.995564 0 0.0940913
    outer loop
      vertex -3.8929 32.2 8.1128
      vertex -3.89822 26.3 8.05651
      vertex -3.8929 26.3 8.1128
    endloop
  endfacet
  facet normal 0.9877 0 -0.156362
    outer loop
      vertex -2.1071 26.3 7.8872
      vertex -2.11594 32.2 7.83136
      vertex -2.1071 32.2 7.8872
    endloop
  endfacet
  facet normal 0.9877 0 -0.156362
    outer loop
      vertex -2.11594 32.2 7.83136
      vertex -2.1071 26.3 7.8872
      vertex -2.11594 26.3 7.83136
    endloop
  endfacet
  facet normal -0.218241 0 0.975895
    outer loop
      vertex -3.22382 32.2 8.87172
      vertex -3.16864 26.3 8.88406
      vertex -3.16864 32.2 8.88406
    endloop
  endfacet
  facet normal -0.218241 0 0.975895
    outer loop
      vertex -3.16864 26.3 8.88406
      vertex -3.22382 32.2 8.87172
      vertex -3.22382 26.3 8.87172
    endloop
  endfacet
  facet normal 0.995564 0 -0.0940913
    outer loop
      vertex -2.10178 26.3 7.94349
      vertex -2.1071 32.2 7.8872
      vertex -2.10178 32.2 7.94349
    endloop
  endfacet
  facet normal 0.995564 0 -0.0940913
    outer loop
      vertex -2.1071 32.2 7.8872
      vertex -2.10178 26.3 7.94349
      vertex -2.1071 26.3 7.8872
    endloop
  endfacet
  facet normal 0.917721 -0 0.397225
    outer loop
      vertex -2.18566 26.3 8.3832
      vertex -2.1632 32.2 8.33131
      vertex -2.18566 32.2 8.3832
    endloop
  endfacet
  facet normal 0.917721 0 0.397225
    outer loop
      vertex -2.1632 32.2 8.33131
      vertex -2.18566 26.3 8.3832
      vertex -2.1632 26.3 8.33131
    endloop
  endfacet
  facet normal 0.827121 -0 0.562025
    outer loop
      vertex -2.27188 26.3 8.52901
      vertex -2.2401 32.2 8.48224
      vertex -2.27188 32.2 8.52901
    endloop
  endfacet
  facet normal 0.827121 0 0.562025
    outer loop
      vertex -2.2401 32.2 8.48224
      vertex -2.27188 26.3 8.52901
      vertex -2.2401 26.3 8.48224
    endloop
  endfacet
  facet normal 0.0940913 0 -0.995564
    outer loop
      vertex -2.94349 26.3 7.10178
      vertex -2.8872 32.2 7.1071
      vertex -2.8872 26.3 7.1071
    endloop
  endfacet
  facet normal 0.0940913 0 -0.995564
    outer loop
      vertex -2.8872 32.2 7.1071
      vertex -2.94349 26.3 7.10178
      vertex -2.94349 32.2 7.10178
    endloop
  endfacet
  facet normal -0.453852 0 0.891077
    outer loop
      vertex -3.43358 32.2 8.78868
      vertex -3.3832 26.3 8.81434
      vertex -3.3832 32.2 8.81434
    endloop
  endfacet
  facet normal -0.453852 0 0.891077
    outer loop
      vertex -3.3832 26.3 8.81434
      vertex -3.43358 32.2 8.78868
      vertex -3.43358 26.3 8.78868
    endloop
  endfacet
  facet normal -0.156362 0 0.9877
    outer loop
      vertex -3.16864 32.2 8.88406
      vertex -3.1128 26.3 8.8929
      vertex -3.1128 32.2 8.8929
    endloop
  endfacet
  facet normal -0.156362 0 0.9877
    outer loop
      vertex -3.1128 26.3 8.8929
      vertex -3.16864 32.2 8.88406
      vertex -3.16864 26.3 8.88406
    endloop
  endfacet
  facet normal -0.338745 0 -0.940878
    outer loop
      vertex -3.33131 26.3 7.1632
      vertex -3.27812 32.2 7.14405
      vertex -3.27812 26.3 7.14405
    endloop
  endfacet
  facet normal -0.338745 0 -0.940878
    outer loop
      vertex -3.27812 32.2 7.14405
      vertex -3.33131 26.3 7.1632
      vertex -3.33131 32.2 7.1632
    endloop
  endfacet
  facet normal 0.509206 0 0.860645
    outer loop
      vertex -2.56642 32.2 8.78868
      vertex -2.51776 26.3 8.75989
      vertex -2.51776 32.2 8.75989
    endloop
  endfacet
  facet normal 0.509206 0 0.860645
    outer loop
      vertex -2.51776 26.3 8.75989
      vertex -2.56642 32.2 8.78868
      vertex -2.56642 26.3 8.78868
    endloop
  endfacet
  facet normal 0.707107 -0 0.707107
    outer loop
      vertex -2.38391 26.3 8.65607
      vertex -2.34393 32.2 8.61609
      vertex -2.38391 32.2 8.65607
    endloop
  endfacet
  facet normal 0.707107 0 0.707107
    outer loop
      vertex -2.34393 32.2 8.61609
      vertex -2.38391 26.3 8.65607
      vertex -2.34393 26.3 8.61609
    endloop
  endfacet
  facet normal 0.707107 0 -0.707107
    outer loop
      vertex -2.34393 26.3 7.38391
      vertex -2.38391 32.2 7.34393
      vertex -2.34393 32.2 7.38391
    endloop
  endfacet
  facet normal 0.707107 0 -0.707107
    outer loop
      vertex -2.38391 32.2 7.34393
      vertex -2.34393 26.3 7.38391
      vertex -2.38391 26.3 7.34393
    endloop
  endfacet
  facet normal 0.940878 0 -0.338745
    outer loop
      vertex -2.14405 26.3 7.72188
      vertex -2.1632 32.2 7.66869
      vertex -2.14405 32.2 7.72188
    endloop
  endfacet
  facet normal 0.940878 0 -0.338745
    outer loop
      vertex -2.1632 32.2 7.66869
      vertex -2.14405 26.3 7.72188
      vertex -2.1632 26.3 7.66869
    endloop
  endfacet
  facet normal 0.218073 0 -0.975933
    outer loop
      vertex -2.83136 26.3 7.11594
      vertex -2.77618 32.2 7.12827
      vertex -2.77618 26.3 7.12827
    endloop
  endfacet
  facet normal 0.218073 0 -0.975933
    outer loop
      vertex -2.77618 32.2 7.12827
      vertex -2.83136 26.3 7.11594
      vertex -2.83136 32.2 7.11594
    endloop
  endfacet
  facet normal 0.917721 0 -0.397225
    outer loop
      vertex -2.1632 26.3 7.66869
      vertex -2.18566 32.2 7.6168
      vertex -2.1632 32.2 7.66869
    endloop
  endfacet
  facet normal 0.917721 0 -0.397225
    outer loop
      vertex -2.18566 32.2 7.6168
      vertex -2.1632 26.3 7.66869
      vertex -2.18566 26.3 7.6168
    endloop
  endfacet
  facet normal 0.2789 0 0.96032
    outer loop
      vertex -2.77618 32.2 8.87172
      vertex -2.72188 26.3 8.85595
      vertex -2.72188 32.2 8.85595
    endloop
  endfacet
  facet normal 0.2789 0 0.96032
    outer loop
      vertex -2.72188 26.3 8.85595
      vertex -2.77618 32.2 8.87172
      vertex -2.77618 26.3 8.87172
    endloop
  endfacet
  facet normal -0.279063 0 -0.960273
    outer loop
      vertex -3.27812 26.3 7.14405
      vertex -3.22382 32.2 7.12827
      vertex -3.22382 26.3 7.12827
    endloop
  endfacet
  facet normal -0.279063 0 -0.960273
    outer loop
      vertex -3.22382 32.2 7.12827
      vertex -3.27812 26.3 7.14405
      vertex -3.27812 32.2 7.14405
    endloop
  endfacet
  facet normal -0.995564 0 -0.0940913
    outer loop
      vertex -3.8929 26.3 7.8872
      vertex -3.89822 32.2 7.94349
      vertex -3.8929 32.2 7.8872
    endloop
  endfacet
  facet normal -0.995564 -0 -0.0940913
    outer loop
      vertex -3.89822 32.2 7.94349
      vertex -3.8929 26.3 7.8872
      vertex -3.89822 26.3 7.94349
    endloop
  endfacet
  facet normal -0.750106 0 0.661317
    outer loop
      vertex -3.69346 26.3 8.57368
      vertex -3.65607 32.2 8.61609
      vertex -3.69346 32.2 8.57368
    endloop
  endfacet
  facet normal -0.750106 0 0.661317
    outer loop
      vertex -3.65607 32.2 8.61609
      vertex -3.69346 26.3 8.57368
      vertex -3.65607 26.3 8.61609
    endloop
  endfacet
  facet normal 0.827121 0 -0.562025
    outer loop
      vertex -2.2401 26.3 7.51776
      vertex -2.27188 32.2 7.47099
      vertex -2.2401 32.2 7.51776
    endloop
  endfacet
  facet normal 0.827121 0 -0.562025
    outer loop
      vertex -2.27188 32.2 7.47099
      vertex -2.2401 26.3 7.51776
      vertex -2.27188 26.3 7.47099
    endloop
  endfacet
  facet normal 0.561904 0 0.827203
    outer loop
      vertex -2.51776 32.2 8.75989
      vertex -2.47099 26.3 8.72812
      vertex -2.47099 32.2 8.72812
    endloop
  endfacet
  facet normal 0.561904 0 0.827203
    outer loop
      vertex -2.47099 26.3 8.72812
      vertex -2.51776 32.2 8.75989
      vertex -2.51776 26.3 8.75989
    endloop
  endfacet
  facet normal -0.999504 0 -0.0314832
    outer loop
      vertex -3.89822 26.3 7.94349
      vertex -3.9 32.2 8
      vertex -3.89822 32.2 7.94349
    endloop
  endfacet
  facet normal -0.999504 -0 -0.0314832
    outer loop
      vertex -3.9 32.2 8
      vertex -3.89822 26.3 7.94349
      vertex -3.9 26.3 8
    endloop
  endfacet
  facet normal -0.0314832 0 -0.999504
    outer loop
      vertex -3.05651 26.3 7.10178
      vertex -3 32.2 7.1
      vertex -3 26.3 7.1
    endloop
  endfacet
  facet normal -0.0314832 0 -0.999504
    outer loop
      vertex -3 32.2 7.1
      vertex -3.05651 26.3 7.10178
      vertex -3.05651 32.2 7.10178
    endloop
  endfacet
  facet normal 0.661317 0 0.750106
    outer loop
      vertex -2.42632 32.2 8.69346
      vertex -2.38391 26.3 8.65607
      vertex -2.38391 32.2 8.65607
    endloop
  endfacet
  facet normal 0.661317 0 0.750106
    outer loop
      vertex -2.38391 26.3 8.65607
      vertex -2.42632 32.2 8.69346
      vertex -2.42632 26.3 8.69346
    endloop
  endfacet
  facet normal -0.96032 0 -0.2789
    outer loop
      vertex -3.85595 26.3 7.72188
      vertex -3.87172 32.2 7.77618
      vertex -3.85595 32.2 7.72188
    endloop
  endfacet
  facet normal -0.96032 -0 -0.2789
    outer loop
      vertex -3.87172 32.2 7.77618
      vertex -3.85595 26.3 7.72188
      vertex -3.87172 26.3 7.77618
    endloop
  endfacet
  facet normal -0.0314832 0 0.999504
    outer loop
      vertex -3.05651 32.2 8.89822
      vertex -3 26.3 8.9
      vertex -3 32.2 8.9
    endloop
  endfacet
  facet normal -0.0314832 0 0.999504
    outer loop
      vertex -3 26.3 8.9
      vertex -3.05651 32.2 8.89822
      vertex -3.05651 26.3 8.89822
    endloop
  endfacet
  facet normal 0.279063 0 -0.960273
    outer loop
      vertex -2.77618 26.3 7.12827
      vertex -2.72188 32.2 7.14405
      vertex -2.72188 26.3 7.14405
    endloop
  endfacet
  facet normal 0.279063 0 -0.960273
    outer loop
      vertex -2.72188 32.2 7.14405
      vertex -2.77618 26.3 7.12827
      vertex -2.77618 32.2 7.12827
    endloop
  endfacet
  facet normal 0.338745 0 0.940878
    outer loop
      vertex -2.72188 32.2 8.85595
      vertex -2.66869 26.3 8.8368
      vertex -2.66869 32.2 8.8368
    endloop
  endfacet
  facet normal 0.338745 0 0.940878
    outer loop
      vertex -2.66869 26.3 8.8368
      vertex -2.72188 32.2 8.85595
      vertex -2.72188 26.3 8.85595
    endloop
  endfacet
  facet normal 0.999504 0 -0.0314832
    outer loop
      vertex -2.1 26.3 8
      vertex -2.10178 32.2 7.94349
      vertex -2.1 32.2 8
    endloop
  endfacet
  facet normal 0.999504 0 -0.0314832
    outer loop
      vertex -2.10178 32.2 7.94349
      vertex -2.1 26.3 8
      vertex -2.10178 26.3 7.94349
    endloop
  endfacet
  facet normal 0.156362 0 -0.9877
    outer loop
      vertex -2.8872 26.3 7.1071
      vertex -2.83136 32.2 7.11594
      vertex -2.83136 26.3 7.11594
    endloop
  endfacet
  facet normal 0.156362 0 -0.9877
    outer loop
      vertex -2.83136 32.2 7.11594
      vertex -2.8872 26.3 7.1071
      vertex -2.8872 32.2 7.1071
    endloop
  endfacet
  facet normal 0.891077 0 -0.453852
    outer loop
      vertex -2.18566 26.3 7.6168
      vertex -2.21132 32.2 7.56642
      vertex -2.18566 32.2 7.6168
    endloop
  endfacet
  facet normal 0.891077 0 -0.453852
    outer loop
      vertex -2.21132 32.2 7.56642
      vertex -2.18566 26.3 7.6168
      vertex -2.21132 26.3 7.56642
    endloop
  endfacet
  facet normal -0.397225 0 0.917721
    outer loop
      vertex -3.3832 32.2 8.81434
      vertex -3.33131 26.3 8.8368
      vertex -3.33131 32.2 8.8368
    endloop
  endfacet
  facet normal -0.397225 0 0.917721
    outer loop
      vertex -3.33131 26.3 8.8368
      vertex -3.3832 32.2 8.81434
      vertex -3.3832 26.3 8.81434
    endloop
  endfacet
  facet normal 0.940878 -0 0.338745
    outer loop
      vertex -2.1632 26.3 8.33131
      vertex -2.14405 32.2 8.27812
      vertex -2.1632 32.2 8.33131
    endloop
  endfacet
  facet normal 0.940878 0 0.338745
    outer loop
      vertex -2.14405 32.2 8.27812
      vertex -2.1632 26.3 8.33131
      vertex -2.14405 26.3 8.27812
    endloop
  endfacet
  facet normal -0.707107 0 -0.707107
    outer loop
      vertex -3.61609 26.3 7.34393
      vertex -3.65607 32.2 7.38391
      vertex -3.61609 32.2 7.34393
    endloop
  endfacet
  facet normal -0.707107 -0 -0.707107
    outer loop
      vertex -3.65607 32.2 7.38391
      vertex -3.61609 26.3 7.34393
      vertex -3.65607 26.3 7.38391
    endloop
  endfacet
  facet normal 0.338745 0 -0.940878
    outer loop
      vertex -2.72188 26.3 7.14405
      vertex -2.66869 32.2 7.1632
      vertex -2.66869 26.3 7.1632
    endloop
  endfacet
  facet normal 0.338745 0 -0.940878
    outer loop
      vertex -2.66869 32.2 7.1632
      vertex -2.72188 26.3 7.14405
      vertex -2.72188 32.2 7.14405
    endloop
  endfacet
  facet normal -0.891077 0 0.453852
    outer loop
      vertex -3.81434 26.3 8.3832
      vertex -3.78868 32.2 8.43358
      vertex -3.81434 32.2 8.3832
    endloop
  endfacet
  facet normal -0.891077 0 0.453852
    outer loop
      vertex -3.78868 32.2 8.43358
      vertex -3.81434 26.3 8.3832
      vertex -3.78868 26.3 8.43358
    endloop
  endfacet
  facet normal -0.975895 0 -0.218241
    outer loop
      vertex -3.87172 26.3 7.77618
      vertex -3.88406 32.2 7.83136
      vertex -3.87172 32.2 7.77618
    endloop
  endfacet
  facet normal -0.975895 -0 -0.218241
    outer loop
      vertex -3.88406 32.2 7.83136
      vertex -3.87172 26.3 7.77618
      vertex -3.88406 26.3 7.83136
    endloop
  endfacet
  facet normal 0.613022 0 0.790066
    outer loop
      vertex -2.47099 32.2 8.72812
      vertex -2.42632 26.3 8.69346
      vertex -2.42632 32.2 8.69346
    endloop
  endfacet
  facet normal 0.613022 0 0.790066
    outer loop
      vertex -2.42632 26.3 8.69346
      vertex -2.47099 32.2 8.72812
      vertex -2.47099 26.3 8.72812
    endloop
  endfacet
  facet normal -0.156362 0 -0.9877
    outer loop
      vertex -3.16864 26.3 7.11594
      vertex -3.1128 32.2 7.1071
      vertex -3.1128 26.3 7.1071
    endloop
  endfacet
  facet normal -0.156362 0 -0.9877
    outer loop
      vertex -3.1128 32.2 7.1071
      vertex -3.16864 26.3 7.11594
      vertex -3.16864 32.2 7.11594
    endloop
  endfacet
  facet normal -0.790066 0 -0.613022
    outer loop
      vertex -3.69346 26.3 7.42632
      vertex -3.72812 32.2 7.47099
      vertex -3.69346 32.2 7.42632
    endloop
  endfacet
  facet normal -0.790066 -0 -0.613022
    outer loop
      vertex -3.72812 32.2 7.47099
      vertex -3.69346 26.3 7.42632
      vertex -3.72812 26.3 7.47099
    endloop
  endfacet
  facet normal 0.397225 0 -0.917721
    outer loop
      vertex -2.66869 26.3 7.1632
      vertex -2.6168 32.2 7.18566
      vertex -2.6168 26.3 7.18566
    endloop
  endfacet
  facet normal 0.397225 0 -0.917721
    outer loop
      vertex -2.6168 32.2 7.18566
      vertex -2.66869 26.3 7.1632
      vertex -2.66869 32.2 7.1632
    endloop
  endfacet
  facet normal -0.940878 0 -0.338745
    outer loop
      vertex -3.8368 26.3 7.66869
      vertex -3.85595 32.2 7.72188
      vertex -3.8368 32.2 7.66869
    endloop
  endfacet
  facet normal -0.940878 -0 -0.338745
    outer loop
      vertex -3.85595 32.2 7.72188
      vertex -3.8368 26.3 7.66869
      vertex -3.85595 26.3 7.72188
    endloop
  endfacet
  facet normal 0.453852 0 -0.891077
    outer loop
      vertex -2.6168 26.3 7.18566
      vertex -2.56642 32.2 7.21132
      vertex -2.56642 26.3 7.21132
    endloop
  endfacet
  facet normal 0.453852 0 -0.891077
    outer loop
      vertex -2.56642 32.2 7.21132
      vertex -2.6168 26.3 7.18566
      vertex -2.6168 32.2 7.18566
    endloop
  endfacet
  facet normal -0.0940913 0 0.995564
    outer loop
      vertex -3.1128 32.2 8.8929
      vertex -3.05651 26.3 8.89822
      vertex -3.05651 32.2 8.89822
    endloop
  endfacet
  facet normal -0.0940913 0 0.995564
    outer loop
      vertex -3.05651 26.3 8.89822
      vertex -3.1128 32.2 8.8929
      vertex -3.1128 26.3 8.8929
    endloop
  endfacet
  facet normal -0.827203 0 -0.561904
    outer loop
      vertex -3.72812 26.3 7.47099
      vertex -3.75989 32.2 7.51776
      vertex -3.72812 32.2 7.47099
    endloop
  endfacet
  facet normal -0.827203 -0 -0.561904
    outer loop
      vertex -3.75989 32.2 7.51776
      vertex -3.72812 26.3 7.47099
      vertex -3.75989 26.3 7.51776
    endloop
  endfacet
  facet normal 0.397225 0 0.917721
    outer loop
      vertex -2.66869 32.2 8.8368
      vertex -2.6168 26.3 8.81434
      vertex -2.6168 32.2 8.81434
    endloop
  endfacet
  facet normal 0.397225 0 0.917721
    outer loop
      vertex -2.6168 26.3 8.81434
      vertex -2.66869 32.2 8.8368
      vertex -2.66869 26.3 8.8368
    endloop
  endfacet
  facet normal -0.999504 0 0.0314832
    outer loop
      vertex -3.9 26.3 8
      vertex -3.89822 32.2 8.05651
      vertex -3.9 32.2 8
    endloop
  endfacet
  facet normal -0.999504 0 0.0314832
    outer loop
      vertex -3.89822 32.2 8.05651
      vertex -3.9 26.3 8
      vertex -3.89822 26.3 8.05651
    endloop
  endfacet
  facet normal 0.156362 0 0.9877
    outer loop
      vertex -2.8872 32.2 8.8929
      vertex -2.83136 26.3 8.88406
      vertex -2.83136 32.2 8.88406
    endloop
  endfacet
  facet normal 0.156362 0 0.9877
    outer loop
      vertex -2.83136 26.3 8.88406
      vertex -2.8872 32.2 8.8929
      vertex -2.8872 26.3 8.8929
    endloop
  endfacet
  facet normal -0.891077 0 -0.453852
    outer loop
      vertex -3.78868 26.3 7.56642
      vertex -3.81434 32.2 7.6168
      vertex -3.78868 32.2 7.56642
    endloop
  endfacet
  facet normal -0.891077 -0 -0.453852
    outer loop
      vertex -3.81434 32.2 7.6168
      vertex -3.78868 26.3 7.56642
      vertex -3.81434 26.3 7.6168
    endloop
  endfacet
  facet normal -0.661317 0 -0.750106
    outer loop
      vertex -3.61609 26.3 7.34393
      vertex -3.57368 32.2 7.30654
      vertex -3.57368 26.3 7.30654
    endloop
  endfacet
  facet normal -0.661317 0 -0.750106
    outer loop
      vertex -3.57368 32.2 7.30654
      vertex -3.61609 26.3 7.34393
      vertex -3.61609 32.2 7.34393
    endloop
  endfacet
  facet normal -0.0940913 0 -0.995564
    outer loop
      vertex -3.1128 26.3 7.1071
      vertex -3.05651 32.2 7.10178
      vertex -3.05651 26.3 7.10178
    endloop
  endfacet
  facet normal -0.0940913 0 -0.995564
    outer loop
      vertex -3.05651 32.2 7.10178
      vertex -3.1128 26.3 7.1071
      vertex -3.1128 32.2 7.1071
    endloop
  endfacet
  facet normal -0.9877 0 0.156362
    outer loop
      vertex -3.8929 26.3 8.1128
      vertex -3.88406 32.2 8.16864
      vertex -3.8929 32.2 8.1128
    endloop
  endfacet
  facet normal -0.9877 0 0.156362
    outer loop
      vertex -3.88406 32.2 8.16864
      vertex -3.8929 26.3 8.1128
      vertex -3.88406 26.3 8.16864
    endloop
  endfacet
  facet normal -0.96032 0 0.2789
    outer loop
      vertex -3.87172 26.3 8.22382
      vertex -3.85595 32.2 8.27812
      vertex -3.87172 32.2 8.22382
    endloop
  endfacet
  facet normal -0.96032 0 0.2789
    outer loop
      vertex -3.85595 32.2 8.27812
      vertex -3.87172 26.3 8.22382
      vertex -3.85595 26.3 8.27812
    endloop
  endfacet
  facet normal 0 -1 0
    outer loop
      vertex -3.05651 26.3 8.89822
      vertex -2.94349 26.3 8.89822
      vertex -3 26.3 8.9
    endloop
  endfacet
  facet normal 0 -1 0
    outer loop
      vertex -3.1128 26.3 8.8929
      vertex -2.94349 26.3 8.89822
      vertex -3.05651 26.3 8.89822
    endloop
  endfacet
  facet normal 0 -1 0
    outer loop
      vertex -3.1128 26.3 8.8929
      vertex -2.8872 26.3 8.8929
      vertex -2.94349 26.3 8.89822
    endloop
  endfacet
  facet normal 0 -1 0
    outer loop
      vertex -3.16864 26.3 8.88406
      vertex -2.8872 26.3 8.8929
      vertex -3.1128 26.3 8.8929
    endloop
  endfacet
  facet normal 0 -1 0
    outer loop
      vertex -3.16864 26.3 8.88406
      vertex -2.83136 26.3 8.88406
      vertex -2.8872 26.3 8.8929
    endloop
  endfacet
  facet normal 0 -1 0
    outer loop
      vertex -3.22382 26.3 8.87172
      vertex -2.83136 26.3 8.88406
      vertex -3.16864 26.3 8.88406
    endloop
  endfacet
  facet normal 0 -1 0
    outer loop
      vertex -3.22382 26.3 8.87172
      vertex -2.77618 26.3 8.87172
      vertex -2.83136 26.3 8.88406
    endloop
  endfacet
  facet normal 0 -1 0
    outer loop
      vertex -3.27812 26.3 8.85595
      vertex -2.77618 26.3 8.87172
      vertex -3.22382 26.3 8.87172
    endloop
  endfacet
  facet normal 0 -1 0
    outer loop
      vertex -3.27812 26.3 8.85595
      vertex -2.72188 26.3 8.85595
      vertex -2.77618 26.3 8.87172
    endloop
  endfacet
  facet normal 0 -1 0
    outer loop
      vertex -3.33131 26.3 8.8368
      vertex -2.72188 26.3 8.85595
      vertex -3.27812 26.3 8.85595
    endloop
  endfacet
  facet normal 0 -1 0
    outer loop
      vertex -3.33131 26.3 8.8368
      vertex -2.66869 26.3 8.8368
      vertex -2.72188 26.3 8.85595
    endloop
  endfacet
  facet normal 0 -1 0
    outer loop
      vertex -3.3832 26.3 8.81434
      vertex -2.66869 26.3 8.8368
      vertex -3.33131 26.3 8.8368
    endloop
  endfacet
  facet normal 0 -1 0
    outer loop
      vertex -3.3832 26.3 8.81434
      vertex -2.6168 26.3 8.81434
      vertex -2.66869 26.3 8.8368
    endloop
  endfacet
  facet normal 0 -1 0
    outer loop
      vertex -3.43358 26.3 8.78868
      vertex -2.6168 26.3 8.81434
      vertex -3.3832 26.3 8.81434
    endloop
  endfacet
  facet normal 0 -1 0
    outer loop
      vertex -3.43358 26.3 8.78868
      vertex -2.56642 26.3 8.78868
      vertex -2.6168 26.3 8.81434
    endloop
  endfacet
  facet normal 0 -1 0
    outer loop
      vertex -3.48224 26.3 8.75989
      vertex -2.56642 26.3 8.78868
      vertex -3.43358 26.3 8.78868
    endloop
  endfacet
  facet normal 0 -1 0
    outer loop
      vertex -3.48224 26.3 8.75989
      vertex -2.51776 26.3 8.75989
      vertex -2.56642 26.3 8.78868
    endloop
  endfacet
  facet normal 0 -1 0
    outer loop
      vertex -3.52901 26.3 8.72812
      vertex -2.51776 26.3 8.75989
      vertex -3.48224 26.3 8.75989
    endloop
  endfacet
  facet normal 0 -1 0
    outer loop
      vertex -3.52901 26.3 8.72812
      vertex -2.47099 26.3 8.72812
      vertex -2.51776 26.3 8.75989
    endloop
  endfacet
  facet normal 0 -1 0
    outer loop
      vertex -3.57368 26.3 8.69346
      vertex -2.47099 26.3 8.72812
      vertex -3.52901 26.3 8.72812
    endloop
  endfacet
  facet normal 0 -1 0
    outer loop
      vertex -3.57368 26.3 8.69346
      vertex -2.42632 26.3 8.69346
      vertex -2.47099 26.3 8.72812
    endloop
  endfacet
  facet normal 0 -1 0
    outer loop
      vertex -3.61609 26.3 8.65607
      vertex -2.42632 26.3 8.69346
      vertex -3.57368 26.3 8.69346
    endloop
  endfacet
  facet normal 0 -1 0
    outer loop
      vertex -3.61609 26.3 8.65607
      vertex -2.38391 26.3 8.65607
      vertex -2.42632 26.3 8.69346
    endloop
  endfacet
  facet normal 0 -1 0
    outer loop
      vertex -3.65607 26.3 8.61609
      vertex -2.38391 26.3 8.65607
      vertex -3.61609 26.3 8.65607
    endloop
  endfacet
  facet normal 0 -1 0
    outer loop
      vertex -3.65607 26.3 8.61609
      vertex -2.34393 26.3 8.61609
      vertex -2.38391 26.3 8.65607
    endloop
  endfacet
  facet normal 0 -1 0
    outer loop
      vertex -3.69346 26.3 8.57368
      vertex -2.34393 26.3 8.61609
      vertex -3.65607 26.3 8.61609
    endloop
  endfacet
  facet normal 0 -1 0
    outer loop
      vertex -3.69346 26.3 8.57368
      vertex -2.30654 26.3 8.57368
      vertex -2.34393 26.3 8.61609
    endloop
  endfacet
  facet normal 0 -1 0
    outer loop
      vertex -3.72812 26.3 8.52901
      vertex -2.30654 26.3 8.57368
      vertex -3.69346 26.3 8.57368
    endloop
  endfacet
  facet normal 0 -1 0
    outer loop
      vertex -3.72812 26.3 8.52901
      vertex -2.27188 26.3 8.52901
      vertex -2.30654 26.3 8.57368
    endloop
  endfacet
  facet normal 0 -1 0
    outer loop
      vertex -3.75989 26.3 8.48224
      vertex -2.27188 26.3 8.52901
      vertex -3.72812 26.3 8.52901
    endloop
  endfacet
  facet normal 0 -1 0
    outer loop
      vertex -3.75989 26.3 8.48224
      vertex -2.2401 26.3 8.48224
      vertex -2.27188 26.3 8.52901
    endloop
  endfacet
  facet normal 0 -1 0
    outer loop
      vertex -3.78868 26.3 8.43358
      vertex -2.2401 26.3 8.48224
      vertex -3.75989 26.3 8.48224
    endloop
  endfacet
  facet normal 0 -1 0
    outer loop
      vertex -3.78868 26.3 8.43358
      vertex -2.21132 26.3 8.43358
      vertex -2.2401 26.3 8.48224
    endloop
  endfacet
  facet normal 0 -1 0
    outer loop
      vertex -3.81434 26.3 8.3832
      vertex -2.21132 26.3 8.43358
      vertex -3.78868 26.3 8.43358
    endloop
  endfacet
  facet normal 0 -1 0
    outer loop
      vertex -3.81434 26.3 8.3832
      vertex -2.18566 26.3 8.3832
      vertex -2.21132 26.3 8.43358
    endloop
  endfacet
  facet normal 0 -1 0
    outer loop
      vertex -3.8368 26.3 8.33131
      vertex -2.18566 26.3 8.3832
      vertex -3.81434 26.3 8.3832
    endloop
  endfacet
  facet normal 0 -1 0
    outer loop
      vertex -3.8368 26.3 8.33131
      vertex -2.1632 26.3 8.33131
      vertex -2.18566 26.3 8.3832
    endloop
  endfacet
  facet normal 0 -1 0
    outer loop
      vertex -3.85595 26.3 8.27812
      vertex -2.1632 26.3 8.33131
      vertex -3.8368 26.3 8.33131
    endloop
  endfacet
  facet normal 0 -1 0
    outer loop
      vertex -3.85595 26.3 8.27812
      vertex -2.14405 26.3 8.27812
      vertex -2.1632 26.3 8.33131
    endloop
  endfacet
  facet normal 0 -1 0
    outer loop
      vertex -3.87172 26.3 8.22382
      vertex -2.14405 26.3 8.27812
      vertex -3.85595 26.3 8.27812
    endloop
  endfacet
  facet normal 0 -1 0
    outer loop
      vertex -3.87172 26.3 8.22382
      vertex -2.12827 26.3 8.22382
      vertex -2.14405 26.3 8.27812
    endloop
  endfacet
  facet normal 0 -1 0
    outer loop
      vertex -3.88406 26.3 8.16864
      vertex -2.12827 26.3 8.22382
      vertex -3.87172 26.3 8.22382
    endloop
  endfacet
  facet normal 0 -1 0
    outer loop
      vertex -3.88406 26.3 8.16864
      vertex -2.11594 26.3 8.16864
      vertex -2.12827 26.3 8.22382
    endloop
  endfacet
  facet normal 0 -1 0
    outer loop
      vertex -3.8929 26.3 8.1128
      vertex -2.11594 26.3 8.16864
      vertex -3.88406 26.3 8.16864
    endloop
  endfacet
  facet normal 0 -1 0
    outer loop
      vertex -3.8929 26.3 8.1128
      vertex -2.1071 26.3 8.1128
      vertex -2.11594 26.3 8.16864
    endloop
  endfacet
  facet normal 0 -1 0
    outer loop
      vertex -3.89822 26.3 8.05651
      vertex -2.1071 26.3 8.1128
      vertex -3.8929 26.3 8.1128
    endloop
  endfacet
  facet normal 0 -1 0
    outer loop
      vertex -3.89822 26.3 8.05651
      vertex -2.10178 26.3 8.05651
      vertex -2.1071 26.3 8.1128
    endloop
  endfacet
  facet normal 0 -1 0
    outer loop
      vertex -3.9 26.3 8
      vertex -2.10178 26.3 8.05651
      vertex -3.89822 26.3 8.05651
    endloop
  endfacet
  facet normal 0 -1 0
    outer loop
      vertex -3.9 26.3 8
      vertex -2.1 26.3 8
      vertex -2.10178 26.3 8.05651
    endloop
  endfacet
  facet normal 0 -1 0
    outer loop
      vertex -3.89822 26.3 7.94349
      vertex -2.1 26.3 8
      vertex -3.9 26.3 8
    endloop
  endfacet
  facet normal 0 -1 0
    outer loop
      vertex -3.89822 26.3 7.94349
      vertex -2.10178 26.3 7.94349
      vertex -2.1 26.3 8
    endloop
  endfacet
  facet normal 0 -1 0
    outer loop
      vertex -3.8929 26.3 7.8872
      vertex -2.10178 26.3 7.94349
      vertex -3.89822 26.3 7.94349
    endloop
  endfacet
  facet normal 0 -1 0
    outer loop
      vertex -3.8929 26.3 7.8872
      vertex -2.1071 26.3 7.8872
      vertex -2.10178 26.3 7.94349
    endloop
  endfacet
  facet normal 0 -1 0
    outer loop
      vertex -3.88406 26.3 7.83136
      vertex -2.1071 26.3 7.8872
      vertex -3.8929 26.3 7.8872
    endloop
  endfacet
  facet normal 0 -1 0
    outer loop
      vertex -3.88406 26.3 7.83136
      vertex -2.11594 26.3 7.83136
      vertex -2.1071 26.3 7.8872
    endloop
  endfacet
  facet normal 0 -1 0
    outer loop
      vertex -3.87172 26.3 7.77618
      vertex -2.11594 26.3 7.83136
      vertex -3.88406 26.3 7.83136
    endloop
  endfacet
  facet normal 0 -1 0
    outer loop
      vertex -3.87172 26.3 7.77618
      vertex -2.12827 26.3 7.77618
      vertex -2.11594 26.3 7.83136
    endloop
  endfacet
  facet normal 0 -1 0
    outer loop
      vertex -3.85595 26.3 7.72188
      vertex -2.12827 26.3 7.77618
      vertex -3.87172 26.3 7.77618
    endloop
  endfacet
  facet normal 0 -1 0
    outer loop
      vertex -3.85595 26.3 7.72188
      vertex -2.14405 26.3 7.72188
      vertex -2.12827 26.3 7.77618
    endloop
  endfacet
  facet normal 0 -1 0
    outer loop
      vertex -3.8368 26.3 7.66869
      vertex -2.14405 26.3 7.72188
      vertex -3.85595 26.3 7.72188
    endloop
  endfacet
  facet normal 0 -1 0
    outer loop
      vertex -3.8368 26.3 7.66869
      vertex -2.1632 26.3 7.66869
      vertex -2.14405 26.3 7.72188
    endloop
  endfacet
  facet normal 0 -1 0
    outer loop
      vertex -3.81434 26.3 7.6168
      vertex -2.1632 26.3 7.66869
      vertex -3.8368 26.3 7.66869
    endloop
  endfacet
  facet normal 0 -1 0
    outer loop
      vertex -3.81434 26.3 7.6168
      vertex -2.18566 26.3 7.6168
      vertex -2.1632 26.3 7.66869
    endloop
  endfacet
  facet normal 0 -1 0
    outer loop
      vertex -3.78868 26.3 7.56642
      vertex -2.18566 26.3 7.6168
      vertex -3.81434 26.3 7.6168
    endloop
  endfacet
  facet normal 0 -1 0
    outer loop
      vertex -3.78868 26.3 7.56642
      vertex -2.21132 26.3 7.56642
      vertex -2.18566 26.3 7.6168
    endloop
  endfacet
  facet normal 0 -1 0
    outer loop
      vertex -3.75989 26.3 7.51776
      vertex -2.21132 26.3 7.56642
      vertex -3.78868 26.3 7.56642
    endloop
  endfacet
  facet normal 0 -1 0
    outer loop
      vertex -3.75989 26.3 7.51776
      vertex -2.2401 26.3 7.51776
      vertex -2.21132 26.3 7.56642
    endloop
  endfacet
  facet normal 0 -1 0
    outer loop
      vertex -3.72812 26.3 7.47099
      vertex -2.2401 26.3 7.51776
      vertex -3.75989 26.3 7.51776
    endloop
  endfacet
  facet normal 0 -1 0
    outer loop
      vertex -3.72812 26.3 7.47099
      vertex -2.27188 26.3 7.47099
      vertex -2.2401 26.3 7.51776
    endloop
  endfacet
  facet normal 0 -1 0
    outer loop
      vertex -3.69346 26.3 7.42632
      vertex -2.27188 26.3 7.47099
      vertex -3.72812 26.3 7.47099
    endloop
  endfacet
  facet normal 0 -1 0
    outer loop
      vertex -3.69346 26.3 7.42632
      vertex -2.30654 26.3 7.42632
      vertex -2.27188 26.3 7.47099
    endloop
  endfacet
  facet normal 0 -1 0
    outer loop
      vertex -3.65607 26.3 7.38391
      vertex -2.30654 26.3 7.42632
      vertex -3.69346 26.3 7.42632
    endloop
  endfacet
  facet normal 0 -1 0
    outer loop
      vertex -3.65607 26.3 7.38391
      vertex -2.34393 26.3 7.38391
      vertex -2.30654 26.3 7.42632
    endloop
  endfacet
  facet normal 0 -1 0
    outer loop
      vertex -3.61609 26.3 7.34393
      vertex -2.34393 26.3 7.38391
      vertex -3.65607 26.3 7.38391
    endloop
  endfacet
  facet normal 0 -1 0
    outer loop
      vertex -3.61609 26.3 7.34393
      vertex -2.38391 26.3 7.34393
      vertex -2.34393 26.3 7.38391
    endloop
  endfacet
  facet normal 0 -1 0
    outer loop
      vertex -3.57368 26.3 7.30654
      vertex -2.38391 26.3 7.34393
      vertex -3.61609 26.3 7.34393
    endloop
  endfacet
  facet normal 0 -1 0
    outer loop
      vertex -3.57368 26.3 7.30654
      vertex -2.42632 26.3 7.30654
      vertex -2.38391 26.3 7.34393
    endloop
  endfacet
  facet normal 0 -1 0
    outer loop
      vertex -3.52901 26.3 7.27188
      vertex -2.42632 26.3 7.30654
      vertex -3.57368 26.3 7.30654
    endloop
  endfacet
  facet normal 0 -1 0
    outer loop
      vertex -3.52901 26.3 7.27188
      vertex -2.47099 26.3 7.27188
      vertex -2.42632 26.3 7.30654
    endloop
  endfacet
  facet normal 0 -1 0
    outer loop
      vertex -3.48224 26.3 7.2401
      vertex -2.47099 26.3 7.27188
      vertex -3.52901 26.3 7.27188
    endloop
  endfacet
  facet normal 0 -1 0
    outer loop
      vertex -3.48224 26.3 7.2401
      vertex -2.51776 26.3 7.2401
      vertex -2.47099 26.3 7.27188
    endloop
  endfacet
  facet normal 0 -1 0
    outer loop
      vertex -3.43358 26.3 7.21132
      vertex -2.51776 26.3 7.2401
      vertex -3.48224 26.3 7.2401
    endloop
  endfacet
  facet normal 0 -1 0
    outer loop
      vertex -3.43358 26.3 7.21132
      vertex -2.56642 26.3 7.21132
      vertex -2.51776 26.3 7.2401
    endloop
  endfacet
  facet normal 0 -1 0
    outer loop
      vertex -3.3832 26.3 7.18566
      vertex -2.56642 26.3 7.21132
      vertex -3.43358 26.3 7.21132
    endloop
  endfacet
  facet normal 0 -1 0
    outer loop
      vertex -3.3832 26.3 7.18566
      vertex -2.6168 26.3 7.18566
      vertex -2.56642 26.3 7.21132
    endloop
  endfacet
  facet normal 0 -1 0
    outer loop
      vertex -3.33131 26.3 7.1632
      vertex -2.6168 26.3 7.18566
      vertex -3.3832 26.3 7.18566
    endloop
  endfacet
  facet normal 0 -1 0
    outer loop
      vertex -3.33131 26.3 7.1632
      vertex -2.66869 26.3 7.1632
      vertex -2.6168 26.3 7.18566
    endloop
  endfacet
  facet normal 0 -1 0
    outer loop
      vertex -3.27812 26.3 7.14405
      vertex -2.66869 26.3 7.1632
      vertex -3.33131 26.3 7.1632
    endloop
  endfacet
  facet normal 0 -1 0
    outer loop
      vertex -3.27812 26.3 7.14405
      vertex -2.72188 26.3 7.14405
      vertex -2.66869 26.3 7.1632
    endloop
  endfacet
  facet normal 0 -1 0
    outer loop
      vertex -3.22382 26.3 7.12827
      vertex -2.72188 26.3 7.14405
      vertex -3.27812 26.3 7.14405
    endloop
  endfacet
  facet normal 0 -1 0
    outer loop
      vertex -3.22382 26.3 7.12827
      vertex -2.77618 26.3 7.12827
      vertex -2.72188 26.3 7.14405
    endloop
  endfacet
  facet normal 0 -1 0
    outer loop
      vertex -3.16864 26.3 7.11594
      vertex -2.77618 26.3 7.12827
      vertex -3.22382 26.3 7.12827
    endloop
  endfacet
  facet normal 0 -1 0
    outer loop
      vertex -3.16864 26.3 7.11594
      vertex -2.83136 26.3 7.11594
      vertex -2.77618 26.3 7.12827
    endloop
  endfacet
  facet normal 0 -1 0
    outer loop
      vertex -3.1128 26.3 7.1071
      vertex -2.83136 26.3 7.11594
      vertex -3.16864 26.3 7.11594
    endloop
  endfacet
  facet normal 0 -1 0
    outer loop
      vertex -3.1128 26.3 7.1071
      vertex -2.8872 26.3 7.1071
      vertex -2.83136 26.3 7.11594
    endloop
  endfacet
  facet normal 0 -1 0
    outer loop
      vertex -3.05651 26.3 7.10178
      vertex -2.8872 26.3 7.1071
      vertex -3.1128 26.3 7.1071
    endloop
  endfacet
  facet normal 0 -1 0
    outer loop
      vertex -3.05651 26.3 7.10178
      vertex -2.94349 26.3 7.10178
      vertex -2.8872 26.3 7.1071
    endloop
  endfacet
  facet normal -0 -1 0
    outer loop
      vertex -2.94349 26.3 7.10178
      vertex -3.05651 26.3 7.10178
      vertex -3 26.3 7.1
    endloop
  endfacet
  facet normal 0.750106 0 -0.661317
    outer loop
      vertex -2.30654 26.3 7.42632
      vertex -2.34393 32.2 7.38391
      vertex -2.30654 32.2 7.42632
    endloop
  endfacet
  facet normal 0.750106 0 -0.661317
    outer loop
      vertex -2.34393 32.2 7.38391
      vertex -2.30654 26.3 7.42632
      vertex -2.34393 26.3 7.38391
    endloop
  endfacet
  facet normal 0.960273 0 -0.279063
    outer loop
      vertex -2.12827 26.3 7.77618
      vertex -2.14405 32.2 7.72188
      vertex -2.12827 32.2 7.77618
    endloop
  endfacet
  facet normal 0.960273 0 -0.279063
    outer loop
      vertex -2.14405 32.2 7.72188
      vertex -2.12827 26.3 7.77618
      vertex -2.14405 26.3 7.72188
    endloop
  endfacet
  facet normal 0.790066 0 -0.613022
    outer loop
      vertex -2.27188 26.3 7.47099
      vertex -2.30654 32.2 7.42632
      vertex -2.27188 32.2 7.47099
    endloop
  endfacet
  facet normal 0.790066 0 -0.613022
    outer loop
      vertex -2.30654 32.2 7.42632
      vertex -2.27188 26.3 7.47099
      vertex -2.30654 26.3 7.42632
    endloop
  endfacet
  facet normal 0.661317 0 -0.750106
    outer loop
      vertex -2.42632 26.3 7.30654
      vertex -2.38391 32.2 7.34393
      vertex -2.38391 26.3 7.34393
    endloop
  endfacet
  facet normal 0.661317 0 -0.750106
    outer loop
      vertex -2.38391 32.2 7.34393
      vertex -2.42632 26.3 7.30654
      vertex -2.42632 32.2 7.30654
    endloop
  endfacet
  facet normal 0.218241 0 0.975895
    outer loop
      vertex -2.83136 32.2 8.88406
      vertex -2.77618 26.3 8.87172
      vertex -2.77618 32.2 8.87172
    endloop
  endfacet
  facet normal 0.218241 0 0.975895
    outer loop
      vertex -2.77618 26.3 8.87172
      vertex -2.83136 32.2 8.88406
      vertex -2.83136 26.3 8.88406
    endloop
  endfacet
  facet normal -0.750106 0 -0.661317
    outer loop
      vertex -3.65607 26.3 7.38391
      vertex -3.69346 32.2 7.42632
      vertex -3.65607 32.2 7.38391
    endloop
  endfacet
  facet normal -0.750106 -0 -0.661317
    outer loop
      vertex -3.69346 32.2 7.42632
      vertex -3.65607 26.3 7.38391
      vertex -3.69346 26.3 7.42632
    endloop
  endfacet
  facet normal 0.790066 -0 0.613022
    outer loop
      vertex -2.30654 26.3 8.57368
      vertex -2.27188 32.2 8.52901
      vertex -2.30654 32.2 8.57368
    endloop
  endfacet
  facet normal 0.790066 0 0.613022
    outer loop
      vertex -2.27188 32.2 8.52901
      vertex -2.30654 26.3 8.57368
      vertex -2.27188 26.3 8.52901
    endloop
  endfacet
  facet normal -0.827203 0 0.561904
    outer loop
      vertex -3.75989 26.3 8.48224
      vertex -3.72812 32.2 8.52901
      vertex -3.75989 32.2 8.48224
    endloop
  endfacet
  facet normal -0.827203 0 0.561904
    outer loop
      vertex -3.72812 32.2 8.52901
      vertex -3.75989 26.3 8.48224
      vertex -3.72812 26.3 8.52901
    endloop
  endfacet
  facet normal -0.397225 0 -0.917721
    outer loop
      vertex -3.3832 26.3 7.18566
      vertex -3.33131 32.2 7.1632
      vertex -3.33131 26.3 7.1632
    endloop
  endfacet
  facet normal -0.397225 0 -0.917721
    outer loop
      vertex -3.33131 32.2 7.1632
      vertex -3.3832 26.3 7.18566
      vertex -3.3832 32.2 7.18566
    endloop
  endfacet
  facet normal -0.613022 0 0.790066
    outer loop
      vertex -3.57368 32.2 8.69346
      vertex -3.52901 26.3 8.72812
      vertex -3.52901 32.2 8.72812
    endloop
  endfacet
  facet normal -0.613022 0 0.790066
    outer loop
      vertex -3.52901 26.3 8.72812
      vertex -3.57368 32.2 8.69346
      vertex -3.57368 26.3 8.69346
    endloop
  endfacet
  facet normal 0.0314832 0 -0.999504
    outer loop
      vertex -3 26.3 7.1
      vertex -2.94349 32.2 7.10178
      vertex -2.94349 26.3 7.10178
    endloop
  endfacet
  facet normal 0.0314832 0 -0.999504
    outer loop
      vertex -2.94349 32.2 7.10178
      vertex -3 26.3 7.1
      vertex -3 32.2 7.1
    endloop
  endfacet
  facet normal -0.509075 0 -0.860722
    outer loop
      vertex -3.48224 26.3 7.2401
      vertex -3.43358 32.2 7.21132
      vertex -3.43358 26.3 7.21132
    endloop
  endfacet
  facet normal -0.509075 0 -0.860722
    outer loop
      vertex -3.43358 32.2 7.21132
      vertex -3.48224 26.3 7.2401
      vertex -3.48224 32.2 7.2401
    endloop
  endfacet
  facet normal -0.860645 0 0.509206
    outer loop
      vertex -3.78868 26.3 8.43358
      vertex -3.75989 32.2 8.48224
      vertex -3.78868 32.2 8.43358
    endloop
  endfacet
  facet normal -0.860645 0 0.509206
    outer loop
      vertex -3.75989 32.2 8.48224
      vertex -3.78868 26.3 8.43358
      vertex -3.75989 26.3 8.48224
    endloop
  endfacet
  facet normal -0.917721 0 0.397225
    outer loop
      vertex -3.8368 26.3 8.33131
      vertex -3.81434 32.2 8.3832
      vertex -3.8368 32.2 8.33131
    endloop
  endfacet
  facet normal -0.917721 0 0.397225
    outer loop
      vertex -3.81434 32.2 8.3832
      vertex -3.8368 26.3 8.33131
      vertex -3.81434 26.3 8.3832
    endloop
  endfacet
  facet normal -0.860645 0 -0.509206
    outer loop
      vertex -3.75989 26.3 7.51776
      vertex -3.78868 32.2 7.56642
      vertex -3.75989 32.2 7.51776
    endloop
  endfacet
  facet normal -0.860645 -0 -0.509206
    outer loop
      vertex -3.78868 32.2 7.56642
      vertex -3.75989 26.3 7.51776
      vertex -3.78868 26.3 7.56642
    endloop
  endfacet
  facet normal -0.218073 0 -0.975933
    outer loop
      vertex -3.22382 26.3 7.12827
      vertex -3.16864 32.2 7.11594
      vertex -3.16864 26.3 7.11594
    endloop
  endfacet
  facet normal -0.218073 0 -0.975933
    outer loop
      vertex -3.16864 32.2 7.11594
      vertex -3.22382 26.3 7.12827
      vertex -3.22382 32.2 7.12827
    endloop
  endfacet
  facet normal 0.613022 0 -0.790066
    outer loop
      vertex -2.47099 26.3 7.27188
      vertex -2.42632 32.2 7.30654
      vertex -2.42632 26.3 7.30654
    endloop
  endfacet
  facet normal 0.613022 0 -0.790066
    outer loop
      vertex -2.42632 32.2 7.30654
      vertex -2.47099 26.3 7.27188
      vertex -2.47099 32.2 7.27188
    endloop
  endfacet
  facet normal 0.995564 -0 0.0940913
    outer loop
      vertex 3.8929 26.3 8.1128
      vertex 3.89822 32.2 8.05651
      vertex 3.8929 32.2 8.1128
    endloop
  endfacet
  facet normal 0.995564 0 0.0940913
    outer loop
      vertex 3.89822 32.2 8.05651
      vertex 3.8929 26.3 8.1128
      vertex 3.89822 26.3 8.05651
    endloop
  endfacet
  facet normal 0.999504 -0 0.0314832
    outer loop
      vertex 3.89822 26.3 8.05651
      vertex 3.9 32.2 8
      vertex 3.89822 32.2 8.05651
    endloop
  endfacet
  facet normal 0.999504 0 0.0314832
    outer loop
      vertex 3.9 32.2 8
      vertex 3.89822 26.3 8.05651
      vertex 3.9 26.3 8
    endloop
  endfacet
  facet normal 0.613022 0 0.790066
    outer loop
      vertex 3.52901 32.2 8.72812
      vertex 3.57368 26.3 8.69346
      vertex 3.57368 32.2 8.69346
    endloop
  endfacet
  facet normal 0.613022 0 0.790066
    outer loop
      vertex 3.57368 26.3 8.69346
      vertex 3.52901 32.2 8.72812
      vertex 3.52901 26.3 8.72812
    endloop
  endfacet
  facet normal 0.509206 0 0.860645
    outer loop
      vertex 3.43358 32.2 8.78868
      vertex 3.48224 26.3 8.75989
      vertex 3.48224 32.2 8.75989
    endloop
  endfacet
  facet normal 0.509206 0 0.860645
    outer loop
      vertex 3.48224 26.3 8.75989
      vertex 3.43358 32.2 8.78868
      vertex 3.43358 26.3 8.78868
    endloop
  endfacet
  facet normal -0.940878 0 0.338745
    outer loop
      vertex 2.14405 26.3 8.27812
      vertex 2.1632 32.2 8.33131
      vertex 2.14405 32.2 8.27812
    endloop
  endfacet
  facet normal -0.940878 0 0.338745
    outer loop
      vertex 2.1632 32.2 8.33131
      vertex 2.14405 26.3 8.27812
      vertex 2.1632 26.3 8.33131
    endloop
  endfacet
  facet normal -0.9877 0 -0.156362
    outer loop
      vertex 2.11594 26.3 7.83136
      vertex 2.1071 32.2 7.8872
      vertex 2.11594 32.2 7.83136
    endloop
  endfacet
  facet normal -0.9877 -0 -0.156362
    outer loop
      vertex 2.1071 32.2 7.8872
      vertex 2.11594 26.3 7.83136
      vertex 2.1071 26.3 7.8872
    endloop
  endfacet
  facet normal 0.338745 0 0.940878
    outer loop
      vertex 3.27812 32.2 8.85595
      vertex 3.33131 26.3 8.8368
      vertex 3.33131 32.2 8.8368
    endloop
  endfacet
  facet normal 0.338745 0 0.940878
    outer loop
      vertex 3.33131 26.3 8.8368
      vertex 3.27812 32.2 8.85595
      vertex 3.27812 26.3 8.85595
    endloop
  endfacet
  facet normal 0.509075 0 -0.860722
    outer loop
      vertex 3.43358 26.3 7.21132
      vertex 3.48224 32.2 7.2401
      vertex 3.48224 26.3 7.2401
    endloop
  endfacet
  facet normal 0.509075 0 -0.860722
    outer loop
      vertex 3.48224 32.2 7.2401
      vertex 3.43358 26.3 7.21132
      vertex 3.43358 32.2 7.21132
    endloop
  endfacet
  facet normal -0.790066 0 -0.613022
    outer loop
      vertex 2.30654 26.3 7.42632
      vertex 2.27188 32.2 7.47099
      vertex 2.30654 32.2 7.42632
    endloop
  endfacet
  facet normal -0.790066 -0 -0.613022
    outer loop
      vertex 2.27188 32.2 7.47099
      vertex 2.30654 26.3 7.42632
      vertex 2.27188 26.3 7.47099
    endloop
  endfacet
  facet normal 0.397225 0 0.917721
    outer loop
      vertex 3.33131 32.2 8.8368
      vertex 3.3832 26.3 8.81434
      vertex 3.3832 32.2 8.81434
    endloop
  endfacet
  facet normal 0.397225 0 0.917721
    outer loop
      vertex 3.3832 26.3 8.81434
      vertex 3.33131 32.2 8.8368
      vertex 3.33131 26.3 8.8368
    endloop
  endfacet
  facet normal 0.827203 -0 0.561904
    outer loop
      vertex 3.72812 26.3 8.52901
      vertex 3.75989 32.2 8.48224
      vertex 3.72812 32.2 8.52901
    endloop
  endfacet
  facet normal 0.827203 0 0.561904
    outer loop
      vertex 3.75989 32.2 8.48224
      vertex 3.72812 26.3 8.52901
      vertex 3.75989 26.3 8.48224
    endloop
  endfacet
  facet normal -0.561904 0 0.827203
    outer loop
      vertex 2.47099 32.2 8.72812
      vertex 2.51776 26.3 8.75989
      vertex 2.51776 32.2 8.75989
    endloop
  endfacet
  facet normal -0.561904 0 0.827203
    outer loop
      vertex 2.51776 26.3 8.75989
      vertex 2.47099 32.2 8.72812
      vertex 2.47099 26.3 8.72812
    endloop
  endfacet
  facet normal -0.397225 0 -0.917721
    outer loop
      vertex 2.6168 26.3 7.18566
      vertex 2.66869 32.2 7.1632
      vertex 2.66869 26.3 7.1632
    endloop
  endfacet
  facet normal -0.397225 0 -0.917721
    outer loop
      vertex 2.66869 32.2 7.1632
      vertex 2.6168 26.3 7.18566
      vertex 2.6168 32.2 7.18566
    endloop
  endfacet
  facet normal -0.827121 0 -0.562025
    outer loop
      vertex 2.27188 26.3 7.47099
      vertex 2.2401 32.2 7.51776
      vertex 2.27188 32.2 7.47099
    endloop
  endfacet
  facet normal -0.827121 -0 -0.562025
    outer loop
      vertex 2.2401 32.2 7.51776
      vertex 2.27188 26.3 7.47099
      vertex 2.2401 26.3 7.51776
    endloop
  endfacet
  facet normal 0.917721 -0 0.397225
    outer loop
      vertex 3.81434 26.3 8.3832
      vertex 3.8368 32.2 8.33131
      vertex 3.81434 32.2 8.3832
    endloop
  endfacet
  facet normal 0.917721 0 0.397225
    outer loop
      vertex 3.8368 32.2 8.33131
      vertex 3.81434 26.3 8.3832
      vertex 3.8368 26.3 8.33131
    endloop
  endfacet
  facet normal -0.218073 0 -0.975933
    outer loop
      vertex 2.77618 26.3 7.12827
      vertex 2.83136 32.2 7.11594
      vertex 2.83136 26.3 7.11594
    endloop
  endfacet
  facet normal -0.218073 0 -0.975933
    outer loop
      vertex 2.83136 32.2 7.11594
      vertex 2.77618 26.3 7.12827
      vertex 2.77618 32.2 7.12827
    endloop
  endfacet
  facet normal -0.613022 0 0.790066
    outer loop
      vertex 2.42632 32.2 8.69346
      vertex 2.47099 26.3 8.72812
      vertex 2.47099 32.2 8.72812
    endloop
  endfacet
  facet normal -0.613022 0 0.790066
    outer loop
      vertex 2.47099 26.3 8.72812
      vertex 2.42632 32.2 8.69346
      vertex 2.42632 26.3 8.69346
    endloop
  endfacet
  facet normal 0.218073 0 -0.975933
    outer loop
      vertex 3.16864 26.3 7.11594
      vertex 3.22382 32.2 7.12827
      vertex 3.22382 26.3 7.12827
    endloop
  endfacet
  facet normal 0.218073 0 -0.975933
    outer loop
      vertex 3.22382 32.2 7.12827
      vertex 3.16864 26.3 7.11594
      vertex 3.16864 32.2 7.11594
    endloop
  endfacet
  facet normal 0.827203 0 -0.561904
    outer loop
      vertex 3.75989 26.3 7.51776
      vertex 3.72812 32.2 7.47099
      vertex 3.75989 32.2 7.51776
    endloop
  endfacet
  facet normal 0.827203 0 -0.561904
    outer loop
      vertex 3.72812 32.2 7.47099
      vertex 3.75989 26.3 7.51776
      vertex 3.72812 26.3 7.47099
    endloop
  endfacet
  facet normal 0.940878 -0 0.338745
    outer loop
      vertex 3.8368 26.3 8.33131
      vertex 3.85595 32.2 8.27812
      vertex 3.8368 32.2 8.33131
    endloop
  endfacet
  facet normal 0.940878 0 0.338745
    outer loop
      vertex 3.85595 32.2 8.27812
      vertex 3.8368 26.3 8.33131
      vertex 3.85595 26.3 8.27812
    endloop
  endfacet
  facet normal 0.0940913 0 -0.995564
    outer loop
      vertex 3.05651 26.3 7.10178
      vertex 3.1128 32.2 7.1071
      vertex 3.1128 26.3 7.1071
    endloop
  endfacet
  facet normal 0.0940913 0 -0.995564
    outer loop
      vertex 3.1128 32.2 7.1071
      vertex 3.05651 26.3 7.10178
      vertex 3.05651 32.2 7.10178
    endloop
  endfacet
  facet normal -0.917721 0 -0.397225
    outer loop
      vertex 2.18566 26.3 7.6168
      vertex 2.1632 32.2 7.66869
      vertex 2.18566 32.2 7.6168
    endloop
  endfacet
  facet normal -0.917721 -0 -0.397225
    outer loop
      vertex 2.1632 32.2 7.66869
      vertex 2.18566 26.3 7.6168
      vertex 2.1632 26.3 7.66869
    endloop
  endfacet
  facet normal -0.975933 0 0.218073
    outer loop
      vertex 2.11594 26.3 8.16864
      vertex 2.12827 32.2 8.22382
      vertex 2.11594 32.2 8.16864
    endloop
  endfacet
  facet normal -0.975933 0 0.218073
    outer loop
      vertex 2.12827 32.2 8.22382
      vertex 2.11594 26.3 8.16864
      vertex 2.12827 26.3 8.22382
    endloop
  endfacet
  facet normal -0.707107 0 0.707107
    outer loop
      vertex 2.34393 26.3 8.61609
      vertex 2.38391 32.2 8.65607
      vertex 2.34393 32.2 8.61609
    endloop
  endfacet
  facet normal -0.707107 0 0.707107
    outer loop
      vertex 2.38391 32.2 8.65607
      vertex 2.34393 26.3 8.61609
      vertex 2.38391 26.3 8.65607
    endloop
  endfacet
  facet normal -0.279063 0 -0.960273
    outer loop
      vertex 2.72188 26.3 7.14405
      vertex 2.77618 32.2 7.12827
      vertex 2.77618 26.3 7.12827
    endloop
  endfacet
  facet normal -0.279063 0 -0.960273
    outer loop
      vertex 2.77618 32.2 7.12827
      vertex 2.72188 26.3 7.14405
      vertex 2.72188 32.2 7.14405
    endloop
  endfacet
  facet normal 0.156362 0 -0.9877
    outer loop
      vertex 3.1128 26.3 7.1071
      vertex 3.16864 32.2 7.11594
      vertex 3.16864 26.3 7.11594
    endloop
  endfacet
  facet normal 0.156362 0 -0.9877
    outer loop
      vertex 3.16864 32.2 7.11594
      vertex 3.1128 26.3 7.1071
      vertex 3.1128 32.2 7.1071
    endloop
  endfacet
  facet normal 0.9877 -0 0.156362
    outer loop
      vertex 3.88406 26.3 8.16864
      vertex 3.8929 32.2 8.1128
      vertex 3.88406 32.2 8.16864
    endloop
  endfacet
  facet normal 0.9877 0 0.156362
    outer loop
      vertex 3.8929 32.2 8.1128
      vertex 3.88406 26.3 8.16864
      vertex 3.8929 26.3 8.1128
    endloop
  endfacet
  facet normal 0.397225 0 -0.917721
    outer loop
      vertex 3.33131 26.3 7.1632
      vertex 3.3832 32.2 7.18566
      vertex 3.3832 26.3 7.18566
    endloop
  endfacet
  facet normal 0.397225 0 -0.917721
    outer loop
      vertex 3.3832 32.2 7.18566
      vertex 3.33131 26.3 7.1632
      vertex 3.33131 32.2 7.1632
    endloop
  endfacet
  facet normal 0.218241 0 0.975895
    outer loop
      vertex 3.16864 32.2 8.88406
      vertex 3.22382 26.3 8.87172
      vertex 3.22382 32.2 8.87172
    endloop
  endfacet
  facet normal 0.218241 0 0.975895
    outer loop
      vertex 3.22382 26.3 8.87172
      vertex 3.16864 32.2 8.88406
      vertex 3.16864 26.3 8.88406
    endloop
  endfacet
  facet normal -0.661317 0 0.750106
    outer loop
      vertex 2.38391 32.2 8.65607
      vertex 2.42632 26.3 8.69346
      vertex 2.42632 32.2 8.69346
    endloop
  endfacet
  facet normal -0.661317 0 0.750106
    outer loop
      vertex 2.42632 26.3 8.69346
      vertex 2.38391 32.2 8.65607
      vertex 2.38391 26.3 8.65607
    endloop
  endfacet
  facet normal 0 1 0
    outer loop
      vertex 3.05651 32.2 8.89822
      vertex 2.94349 32.2 8.89822
      vertex 3 32.2 8.9
    endloop
  endfacet
  facet normal 0 1 0
    outer loop
      vertex 3.1128 32.2 8.8929
      vertex 2.94349 32.2 8.89822
      vertex 3.05651 32.2 8.89822
    endloop
  endfacet
  facet normal 0 1 0
    outer loop
      vertex 3.1128 32.2 8.8929
      vertex 2.8872 32.2 8.8929
      vertex 2.94349 32.2 8.89822
    endloop
  endfacet
  facet normal 0 1 0
    outer loop
      vertex 3.16864 32.2 8.88406
      vertex 2.8872 32.2 8.8929
      vertex 3.1128 32.2 8.8929
    endloop
  endfacet
  facet normal 0 1 0
    outer loop
      vertex 3.16864 32.2 8.88406
      vertex 2.83136 32.2 8.88406
      vertex 2.8872 32.2 8.8929
    endloop
  endfacet
  facet normal 0 1 0
    outer loop
      vertex 3.22382 32.2 8.87172
      vertex 2.83136 32.2 8.88406
      vertex 3.16864 32.2 8.88406
    endloop
  endfacet
  facet normal 0 1 0
    outer loop
      vertex 3.22382 32.2 8.87172
      vertex 2.77618 32.2 8.87172
      vertex 2.83136 32.2 8.88406
    endloop
  endfacet
  facet normal 0 1 0
    outer loop
      vertex 3.27812 32.2 8.85595
      vertex 2.77618 32.2 8.87172
      vertex 3.22382 32.2 8.87172
    endloop
  endfacet
  facet normal 0 1 0
    outer loop
      vertex 3.27812 32.2 8.85595
      vertex 2.72188 32.2 8.85595
      vertex 2.77618 32.2 8.87172
    endloop
  endfacet
  facet normal 0 1 0
    outer loop
      vertex 3.33131 32.2 8.8368
      vertex 2.72188 32.2 8.85595
      vertex 3.27812 32.2 8.85595
    endloop
  endfacet
  facet normal 0 1 0
    outer loop
      vertex 3.33131 32.2 8.8368
      vertex 2.66869 32.2 8.8368
      vertex 2.72188 32.2 8.85595
    endloop
  endfacet
  facet normal 0 1 0
    outer loop
      vertex 3.3832 32.2 8.81434
      vertex 2.66869 32.2 8.8368
      vertex 3.33131 32.2 8.8368
    endloop
  endfacet
  facet normal 0 1 0
    outer loop
      vertex 3.3832 32.2 8.81434
      vertex 2.6168 32.2 8.81434
      vertex 2.66869 32.2 8.8368
    endloop
  endfacet
  facet normal 0 1 0
    outer loop
      vertex 3.43358 32.2 8.78868
      vertex 2.6168 32.2 8.81434
      vertex 3.3832 32.2 8.81434
    endloop
  endfacet
  facet normal 0 1 0
    outer loop
      vertex 3.43358 32.2 8.78868
      vertex 2.56642 32.2 8.78868
      vertex 2.6168 32.2 8.81434
    endloop
  endfacet
  facet normal 0 1 0
    outer loop
      vertex 3.48224 32.2 8.75989
      vertex 2.56642 32.2 8.78868
      vertex 3.43358 32.2 8.78868
    endloop
  endfacet
  facet normal 0 1 0
    outer loop
      vertex 3.48224 32.2 8.75989
      vertex 2.51776 32.2 8.75989
      vertex 2.56642 32.2 8.78868
    endloop
  endfacet
  facet normal 0 1 0
    outer loop
      vertex 3.52901 32.2 8.72812
      vertex 2.51776 32.2 8.75989
      vertex 3.48224 32.2 8.75989
    endloop
  endfacet
  facet normal 0 1 0
    outer loop
      vertex 3.52901 32.2 8.72812
      vertex 2.47099 32.2 8.72812
      vertex 2.51776 32.2 8.75989
    endloop
  endfacet
  facet normal 0 1 0
    outer loop
      vertex 3.57368 32.2 8.69346
      vertex 2.47099 32.2 8.72812
      vertex 3.52901 32.2 8.72812
    endloop
  endfacet
  facet normal 0 1 0
    outer loop
      vertex 3.57368 32.2 8.69346
      vertex 2.42632 32.2 8.69346
      vertex 2.47099 32.2 8.72812
    endloop
  endfacet
  facet normal 0 1 0
    outer loop
      vertex 3.61609 32.2 8.65607
      vertex 2.42632 32.2 8.69346
      vertex 3.57368 32.2 8.69346
    endloop
  endfacet
  facet normal 0 1 0
    outer loop
      vertex 3.61609 32.2 8.65607
      vertex 2.38391 32.2 8.65607
      vertex 2.42632 32.2 8.69346
    endloop
  endfacet
  facet normal 0 1 0
    outer loop
      vertex 3.65607 32.2 8.61609
      vertex 2.38391 32.2 8.65607
      vertex 3.61609 32.2 8.65607
    endloop
  endfacet
  facet normal 0 1 0
    outer loop
      vertex 3.65607 32.2 8.61609
      vertex 2.34393 32.2 8.61609
      vertex 2.38391 32.2 8.65607
    endloop
  endfacet
  facet normal 0 1 0
    outer loop
      vertex 3.69346 32.2 8.57368
      vertex 2.34393 32.2 8.61609
      vertex 3.65607 32.2 8.61609
    endloop
  endfacet
  facet normal 0 1 0
    outer loop
      vertex 3.69346 32.2 8.57368
      vertex 2.30654 32.2 8.57368
      vertex 2.34393 32.2 8.61609
    endloop
  endfacet
  facet normal 0 1 0
    outer loop
      vertex 3.72812 32.2 8.52901
      vertex 2.30654 32.2 8.57368
      vertex 3.69346 32.2 8.57368
    endloop
  endfacet
  facet normal 0 1 0
    outer loop
      vertex 3.72812 32.2 8.52901
      vertex 2.27188 32.2 8.52901
      vertex 2.30654 32.2 8.57368
    endloop
  endfacet
  facet normal 0 1 0
    outer loop
      vertex 3.75989 32.2 8.48224
      vertex 2.27188 32.2 8.52901
      vertex 3.72812 32.2 8.52901
    endloop
  endfacet
  facet normal 0 1 0
    outer loop
      vertex 3.75989 32.2 8.48224
      vertex 2.2401 32.2 8.48224
      vertex 2.27188 32.2 8.52901
    endloop
  endfacet
  facet normal 0 1 0
    outer loop
      vertex 3.78868 32.2 8.43358
      vertex 2.2401 32.2 8.48224
      vertex 3.75989 32.2 8.48224
    endloop
  endfacet
  facet normal 0 1 0
    outer loop
      vertex 3.78868 32.2 8.43358
      vertex 2.21132 32.2 8.43358
      vertex 2.2401 32.2 8.48224
    endloop
  endfacet
  facet normal 0 1 0
    outer loop
      vertex 3.81434 32.2 8.3832
      vertex 2.21132 32.2 8.43358
      vertex 3.78868 32.2 8.43358
    endloop
  endfacet
  facet normal 0 1 0
    outer loop
      vertex 3.81434 32.2 8.3832
      vertex 2.18566 32.2 8.3832
      vertex 2.21132 32.2 8.43358
    endloop
  endfacet
  facet normal 0 1 0
    outer loop
      vertex 3.8368 32.2 8.33131
      vertex 2.18566 32.2 8.3832
      vertex 3.81434 32.2 8.3832
    endloop
  endfacet
  facet normal 0 1 0
    outer loop
      vertex 3.8368 32.2 8.33131
      vertex 2.1632 32.2 8.33131
      vertex 2.18566 32.2 8.3832
    endloop
  endfacet
  facet normal 0 1 0
    outer loop
      vertex 3.85595 32.2 8.27812
      vertex 2.1632 32.2 8.33131
      vertex 3.8368 32.2 8.33131
    endloop
  endfacet
  facet normal 0 1 0
    outer loop
      vertex 3.85595 32.2 8.27812
      vertex 2.14405 32.2 8.27812
      vertex 2.1632 32.2 8.33131
    endloop
  endfacet
  facet normal 0 1 0
    outer loop
      vertex 3.87172 32.2 8.22382
      vertex 2.14405 32.2 8.27812
      vertex 3.85595 32.2 8.27812
    endloop
  endfacet
  facet normal 0 1 0
    outer loop
      vertex 3.87172 32.2 8.22382
      vertex 2.12827 32.2 8.22382
      vertex 2.14405 32.2 8.27812
    endloop
  endfacet
  facet normal 0 1 0
    outer loop
      vertex 3.88406 32.2 8.16864
      vertex 2.12827 32.2 8.22382
      vertex 3.87172 32.2 8.22382
    endloop
  endfacet
  facet normal 0 1 0
    outer loop
      vertex 3.88406 32.2 8.16864
      vertex 2.11594 32.2 8.16864
      vertex 2.12827 32.2 8.22382
    endloop
  endfacet
  facet normal 0 1 0
    outer loop
      vertex 3.8929 32.2 8.1128
      vertex 2.11594 32.2 8.16864
      vertex 3.88406 32.2 8.16864
    endloop
  endfacet
  facet normal 0 1 0
    outer loop
      vertex 3.8929 32.2 8.1128
      vertex 2.1071 32.2 8.1128
      vertex 2.11594 32.2 8.16864
    endloop
  endfacet
  facet normal 0 1 0
    outer loop
      vertex 3.89822 32.2 8.05651
      vertex 2.1071 32.2 8.1128
      vertex 3.8929 32.2 8.1128
    endloop
  endfacet
  facet normal 0 1 0
    outer loop
      vertex 3.89822 32.2 8.05651
      vertex 2.10178 32.2 8.05651
      vertex 2.1071 32.2 8.1128
    endloop
  endfacet
  facet normal 0 1 0
    outer loop
      vertex 3.9 32.2 8
      vertex 2.10178 32.2 8.05651
      vertex 3.89822 32.2 8.05651
    endloop
  endfacet
  facet normal 0 1 0
    outer loop
      vertex 3.9 32.2 8
      vertex 2.1 32.2 8
      vertex 2.10178 32.2 8.05651
    endloop
  endfacet
  facet normal 0 1 -0
    outer loop
      vertex 3.89822 32.2 7.94349
      vertex 2.1 32.2 8
      vertex 3.9 32.2 8
    endloop
  endfacet
  facet normal 0 1 0
    outer loop
      vertex 3.89822 32.2 7.94349
      vertex 2.10178 32.2 7.94349
      vertex 2.1 32.2 8
    endloop
  endfacet
  facet normal 0 1 -0
    outer loop
      vertex 3.8929 32.2 7.8872
      vertex 2.10178 32.2 7.94349
      vertex 3.89822 32.2 7.94349
    endloop
  endfacet
  facet normal 0 1 0
    outer loop
      vertex 3.8929 32.2 7.8872
      vertex 2.1071 32.2 7.8872
      vertex 2.10178 32.2 7.94349
    endloop
  endfacet
  facet normal 0 1 -0
    outer loop
      vertex 3.88406 32.2 7.83136
      vertex 2.1071 32.2 7.8872
      vertex 3.8929 32.2 7.8872
    endloop
  endfacet
  facet normal 0 1 0
    outer loop
      vertex 3.88406 32.2 7.83136
      vertex 2.11594 32.2 7.83136
      vertex 2.1071 32.2 7.8872
    endloop
  endfacet
  facet normal 0 1 -0
    outer loop
      vertex 3.87172 32.2 7.77618
      vertex 2.11594 32.2 7.83136
      vertex 3.88406 32.2 7.83136
    endloop
  endfacet
  facet normal 0 1 0
    outer loop
      vertex 3.87172 32.2 7.77618
      vertex 2.12827 32.2 7.77618
      vertex 2.11594 32.2 7.83136
    endloop
  endfacet
  facet normal 0 1 -0
    outer loop
      vertex 3.85595 32.2 7.72188
      vertex 2.12827 32.2 7.77618
      vertex 3.87172 32.2 7.77618
    endloop
  endfacet
  facet normal 0 1 0
    outer loop
      vertex 3.85595 32.2 7.72188
      vertex 2.14405 32.2 7.72188
      vertex 2.12827 32.2 7.77618
    endloop
  endfacet
  facet normal 0 1 -0
    outer loop
      vertex 3.8368 32.2 7.66869
      vertex 2.14405 32.2 7.72188
      vertex 3.85595 32.2 7.72188
    endloop
  endfacet
  facet normal 0 1 0
    outer loop
      vertex 3.8368 32.2 7.66869
      vertex 2.1632 32.2 7.66869
      vertex 2.14405 32.2 7.72188
    endloop
  endfacet
  facet normal 0 1 -0
    outer loop
      vertex 3.81434 32.2 7.6168
      vertex 2.1632 32.2 7.66869
      vertex 3.8368 32.2 7.66869
    endloop
  endfacet
  facet normal 0 1 0
    outer loop
      vertex 3.81434 32.2 7.6168
      vertex 2.18566 32.2 7.6168
      vertex 2.1632 32.2 7.66869
    endloop
  endfacet
  facet normal 0 1 -0
    outer loop
      vertex 3.78868 32.2 7.56642
      vertex 2.18566 32.2 7.6168
      vertex 3.81434 32.2 7.6168
    endloop
  endfacet
  facet normal 0 1 0
    outer loop
      vertex 3.78868 32.2 7.56642
      vertex 2.21132 32.2 7.56642
      vertex 2.18566 32.2 7.6168
    endloop
  endfacet
  facet normal 0 1 -0
    outer loop
      vertex 3.75989 32.2 7.51776
      vertex 2.21132 32.2 7.56642
      vertex 3.78868 32.2 7.56642
    endloop
  endfacet
  facet normal 0 1 0
    outer loop
      vertex 3.75989 32.2 7.51776
      vertex 2.2401 32.2 7.51776
      vertex 2.21132 32.2 7.56642
    endloop
  endfacet
  facet normal 0 1 -0
    outer loop
      vertex 3.72812 32.2 7.47099
      vertex 2.2401 32.2 7.51776
      vertex 3.75989 32.2 7.51776
    endloop
  endfacet
  facet normal 0 1 0
    outer loop
      vertex 3.72812 32.2 7.47099
      vertex 2.27188 32.2 7.47099
      vertex 2.2401 32.2 7.51776
    endloop
  endfacet
  facet normal 0 1 -0
    outer loop
      vertex 3.69346 32.2 7.42632
      vertex 2.27188 32.2 7.47099
      vertex 3.72812 32.2 7.47099
    endloop
  endfacet
  facet normal 0 1 0
    outer loop
      vertex 3.69346 32.2 7.42632
      vertex 2.30654 32.2 7.42632
      vertex 2.27188 32.2 7.47099
    endloop
  endfacet
  facet normal 0 1 -0
    outer loop
      vertex 3.65607 32.2 7.38391
      vertex 2.30654 32.2 7.42632
      vertex 3.69346 32.2 7.42632
    endloop
  endfacet
  facet normal 0 1 0
    outer loop
      vertex 3.65607 32.2 7.38391
      vertex 2.34393 32.2 7.38391
      vertex 2.30654 32.2 7.42632
    endloop
  endfacet
  facet normal 0 1 -0
    outer loop
      vertex 3.61609 32.2 7.34393
      vertex 2.34393 32.2 7.38391
      vertex 3.65607 32.2 7.38391
    endloop
  endfacet
  facet normal 0 1 0
    outer loop
      vertex 3.61609 32.2 7.34393
      vertex 2.38391 32.2 7.34393
      vertex 2.34393 32.2 7.38391
    endloop
  endfacet
  facet normal 0 1 -0
    outer loop
      vertex 3.57368 32.2 7.30654
      vertex 2.38391 32.2 7.34393
      vertex 3.61609 32.2 7.34393
    endloop
  endfacet
  facet normal 0 1 0
    outer loop
      vertex 3.57368 32.2 7.30654
      vertex 2.42632 32.2 7.30654
      vertex 2.38391 32.2 7.34393
    endloop
  endfacet
  facet normal 0 1 -0
    outer loop
      vertex 3.52901 32.2 7.27188
      vertex 2.42632 32.2 7.30654
      vertex 3.57368 32.2 7.30654
    endloop
  endfacet
  facet normal 0 1 0
    outer loop
      vertex 3.52901 32.2 7.27188
      vertex 2.47099 32.2 7.27188
      vertex 2.42632 32.2 7.30654
    endloop
  endfacet
  facet normal 0 1 -0
    outer loop
      vertex 3.48224 32.2 7.2401
      vertex 2.47099 32.2 7.27188
      vertex 3.52901 32.2 7.27188
    endloop
  endfacet
  facet normal 0 1 0
    outer loop
      vertex 3.48224 32.2 7.2401
      vertex 2.51776 32.2 7.2401
      vertex 2.47099 32.2 7.27188
    endloop
  endfacet
  facet normal 0 1 -0
    outer loop
      vertex 3.43358 32.2 7.21132
      vertex 2.51776 32.2 7.2401
      vertex 3.48224 32.2 7.2401
    endloop
  endfacet
  facet normal 0 1 0
    outer loop
      vertex 3.43358 32.2 7.21132
      vertex 2.56642 32.2 7.21132
      vertex 2.51776 32.2 7.2401
    endloop
  endfacet
  facet normal 0 1 -0
    outer loop
      vertex 3.3832 32.2 7.18566
      vertex 2.56642 32.2 7.21132
      vertex 3.43358 32.2 7.21132
    endloop
  endfacet
  facet normal 0 1 0
    outer loop
      vertex 3.3832 32.2 7.18566
      vertex 2.6168 32.2 7.18566
      vertex 2.56642 32.2 7.21132
    endloop
  endfacet
  facet normal 0 1 -0
    outer loop
      vertex 3.33131 32.2 7.1632
      vertex 2.6168 32.2 7.18566
      vertex 3.3832 32.2 7.18566
    endloop
  endfacet
  facet normal 0 1 0
    outer loop
      vertex 3.33131 32.2 7.1632
      vertex 2.66869 32.2 7.1632
      vertex 2.6168 32.2 7.18566
    endloop
  endfacet
  facet normal 0 1 -0
    outer loop
      vertex 3.27812 32.2 7.14405
      vertex 2.66869 32.2 7.1632
      vertex 3.33131 32.2 7.1632
    endloop
  endfacet
  facet normal 0 1 0
    outer loop
      vertex 3.27812 32.2 7.14405
      vertex 2.72188 32.2 7.14405
      vertex 2.66869 32.2 7.1632
    endloop
  endfacet
  facet normal 0 1 -0
    outer loop
      vertex 3.22382 32.2 7.12827
      vertex 2.72188 32.2 7.14405
      vertex 3.27812 32.2 7.14405
    endloop
  endfacet
  facet normal 0 1 0
    outer loop
      vertex 3.22382 32.2 7.12827
      vertex 2.77618 32.2 7.12827
      vertex 2.72188 32.2 7.14405
    endloop
  endfacet
  facet normal 0 1 -0
    outer loop
      vertex 3.16864 32.2 7.11594
      vertex 2.77618 32.2 7.12827
      vertex 3.22382 32.2 7.12827
    endloop
  endfacet
  facet normal 0 1 0
    outer loop
      vertex 3.16864 32.2 7.11594
      vertex 2.83136 32.2 7.11594
      vertex 2.77618 32.2 7.12827
    endloop
  endfacet
  facet normal 0 1 -0
    outer loop
      vertex 3.1128 32.2 7.1071
      vertex 2.83136 32.2 7.11594
      vertex 3.16864 32.2 7.11594
    endloop
  endfacet
  facet normal 0 1 0
    outer loop
      vertex 3.1128 32.2 7.1071
      vertex 2.8872 32.2 7.1071
      vertex 2.83136 32.2 7.11594
    endloop
  endfacet
  facet normal 0 1 -0
    outer loop
      vertex 3.05651 32.2 7.10178
      vertex 2.8872 32.2 7.1071
      vertex 3.1128 32.2 7.1071
    endloop
  endfacet
  facet normal 0 1 0
    outer loop
      vertex 3.05651 32.2 7.10178
      vertex 2.94349 32.2 7.10178
      vertex 2.8872 32.2 7.1071
    endloop
  endfacet
  facet normal -0 1 0
    outer loop
      vertex 2.94349 32.2 7.10178
      vertex 3.05651 32.2 7.10178
      vertex 3 32.2 7.1
    endloop
  endfacet
  facet normal -0.0314832 0 0.999504
    outer loop
      vertex 2.94349 32.2 8.89822
      vertex 3 26.3 8.9
      vertex 3 32.2 8.9
    endloop
  endfacet
  facet normal -0.0314832 0 0.999504
    outer loop
      vertex 3 26.3 8.9
      vertex 2.94349 32.2 8.89822
      vertex 2.94349 26.3 8.89822
    endloop
  endfacet
  facet normal 0.975895 -0 0.218241
    outer loop
      vertex 3.87172 26.3 8.22382
      vertex 3.88406 32.2 8.16864
      vertex 3.87172 32.2 8.22382
    endloop
  endfacet
  facet normal 0.975895 0 0.218241
    outer loop
      vertex 3.88406 32.2 8.16864
      vertex 3.87172 26.3 8.22382
      vertex 3.88406 26.3 8.16864
    endloop
  endfacet
  facet normal 0.860645 -0 0.509206
    outer loop
      vertex 3.75989 26.3 8.48224
      vertex 3.78868 32.2 8.43358
      vertex 3.75989 32.2 8.48224
    endloop
  endfacet
  facet normal 0.860645 0 0.509206
    outer loop
      vertex 3.78868 32.2 8.43358
      vertex 3.75989 26.3 8.48224
      vertex 3.78868 26.3 8.43358
    endloop
  endfacet
  facet normal 0.661317 0 0.750106
    outer loop
      vertex 3.57368 32.2 8.69346
      vertex 3.61609 26.3 8.65607
      vertex 3.61609 32.2 8.65607
    endloop
  endfacet
  facet normal 0.661317 0 0.750106
    outer loop
      vertex 3.61609 26.3 8.65607
      vertex 3.57368 32.2 8.69346
      vertex 3.57368 26.3 8.69346
    endloop
  endfacet
  facet normal 0.453852 0 -0.891077
    outer loop
      vertex 3.3832 26.3 7.18566
      vertex 3.43358 32.2 7.21132
      vertex 3.43358 26.3 7.21132
    endloop
  endfacet
  facet normal 0.453852 0 -0.891077
    outer loop
      vertex 3.43358 32.2 7.21132
      vertex 3.3832 26.3 7.18566
      vertex 3.3832 32.2 7.18566
    endloop
  endfacet
  facet normal -0.995564 0 -0.0940913
    outer loop
      vertex 2.1071 26.3 7.8872
      vertex 2.10178 32.2 7.94349
      vertex 2.1071 32.2 7.8872
    endloop
  endfacet
  facet normal -0.995564 -0 -0.0940913
    outer loop
      vertex 2.10178 32.2 7.94349
      vertex 2.1071 26.3 7.8872
      vertex 2.10178 26.3 7.94349
    endloop
  endfacet
  facet normal 0.2789 0 0.96032
    outer loop
      vertex 3.22382 32.2 8.87172
      vertex 3.27812 26.3 8.85595
      vertex 3.27812 32.2 8.85595
    endloop
  endfacet
  facet normal 0.2789 0 0.96032
    outer loop
      vertex 3.27812 26.3 8.85595
      vertex 3.22382 32.2 8.87172
      vertex 3.22382 26.3 8.87172
    endloop
  endfacet
  facet normal 0.940878 0 -0.338745
    outer loop
      vertex 3.85595 26.3 7.72188
      vertex 3.8368 32.2 7.66869
      vertex 3.85595 32.2 7.72188
    endloop
  endfacet
  facet normal 0.940878 0 -0.338745
    outer loop
      vertex 3.8368 32.2 7.66869
      vertex 3.85595 26.3 7.72188
      vertex 3.8368 26.3 7.66869
    endloop
  endfacet
  facet normal 0.561904 0 0.827203
    outer loop
      vertex 3.48224 32.2 8.75989
      vertex 3.52901 26.3 8.72812
      vertex 3.52901 32.2 8.72812
    endloop
  endfacet
  facet normal 0.561904 0 0.827203
    outer loop
      vertex 3.52901 26.3 8.72812
      vertex 3.48224 32.2 8.75989
      vertex 3.48224 26.3 8.75989
    endloop
  endfacet
  facet normal -0.397225 0 0.917721
    outer loop
      vertex 2.6168 32.2 8.81434
      vertex 2.66869 26.3 8.8368
      vertex 2.66869 32.2 8.8368
    endloop
  endfacet
  facet normal -0.397225 0 0.917721
    outer loop
      vertex 2.66869 26.3 8.8368
      vertex 2.6168 32.2 8.81434
      vertex 2.6168 26.3 8.81434
    endloop
  endfacet
  facet normal -0.613022 0 -0.790066
    outer loop
      vertex 2.42632 26.3 7.30654
      vertex 2.47099 32.2 7.27188
      vertex 2.47099 26.3 7.27188
    endloop
  endfacet
  facet normal -0.613022 0 -0.790066
    outer loop
      vertex 2.47099 32.2 7.27188
      vertex 2.42632 26.3 7.30654
      vertex 2.42632 32.2 7.30654
    endloop
  endfacet
  facet normal 0.0314832 0 -0.999504
    outer loop
      vertex 3 26.3 7.1
      vertex 3.05651 32.2 7.10178
      vertex 3.05651 26.3 7.10178
    endloop
  endfacet
  facet normal 0.0314832 0 -0.999504
    outer loop
      vertex 3.05651 32.2 7.10178
      vertex 3 26.3 7.1
      vertex 3 32.2 7.1
    endloop
  endfacet
  facet normal 0.860645 0 -0.509206
    outer loop
      vertex 3.78868 26.3 7.56642
      vertex 3.75989 32.2 7.51776
      vertex 3.78868 32.2 7.56642
    endloop
  endfacet
  facet normal 0.860645 0 -0.509206
    outer loop
      vertex 3.75989 32.2 7.51776
      vertex 3.78868 26.3 7.56642
      vertex 3.75989 26.3 7.51776
    endloop
  endfacet
  facet normal -0.790066 0 0.613022
    outer loop
      vertex 2.27188 26.3 8.52901
      vertex 2.30654 32.2 8.57368
      vertex 2.27188 32.2 8.52901
    endloop
  endfacet
  facet normal -0.790066 0 0.613022
    outer loop
      vertex 2.30654 32.2 8.57368
      vertex 2.27188 26.3 8.52901
      vertex 2.30654 26.3 8.57368
    endloop
  endfacet
  facet normal 0.707107 -0 0.707107
    outer loop
      vertex 3.61609 26.3 8.65607
      vertex 3.65607 32.2 8.61609
      vertex 3.61609 32.2 8.65607
    endloop
  endfacet
  facet normal 0.707107 0 0.707107
    outer loop
      vertex 3.65607 32.2 8.61609
      vertex 3.61609 26.3 8.65607
      vertex 3.65607 26.3 8.61609
    endloop
  endfacet
  facet normal 0.790066 0 -0.613022
    outer loop
      vertex 3.72812 26.3 7.47099
      vertex 3.69346 32.2 7.42632
      vertex 3.72812 32.2 7.47099
    endloop
  endfacet
  facet normal 0.790066 0 -0.613022
    outer loop
      vertex 3.69346 32.2 7.42632
      vertex 3.72812 26.3 7.47099
      vertex 3.69346 26.3 7.42632
    endloop
  endfacet
  facet normal -0.940878 0 -0.338745
    outer loop
      vertex 2.1632 26.3 7.66869
      vertex 2.14405 32.2 7.72188
      vertex 2.1632 32.2 7.66869
    endloop
  endfacet
  facet normal -0.940878 -0 -0.338745
    outer loop
      vertex 2.14405 32.2 7.72188
      vertex 2.1632 26.3 7.66869
      vertex 2.14405 26.3 7.72188
    endloop
  endfacet
  facet normal -0.827121 0 0.562025
    outer loop
      vertex 2.2401 26.3 8.48224
      vertex 2.27188 32.2 8.52901
      vertex 2.2401 32.2 8.48224
    endloop
  endfacet
  facet normal -0.827121 0 0.562025
    outer loop
      vertex 2.27188 32.2 8.52901
      vertex 2.2401 26.3 8.48224
      vertex 2.27188 26.3 8.52901
    endloop
  endfacet
  facet normal 0.891077 -0 0.453852
    outer loop
      vertex 3.78868 26.3 8.43358
      vertex 3.81434 32.2 8.3832
      vertex 3.78868 32.2 8.43358
    endloop
  endfacet
  facet normal 0.891077 0 0.453852
    outer loop
      vertex 3.81434 32.2 8.3832
      vertex 3.78868 26.3 8.43358
      vertex 3.81434 26.3 8.3832
    endloop
  endfacet
  facet normal -0.0314832 0 -0.999504
    outer loop
      vertex 2.94349 26.3 7.10178
      vertex 3 32.2 7.1
      vertex 3 26.3 7.1
    endloop
  endfacet
  facet normal -0.0314832 0 -0.999504
    outer loop
      vertex 3 32.2 7.1
      vertex 2.94349 26.3 7.10178
      vertex 2.94349 32.2 7.10178
    endloop
  endfacet
  facet normal -0.509075 0 -0.860722
    outer loop
      vertex 2.51776 26.3 7.2401
      vertex 2.56642 32.2 7.21132
      vertex 2.56642 26.3 7.21132
    endloop
  endfacet
  facet normal -0.509075 0 -0.860722
    outer loop
      vertex 2.56642 32.2 7.21132
      vertex 2.51776 26.3 7.2401
      vertex 2.51776 32.2 7.2401
    endloop
  endfacet
  facet normal -0.0940913 0 -0.995564
    outer loop
      vertex 2.8872 26.3 7.1071
      vertex 2.94349 32.2 7.10178
      vertex 2.94349 26.3 7.10178
    endloop
  endfacet
  facet normal -0.0940913 0 -0.995564
    outer loop
      vertex 2.94349 32.2 7.10178
      vertex 2.8872 26.3 7.1071
      vertex 2.8872 32.2 7.1071
    endloop
  endfacet
  facet normal 0.750106 0 -0.661317
    outer loop
      vertex 3.69346 26.3 7.42632
      vertex 3.65607 32.2 7.38391
      vertex 3.69346 32.2 7.42632
    endloop
  endfacet
  facet normal 0.750106 0 -0.661317
    outer loop
      vertex 3.65607 32.2 7.38391
      vertex 3.69346 26.3 7.42632
      vertex 3.65607 26.3 7.38391
    endloop
  endfacet
  facet normal -0.707107 0 -0.707107
    outer loop
      vertex 2.38391 26.3 7.34393
      vertex 2.34393 32.2 7.38391
      vertex 2.38391 32.2 7.34393
    endloop
  endfacet
  facet normal -0.707107 -0 -0.707107
    outer loop
      vertex 2.34393 32.2 7.38391
      vertex 2.38391 26.3 7.34393
      vertex 2.34393 26.3 7.38391
    endloop
  endfacet
  facet normal -0.453852 0 0.891077
    outer loop
      vertex 2.56642 32.2 8.78868
      vertex 2.6168 26.3 8.81434
      vertex 2.6168 32.2 8.81434
    endloop
  endfacet
  facet normal -0.453852 0 0.891077
    outer loop
      vertex 2.6168 26.3 8.81434
      vertex 2.56642 32.2 8.78868
      vertex 2.56642 26.3 8.78868
    endloop
  endfacet
  facet normal -0.338745 0 0.940878
    outer loop
      vertex 2.66869 32.2 8.8368
      vertex 2.72188 26.3 8.85595
      vertex 2.72188 32.2 8.85595
    endloop
  endfacet
  facet normal -0.338745 0 0.940878
    outer loop
      vertex 2.72188 26.3 8.85595
      vertex 2.66869 32.2 8.8368
      vertex 2.66869 26.3 8.8368
    endloop
  endfacet
  facet normal -0.218241 0 0.975895
    outer loop
      vertex 2.77618 32.2 8.87172
      vertex 2.83136 26.3 8.88406
      vertex 2.83136 32.2 8.88406
    endloop
  endfacet
  facet normal -0.218241 0 0.975895
    outer loop
      vertex 2.83136 26.3 8.88406
      vertex 2.77618 32.2 8.87172
      vertex 2.77618 26.3 8.87172
    endloop
  endfacet
  facet normal -0.975933 0 -0.218073
    outer loop
      vertex 2.12827 26.3 7.77618
      vertex 2.11594 32.2 7.83136
      vertex 2.12827 32.2 7.77618
    endloop
  endfacet
  facet normal -0.975933 -0 -0.218073
    outer loop
      vertex 2.11594 32.2 7.83136
      vertex 2.12827 26.3 7.77618
      vertex 2.11594 26.3 7.83136
    endloop
  endfacet
  facet normal 0.156362 0 0.9877
    outer loop
      vertex 3.1128 32.2 8.8929
      vertex 3.16864 26.3 8.88406
      vertex 3.16864 32.2 8.88406
    endloop
  endfacet
  facet normal 0.156362 0 0.9877
    outer loop
      vertex 3.16864 26.3 8.88406
      vertex 3.1128 32.2 8.8929
      vertex 3.1128 26.3 8.8929
    endloop
  endfacet
  facet normal -0.156362 0 0.9877
    outer loop
      vertex 2.83136 32.2 8.88406
      vertex 2.8872 26.3 8.8929
      vertex 2.8872 32.2 8.8929
    endloop
  endfacet
  facet normal -0.156362 0 0.9877
    outer loop
      vertex 2.8872 26.3 8.8929
      vertex 2.83136 32.2 8.88406
      vertex 2.83136 26.3 8.88406
    endloop
  endfacet
  facet normal -0.338745 0 -0.940878
    outer loop
      vertex 2.66869 26.3 7.1632
      vertex 2.72188 32.2 7.14405
      vertex 2.72188 26.3 7.14405
    endloop
  endfacet
  facet normal -0.338745 0 -0.940878
    outer loop
      vertex 2.72188 32.2 7.14405
      vertex 2.66869 26.3 7.1632
      vertex 2.66869 32.2 7.1632
    endloop
  endfacet
  facet normal 0.995564 0 -0.0940913
    outer loop
      vertex 3.89822 26.3 7.94349
      vertex 3.8929 32.2 7.8872
      vertex 3.89822 32.2 7.94349
    endloop
  endfacet
  facet normal 0.995564 0 -0.0940913
    outer loop
      vertex 3.8929 32.2 7.8872
      vertex 3.89822 26.3 7.94349
      vertex 3.8929 26.3 7.8872
    endloop
  endfacet
  facet normal -0.2789 0 0.96032
    outer loop
      vertex 2.72188 32.2 8.85595
      vertex 2.77618 26.3 8.87172
      vertex 2.77618 32.2 8.87172
    endloop
  endfacet
  facet normal -0.2789 0 0.96032
    outer loop
      vertex 2.77618 26.3 8.87172
      vertex 2.72188 32.2 8.85595
      vertex 2.72188 26.3 8.85595
    endloop
  endfacet
  facet normal -0.891077 0 -0.453852
    outer loop
      vertex 2.21132 26.3 7.56642
      vertex 2.18566 32.2 7.6168
      vertex 2.21132 32.2 7.56642
    endloop
  endfacet
  facet normal -0.891077 -0 -0.453852
    outer loop
      vertex 2.18566 32.2 7.6168
      vertex 2.21132 26.3 7.56642
      vertex 2.18566 26.3 7.6168
    endloop
  endfacet
  facet normal 0.9877 0 -0.156362
    outer loop
      vertex 3.8929 26.3 7.8872
      vertex 3.88406 32.2 7.83136
      vertex 3.8929 32.2 7.8872
    endloop
  endfacet
  facet normal 0.9877 0 -0.156362
    outer loop
      vertex 3.88406 32.2 7.83136
      vertex 3.8929 26.3 7.8872
      vertex 3.88406 26.3 7.83136
    endloop
  endfacet
  facet normal -0.960273 0 0.279063
    outer loop
      vertex 2.12827 26.3 8.22382
      vertex 2.14405 32.2 8.27812
      vertex 2.12827 32.2 8.22382
    endloop
  endfacet
  facet normal -0.960273 0 0.279063
    outer loop
      vertex 2.14405 32.2 8.27812
      vertex 2.12827 26.3 8.22382
      vertex 2.14405 26.3 8.27812
    endloop
  endfacet
  facet normal -0.750106 0 -0.661317
    outer loop
      vertex 2.34393 26.3 7.38391
      vertex 2.30654 32.2 7.42632
      vertex 2.34393 32.2 7.38391
    endloop
  endfacet
  facet normal -0.750106 -0 -0.661317
    outer loop
      vertex 2.30654 32.2 7.42632
      vertex 2.34393 26.3 7.38391
      vertex 2.30654 26.3 7.42632
    endloop
  endfacet
  facet normal -0.917721 0 0.397225
    outer loop
      vertex 2.1632 26.3 8.33131
      vertex 2.18566 32.2 8.3832
      vertex 2.1632 32.2 8.33131
    endloop
  endfacet
  facet normal -0.917721 0 0.397225
    outer loop
      vertex 2.18566 32.2 8.3832
      vertex 2.1632 26.3 8.33131
      vertex 2.18566 26.3 8.3832
    endloop
  endfacet
  facet normal -0.0940913 0 0.995564
    outer loop
      vertex 2.8872 32.2 8.8929
      vertex 2.94349 26.3 8.89822
      vertex 2.94349 32.2 8.89822
    endloop
  endfacet
  facet normal -0.0940913 0 0.995564
    outer loop
      vertex 2.94349 26.3 8.89822
      vertex 2.8872 32.2 8.8929
      vertex 2.8872 26.3 8.8929
    endloop
  endfacet
  facet normal -0.860722 0 0.509075
    outer loop
      vertex 2.21132 26.3 8.43358
      vertex 2.2401 32.2 8.48224
      vertex 2.21132 32.2 8.43358
    endloop
  endfacet
  facet normal -0.860722 0 0.509075
    outer loop
      vertex 2.2401 32.2 8.48224
      vertex 2.21132 26.3 8.43358
      vertex 2.2401 26.3 8.48224
    endloop
  endfacet
  facet normal 0.96032 -0 0.2789
    outer loop
      vertex 3.85595 26.3 8.27812
      vertex 3.87172 32.2 8.22382
      vertex 3.85595 32.2 8.27812
    endloop
  endfacet
  facet normal 0.96032 0 0.2789
    outer loop
      vertex 3.87172 32.2 8.22382
      vertex 3.85595 26.3 8.27812
      vertex 3.87172 26.3 8.22382
    endloop
  endfacet
  facet normal 0.453852 0 0.891077
    outer loop
      vertex 3.3832 32.2 8.81434
      vertex 3.43358 26.3 8.78868
      vertex 3.43358 32.2 8.78868
    endloop
  endfacet
  facet normal 0.453852 0 0.891077
    outer loop
      vertex 3.43358 26.3 8.78868
      vertex 3.3832 32.2 8.81434
      vertex 3.3832 26.3 8.81434
    endloop
  endfacet
  facet normal 0.999504 0 -0.0314832
    outer loop
      vertex 3.9 26.3 8
      vertex 3.89822 32.2 7.94349
      vertex 3.9 32.2 8
    endloop
  endfacet
  facet normal 0.999504 0 -0.0314832
    outer loop
      vertex 3.89822 32.2 7.94349
      vertex 3.9 26.3 8
      vertex 3.89822 26.3 7.94349
    endloop
  endfacet
  facet normal -0.156362 0 -0.9877
    outer loop
      vertex 2.83136 26.3 7.11594
      vertex 2.8872 32.2 7.1071
      vertex 2.8872 26.3 7.1071
    endloop
  endfacet
  facet normal -0.156362 0 -0.9877
    outer loop
      vertex 2.8872 32.2 7.1071
      vertex 2.83136 26.3 7.11594
      vertex 2.83136 32.2 7.11594
    endloop
  endfacet
  facet normal 0.0314832 0 0.999504
    outer loop
      vertex 3 32.2 8.9
      vertex 3.05651 26.3 8.89822
      vertex 3.05651 32.2 8.89822
    endloop
  endfacet
  facet normal 0.0314832 0 0.999504
    outer loop
      vertex 3.05651 26.3 8.89822
      vertex 3 32.2 8.9
      vertex 3 26.3 8.9
    endloop
  endfacet
  facet normal -0.999504 0 -0.0314832
    outer loop
      vertex 2.10178 26.3 7.94349
      vertex 2.1 32.2 8
      vertex 2.10178 32.2 7.94349
    endloop
  endfacet
  facet normal -0.999504 -0 -0.0314832
    outer loop
      vertex 2.1 32.2 8
      vertex 2.10178 26.3 7.94349
      vertex 2.1 26.3 8
    endloop
  endfacet
  facet normal -0.999504 0 0.0314832
    outer loop
      vertex 2.1 26.3 8
      vertex 2.10178 32.2 8.05651
      vertex 2.1 32.2 8
    endloop
  endfacet
  facet normal -0.999504 0 0.0314832
    outer loop
      vertex 2.10178 32.2 8.05651
      vertex 2.1 26.3 8
      vertex 2.10178 26.3 8.05651
    endloop
  endfacet
  facet normal -0.960273 0 -0.279063
    outer loop
      vertex 2.14405 26.3 7.72188
      vertex 2.12827 32.2 7.77618
      vertex 2.14405 32.2 7.72188
    endloop
  endfacet
  facet normal -0.960273 -0 -0.279063
    outer loop
      vertex 2.12827 32.2 7.77618
      vertex 2.14405 26.3 7.72188
      vertex 2.12827 26.3 7.77618
    endloop
  endfacet
  facet normal 0.562025 0 -0.827121
    outer loop
      vertex 3.48224 26.3 7.2401
      vertex 3.52901 32.2 7.27188
      vertex 3.52901 26.3 7.27188
    endloop
  endfacet
  facet normal 0.562025 0 -0.827121
    outer loop
      vertex 3.52901 32.2 7.27188
      vertex 3.48224 26.3 7.2401
      vertex 3.48224 32.2 7.2401
    endloop
  endfacet
  facet normal 0.750106 -0 0.661317
    outer loop
      vertex 3.65607 26.3 8.61609
      vertex 3.69346 32.2 8.57368
      vertex 3.65607 32.2 8.61609
    endloop
  endfacet
  facet normal 0.750106 0 0.661317
    outer loop
      vertex 3.69346 32.2 8.57368
      vertex 3.65607 26.3 8.61609
      vertex 3.69346 26.3 8.57368
    endloop
  endfacet
  facet normal 0.279063 0 -0.960273
    outer loop
      vertex 3.22382 26.3 7.12827
      vertex 3.27812 32.2 7.14405
      vertex 3.27812 26.3 7.14405
    endloop
  endfacet
  facet normal 0.279063 0 -0.960273
    outer loop
      vertex 3.27812 32.2 7.14405
      vertex 3.22382 26.3 7.12827
      vertex 3.22382 32.2 7.12827
    endloop
  endfacet
  facet normal 0.0940913 0 0.995564
    outer loop
      vertex 3.05651 32.2 8.89822
      vertex 3.1128 26.3 8.8929
      vertex 3.1128 32.2 8.8929
    endloop
  endfacet
  facet normal 0.0940913 0 0.995564
    outer loop
      vertex 3.1128 26.3 8.8929
      vertex 3.05651 32.2 8.89822
      vertex 3.05651 26.3 8.89822
    endloop
  endfacet
  facet normal 0.613022 0 -0.790066
    outer loop
      vertex 3.52901 26.3 7.27188
      vertex 3.57368 32.2 7.30654
      vertex 3.57368 26.3 7.30654
    endloop
  endfacet
  facet normal 0.613022 0 -0.790066
    outer loop
      vertex 3.57368 32.2 7.30654
      vertex 3.52901 26.3 7.27188
      vertex 3.52901 32.2 7.27188
    endloop
  endfacet
  facet normal 0.707107 0 -0.707107
    outer loop
      vertex 3.65607 26.3 7.38391
      vertex 3.61609 32.2 7.34393
      vertex 3.65607 32.2 7.38391
    endloop
  endfacet
  facet normal 0.707107 0 -0.707107
    outer loop
      vertex 3.61609 32.2 7.34393
      vertex 3.65607 26.3 7.38391
      vertex 3.61609 26.3 7.34393
    endloop
  endfacet
  facet normal 0.790066 -0 0.613022
    outer loop
      vertex 3.69346 26.3 8.57368
      vertex 3.72812 32.2 8.52901
      vertex 3.69346 32.2 8.57368
    endloop
  endfacet
  facet normal 0.790066 0 0.613022
    outer loop
      vertex 3.72812 32.2 8.52901
      vertex 3.69346 26.3 8.57368
      vertex 3.72812 26.3 8.52901
    endloop
  endfacet
  facet normal 0.96032 0 -0.2789
    outer loop
      vertex 3.87172 26.3 7.77618
      vertex 3.85595 32.2 7.72188
      vertex 3.87172 32.2 7.77618
    endloop
  endfacet
  facet normal 0.96032 0 -0.2789
    outer loop
      vertex 3.85595 32.2 7.72188
      vertex 3.87172 26.3 7.77618
      vertex 3.85595 26.3 7.72188
    endloop
  endfacet
  facet normal 0.338745 0 -0.940878
    outer loop
      vertex 3.27812 26.3 7.14405
      vertex 3.33131 32.2 7.1632
      vertex 3.33131 26.3 7.1632
    endloop
  endfacet
  facet normal 0.338745 0 -0.940878
    outer loop
      vertex 3.33131 32.2 7.1632
      vertex 3.27812 26.3 7.14405
      vertex 3.27812 32.2 7.14405
    endloop
  endfacet
  facet normal -0.453852 0 -0.891077
    outer loop
      vertex 2.56642 26.3 7.21132
      vertex 2.6168 32.2 7.18566
      vertex 2.6168 26.3 7.18566
    endloop
  endfacet
  facet normal -0.453852 0 -0.891077
    outer loop
      vertex 2.6168 32.2 7.18566
      vertex 2.56642 26.3 7.21132
      vertex 2.56642 32.2 7.21132
    endloop
  endfacet
  facet normal 0.975895 0 -0.218241
    outer loop
      vertex 3.88406 26.3 7.83136
      vertex 3.87172 32.2 7.77618
      vertex 3.88406 32.2 7.83136
    endloop
  endfacet
  facet normal 0.975895 0 -0.218241
    outer loop
      vertex 3.87172 32.2 7.77618
      vertex 3.88406 26.3 7.83136
      vertex 3.87172 26.3 7.77618
    endloop
  endfacet
  facet normal -0.509206 0 0.860645
    outer loop
      vertex 2.51776 32.2 8.75989
      vertex 2.56642 26.3 8.78868
      vertex 2.56642 32.2 8.78868
    endloop
  endfacet
  facet normal -0.509206 0 0.860645
    outer loop
      vertex 2.56642 26.3 8.78868
      vertex 2.51776 32.2 8.75989
      vertex 2.51776 26.3 8.75989
    endloop
  endfacet
  facet normal -0.750106 0 0.661317
    outer loop
      vertex 2.30654 26.3 8.57368
      vertex 2.34393 32.2 8.61609
      vertex 2.30654 32.2 8.57368
    endloop
  endfacet
  facet normal -0.750106 0 0.661317
    outer loop
      vertex 2.34393 32.2 8.61609
      vertex 2.30654 26.3 8.57368
      vertex 2.34393 26.3 8.61609
    endloop
  endfacet
  facet normal -0.562025 0 -0.827121
    outer loop
      vertex 2.47099 26.3 7.27188
      vertex 2.51776 32.2 7.2401
      vertex 2.51776 26.3 7.2401
    endloop
  endfacet
  facet normal -0.562025 0 -0.827121
    outer loop
      vertex 2.51776 32.2 7.2401
      vertex 2.47099 26.3 7.27188
      vertex 2.47099 32.2 7.27188
    endloop
  endfacet
  facet normal 0.917721 0 -0.397225
    outer loop
      vertex 3.8368 26.3 7.66869
      vertex 3.81434 32.2 7.6168
      vertex 3.8368 32.2 7.66869
    endloop
  endfacet
  facet normal 0.917721 0 -0.397225
    outer loop
      vertex 3.81434 32.2 7.6168
      vertex 3.8368 26.3 7.66869
      vertex 3.81434 26.3 7.6168
    endloop
  endfacet
  facet normal -0.661317 0 -0.750106
    outer loop
      vertex 2.38391 26.3 7.34393
      vertex 2.42632 32.2 7.30654
      vertex 2.42632 26.3 7.30654
    endloop
  endfacet
  facet normal -0.661317 0 -0.750106
    outer loop
      vertex 2.42632 32.2 7.30654
      vertex 2.38391 26.3 7.34393
      vertex 2.38391 32.2 7.34393
    endloop
  endfacet
  facet normal -0.9877 0 0.156362
    outer loop
      vertex 2.1071 26.3 8.1128
      vertex 2.11594 32.2 8.16864
      vertex 2.1071 32.2 8.1128
    endloop
  endfacet
  facet normal -0.9877 0 0.156362
    outer loop
      vertex 2.11594 32.2 8.16864
      vertex 2.1071 26.3 8.1128
      vertex 2.11594 26.3 8.16864
    endloop
  endfacet
  facet normal 0.891077 0 -0.453852
    outer loop
      vertex 3.81434 26.3 7.6168
      vertex 3.78868 32.2 7.56642
      vertex 3.81434 32.2 7.6168
    endloop
  endfacet
  facet normal 0.891077 0 -0.453852
    outer loop
      vertex 3.78868 32.2 7.56642
      vertex 3.81434 26.3 7.6168
      vertex 3.78868 26.3 7.56642
    endloop
  endfacet
  facet normal -0.995564 0 0.0940913
    outer loop
      vertex 2.10178 26.3 8.05651
      vertex 2.1071 32.2 8.1128
      vertex 2.10178 32.2 8.05651
    endloop
  endfacet
  facet normal -0.995564 0 0.0940913
    outer loop
      vertex 2.1071 32.2 8.1128
      vertex 2.10178 26.3 8.05651
      vertex 2.1071 26.3 8.1128
    endloop
  endfacet
  facet normal 0.661317 0 -0.750106
    outer loop
      vertex 3.57368 26.3 7.30654
      vertex 3.61609 32.2 7.34393
      vertex 3.61609 26.3 7.34393
    endloop
  endfacet
  facet normal 0.661317 0 -0.750106
    outer loop
      vertex 3.61609 32.2 7.34393
      vertex 3.57368 26.3 7.30654
      vertex 3.57368 32.2 7.30654
    endloop
  endfacet
  facet normal -0.891077 0 0.453852
    outer loop
      vertex 2.18566 26.3 8.3832
      vertex 2.21132 32.2 8.43358
      vertex 2.18566 32.2 8.3832
    endloop
  endfacet
  facet normal -0.891077 0 0.453852
    outer loop
      vertex 2.21132 32.2 8.43358
      vertex 2.18566 26.3 8.3832
      vertex 2.21132 26.3 8.43358
    endloop
  endfacet
  facet normal -0.860722 0 -0.509075
    outer loop
      vertex 2.2401 26.3 7.51776
      vertex 2.21132 32.2 7.56642
      vertex 2.2401 32.2 7.51776
    endloop
  endfacet
  facet normal -0.860722 -0 -0.509075
    outer loop
      vertex 2.21132 32.2 7.56642
      vertex 2.2401 26.3 7.51776
      vertex 2.21132 26.3 7.56642
    endloop
  endfacet
  facet normal 0 -1 0
    outer loop
      vertex 2.94349 26.3 8.89822
      vertex 3.05651 26.3 8.89822
      vertex 3 26.3 8.9
    endloop
  endfacet
  facet normal 0 -1 0
    outer loop
      vertex 2.8872 26.3 8.8929
      vertex 3.05651 26.3 8.89822
      vertex 2.94349 26.3 8.89822
    endloop
  endfacet
  facet normal 0 -1 0
    outer loop
      vertex 2.8872 26.3 8.8929
      vertex 3.1128 26.3 8.8929
      vertex 3.05651 26.3 8.89822
    endloop
  endfacet
  facet normal 0 -1 0
    outer loop
      vertex 2.83136 26.3 8.88406
      vertex 3.1128 26.3 8.8929
      vertex 2.8872 26.3 8.8929
    endloop
  endfacet
  facet normal 0 -1 0
    outer loop
      vertex 2.83136 26.3 8.88406
      vertex 3.16864 26.3 8.88406
      vertex 3.1128 26.3 8.8929
    endloop
  endfacet
  facet normal 0 -1 0
    outer loop
      vertex 2.77618 26.3 8.87172
      vertex 3.16864 26.3 8.88406
      vertex 2.83136 26.3 8.88406
    endloop
  endfacet
  facet normal 0 -1 0
    outer loop
      vertex 2.77618 26.3 8.87172
      vertex 3.22382 26.3 8.87172
      vertex 3.16864 26.3 8.88406
    endloop
  endfacet
  facet normal 0 -1 0
    outer loop
      vertex 2.72188 26.3 8.85595
      vertex 3.22382 26.3 8.87172
      vertex 2.77618 26.3 8.87172
    endloop
  endfacet
  facet normal 0 -1 0
    outer loop
      vertex 2.72188 26.3 8.85595
      vertex 3.27812 26.3 8.85595
      vertex 3.22382 26.3 8.87172
    endloop
  endfacet
  facet normal 0 -1 0
    outer loop
      vertex 2.66869 26.3 8.8368
      vertex 3.27812 26.3 8.85595
      vertex 2.72188 26.3 8.85595
    endloop
  endfacet
  facet normal 0 -1 0
    outer loop
      vertex 2.66869 26.3 8.8368
      vertex 3.33131 26.3 8.8368
      vertex 3.27812 26.3 8.85595
    endloop
  endfacet
  facet normal 0 -1 0
    outer loop
      vertex 2.6168 26.3 8.81434
      vertex 3.33131 26.3 8.8368
      vertex 2.66869 26.3 8.8368
    endloop
  endfacet
  facet normal 0 -1 0
    outer loop
      vertex 2.6168 26.3 8.81434
      vertex 3.3832 26.3 8.81434
      vertex 3.33131 26.3 8.8368
    endloop
  endfacet
  facet normal 0 -1 0
    outer loop
      vertex 2.56642 26.3 8.78868
      vertex 3.3832 26.3 8.81434
      vertex 2.6168 26.3 8.81434
    endloop
  endfacet
  facet normal 0 -1 0
    outer loop
      vertex 2.56642 26.3 8.78868
      vertex 3.43358 26.3 8.78868
      vertex 3.3832 26.3 8.81434
    endloop
  endfacet
  facet normal 0 -1 0
    outer loop
      vertex 2.51776 26.3 8.75989
      vertex 3.43358 26.3 8.78868
      vertex 2.56642 26.3 8.78868
    endloop
  endfacet
  facet normal 0 -1 0
    outer loop
      vertex 2.51776 26.3 8.75989
      vertex 3.48224 26.3 8.75989
      vertex 3.43358 26.3 8.78868
    endloop
  endfacet
  facet normal 0 -1 0
    outer loop
      vertex 2.47099 26.3 8.72812
      vertex 3.48224 26.3 8.75989
      vertex 2.51776 26.3 8.75989
    endloop
  endfacet
  facet normal 0 -1 0
    outer loop
      vertex 2.47099 26.3 8.72812
      vertex 3.52901 26.3 8.72812
      vertex 3.48224 26.3 8.75989
    endloop
  endfacet
  facet normal 0 -1 0
    outer loop
      vertex 2.42632 26.3 8.69346
      vertex 3.52901 26.3 8.72812
      vertex 2.47099 26.3 8.72812
    endloop
  endfacet
  facet normal 0 -1 0
    outer loop
      vertex 2.42632 26.3 8.69346
      vertex 3.57368 26.3 8.69346
      vertex 3.52901 26.3 8.72812
    endloop
  endfacet
  facet normal 0 -1 0
    outer loop
      vertex 2.38391 26.3 8.65607
      vertex 3.57368 26.3 8.69346
      vertex 2.42632 26.3 8.69346
    endloop
  endfacet
  facet normal 0 -1 0
    outer loop
      vertex 2.38391 26.3 8.65607
      vertex 3.61609 26.3 8.65607
      vertex 3.57368 26.3 8.69346
    endloop
  endfacet
  facet normal 0 -1 0
    outer loop
      vertex 2.34393 26.3 8.61609
      vertex 3.61609 26.3 8.65607
      vertex 2.38391 26.3 8.65607
    endloop
  endfacet
  facet normal 0 -1 0
    outer loop
      vertex 2.34393 26.3 8.61609
      vertex 3.65607 26.3 8.61609
      vertex 3.61609 26.3 8.65607
    endloop
  endfacet
  facet normal 0 -1 0
    outer loop
      vertex 2.30654 26.3 8.57368
      vertex 3.65607 26.3 8.61609
      vertex 2.34393 26.3 8.61609
    endloop
  endfacet
  facet normal 0 -1 0
    outer loop
      vertex 2.30654 26.3 8.57368
      vertex 3.69346 26.3 8.57368
      vertex 3.65607 26.3 8.61609
    endloop
  endfacet
  facet normal 0 -1 0
    outer loop
      vertex 2.27188 26.3 8.52901
      vertex 3.69346 26.3 8.57368
      vertex 2.30654 26.3 8.57368
    endloop
  endfacet
  facet normal 0 -1 0
    outer loop
      vertex 2.27188 26.3 8.52901
      vertex 3.72812 26.3 8.52901
      vertex 3.69346 26.3 8.57368
    endloop
  endfacet
  facet normal 0 -1 0
    outer loop
      vertex 2.2401 26.3 8.48224
      vertex 3.72812 26.3 8.52901
      vertex 2.27188 26.3 8.52901
    endloop
  endfacet
  facet normal 0 -1 0
    outer loop
      vertex 2.2401 26.3 8.48224
      vertex 3.75989 26.3 8.48224
      vertex 3.72812 26.3 8.52901
    endloop
  endfacet
  facet normal 0 -1 0
    outer loop
      vertex 2.21132 26.3 8.43358
      vertex 3.75989 26.3 8.48224
      vertex 2.2401 26.3 8.48224
    endloop
  endfacet
  facet normal 0 -1 0
    outer loop
      vertex 2.21132 26.3 8.43358
      vertex 3.78868 26.3 8.43358
      vertex 3.75989 26.3 8.48224
    endloop
  endfacet
  facet normal 0 -1 0
    outer loop
      vertex 2.18566 26.3 8.3832
      vertex 3.78868 26.3 8.43358
      vertex 2.21132 26.3 8.43358
    endloop
  endfacet
  facet normal 0 -1 0
    outer loop
      vertex 2.18566 26.3 8.3832
      vertex 3.81434 26.3 8.3832
      vertex 3.78868 26.3 8.43358
    endloop
  endfacet
  facet normal 0 -1 0
    outer loop
      vertex 2.1632 26.3 8.33131
      vertex 3.81434 26.3 8.3832
      vertex 2.18566 26.3 8.3832
    endloop
  endfacet
  facet normal 0 -1 0
    outer loop
      vertex 2.1632 26.3 8.33131
      vertex 3.8368 26.3 8.33131
      vertex 3.81434 26.3 8.3832
    endloop
  endfacet
  facet normal 0 -1 0
    outer loop
      vertex 2.14405 26.3 8.27812
      vertex 3.8368 26.3 8.33131
      vertex 2.1632 26.3 8.33131
    endloop
  endfacet
  facet normal 0 -1 0
    outer loop
      vertex 2.14405 26.3 8.27812
      vertex 3.85595 26.3 8.27812
      vertex 3.8368 26.3 8.33131
    endloop
  endfacet
  facet normal 0 -1 0
    outer loop
      vertex 2.12827 26.3 8.22382
      vertex 3.85595 26.3 8.27812
      vertex 2.14405 26.3 8.27812
    endloop
  endfacet
  facet normal 0 -1 0
    outer loop
      vertex 2.12827 26.3 8.22382
      vertex 3.87172 26.3 8.22382
      vertex 3.85595 26.3 8.27812
    endloop
  endfacet
  facet normal 0 -1 0
    outer loop
      vertex 2.11594 26.3 8.16864
      vertex 3.87172 26.3 8.22382
      vertex 2.12827 26.3 8.22382
    endloop
  endfacet
  facet normal 0 -1 0
    outer loop
      vertex 2.11594 26.3 8.16864
      vertex 3.88406 26.3 8.16864
      vertex 3.87172 26.3 8.22382
    endloop
  endfacet
  facet normal 0 -1 0
    outer loop
      vertex 2.1071 26.3 8.1128
      vertex 3.88406 26.3 8.16864
      vertex 2.11594 26.3 8.16864
    endloop
  endfacet
  facet normal 0 -1 0
    outer loop
      vertex 2.1071 26.3 8.1128
      vertex 3.8929 26.3 8.1128
      vertex 3.88406 26.3 8.16864
    endloop
  endfacet
  facet normal 0 -1 0
    outer loop
      vertex 2.10178 26.3 8.05651
      vertex 3.8929 26.3 8.1128
      vertex 2.1071 26.3 8.1128
    endloop
  endfacet
  facet normal 0 -1 0
    outer loop
      vertex 2.10178 26.3 8.05651
      vertex 3.89822 26.3 8.05651
      vertex 3.8929 26.3 8.1128
    endloop
  endfacet
  facet normal 0 -1 0
    outer loop
      vertex 2.1 26.3 8
      vertex 3.89822 26.3 8.05651
      vertex 2.10178 26.3 8.05651
    endloop
  endfacet
  facet normal 0 -1 0
    outer loop
      vertex 2.1 26.3 8
      vertex 3.9 26.3 8
      vertex 3.89822 26.3 8.05651
    endloop
  endfacet
  facet normal 0 -1 0
    outer loop
      vertex 2.10178 26.3 7.94349
      vertex 3.9 26.3 8
      vertex 2.1 26.3 8
    endloop
  endfacet
  facet normal 0 -1 0
    outer loop
      vertex 2.10178 26.3 7.94349
      vertex 3.89822 26.3 7.94349
      vertex 3.9 26.3 8
    endloop
  endfacet
  facet normal 0 -1 0
    outer loop
      vertex 2.1071 26.3 7.8872
      vertex 3.89822 26.3 7.94349
      vertex 2.10178 26.3 7.94349
    endloop
  endfacet
  facet normal 0 -1 0
    outer loop
      vertex 2.1071 26.3 7.8872
      vertex 3.8929 26.3 7.8872
      vertex 3.89822 26.3 7.94349
    endloop
  endfacet
  facet normal 0 -1 0
    outer loop
      vertex 2.11594 26.3 7.83136
      vertex 3.8929 26.3 7.8872
      vertex 2.1071 26.3 7.8872
    endloop
  endfacet
  facet normal 0 -1 0
    outer loop
      vertex 2.11594 26.3 7.83136
      vertex 3.88406 26.3 7.83136
      vertex 3.8929 26.3 7.8872
    endloop
  endfacet
  facet normal 0 -1 0
    outer loop
      vertex 2.12827 26.3 7.77618
      vertex 3.88406 26.3 7.83136
      vertex 2.11594 26.3 7.83136
    endloop
  endfacet
  facet normal 0 -1 0
    outer loop
      vertex 2.12827 26.3 7.77618
      vertex 3.87172 26.3 7.77618
      vertex 3.88406 26.3 7.83136
    endloop
  endfacet
  facet normal 0 -1 0
    outer loop
      vertex 2.14405 26.3 7.72188
      vertex 3.87172 26.3 7.77618
      vertex 2.12827 26.3 7.77618
    endloop
  endfacet
  facet normal 0 -1 0
    outer loop
      vertex 2.14405 26.3 7.72188
      vertex 3.85595 26.3 7.72188
      vertex 3.87172 26.3 7.77618
    endloop
  endfacet
  facet normal 0 -1 0
    outer loop
      vertex 2.1632 26.3 7.66869
      vertex 3.85595 26.3 7.72188
      vertex 2.14405 26.3 7.72188
    endloop
  endfacet
  facet normal 0 -1 0
    outer loop
      vertex 2.1632 26.3 7.66869
      vertex 3.8368 26.3 7.66869
      vertex 3.85595 26.3 7.72188
    endloop
  endfacet
  facet normal 0 -1 0
    outer loop
      vertex 2.18566 26.3 7.6168
      vertex 3.8368 26.3 7.66869
      vertex 2.1632 26.3 7.66869
    endloop
  endfacet
  facet normal 0 -1 0
    outer loop
      vertex 2.18566 26.3 7.6168
      vertex 3.81434 26.3 7.6168
      vertex 3.8368 26.3 7.66869
    endloop
  endfacet
  facet normal 0 -1 0
    outer loop
      vertex 2.21132 26.3 7.56642
      vertex 3.81434 26.3 7.6168
      vertex 2.18566 26.3 7.6168
    endloop
  endfacet
  facet normal 0 -1 0
    outer loop
      vertex 2.21132 26.3 7.56642
      vertex 3.78868 26.3 7.56642
      vertex 3.81434 26.3 7.6168
    endloop
  endfacet
  facet normal 0 -1 0
    outer loop
      vertex 2.2401 26.3 7.51776
      vertex 3.78868 26.3 7.56642
      vertex 2.21132 26.3 7.56642
    endloop
  endfacet
  facet normal 0 -1 0
    outer loop
      vertex 2.2401 26.3 7.51776
      vertex 3.75989 26.3 7.51776
      vertex 3.78868 26.3 7.56642
    endloop
  endfacet
  facet normal 0 -1 0
    outer loop
      vertex 2.27188 26.3 7.47099
      vertex 3.75989 26.3 7.51776
      vertex 2.2401 26.3 7.51776
    endloop
  endfacet
  facet normal 0 -1 0
    outer loop
      vertex 2.27188 26.3 7.47099
      vertex 3.72812 26.3 7.47099
      vertex 3.75989 26.3 7.51776
    endloop
  endfacet
  facet normal 0 -1 0
    outer loop
      vertex 2.30654 26.3 7.42632
      vertex 3.72812 26.3 7.47099
      vertex 2.27188 26.3 7.47099
    endloop
  endfacet
  facet normal 0 -1 0
    outer loop
      vertex 2.30654 26.3 7.42632
      vertex 3.69346 26.3 7.42632
      vertex 3.72812 26.3 7.47099
    endloop
  endfacet
  facet normal 0 -1 0
    outer loop
      vertex 2.34393 26.3 7.38391
      vertex 3.69346 26.3 7.42632
      vertex 2.30654 26.3 7.42632
    endloop
  endfacet
  facet normal 0 -1 0
    outer loop
      vertex 2.34393 26.3 7.38391
      vertex 3.65607 26.3 7.38391
      vertex 3.69346 26.3 7.42632
    endloop
  endfacet
  facet normal 0 -1 0
    outer loop
      vertex 2.38391 26.3 7.34393
      vertex 3.65607 26.3 7.38391
      vertex 2.34393 26.3 7.38391
    endloop
  endfacet
  facet normal 0 -1 0
    outer loop
      vertex 2.38391 26.3 7.34393
      vertex 3.61609 26.3 7.34393
      vertex 3.65607 26.3 7.38391
    endloop
  endfacet
  facet normal 0 -1 0
    outer loop
      vertex 2.42632 26.3 7.30654
      vertex 3.61609 26.3 7.34393
      vertex 2.38391 26.3 7.34393
    endloop
  endfacet
  facet normal 0 -1 0
    outer loop
      vertex 2.42632 26.3 7.30654
      vertex 3.57368 26.3 7.30654
      vertex 3.61609 26.3 7.34393
    endloop
  endfacet
  facet normal 0 -1 0
    outer loop
      vertex 2.47099 26.3 7.27188
      vertex 3.57368 26.3 7.30654
      vertex 2.42632 26.3 7.30654
    endloop
  endfacet
  facet normal 0 -1 0
    outer loop
      vertex 2.47099 26.3 7.27188
      vertex 3.52901 26.3 7.27188
      vertex 3.57368 26.3 7.30654
    endloop
  endfacet
  facet normal 0 -1 0
    outer loop
      vertex 2.51776 26.3 7.2401
      vertex 3.52901 26.3 7.27188
      vertex 2.47099 26.3 7.27188
    endloop
  endfacet
  facet normal 0 -1 0
    outer loop
      vertex 2.51776 26.3 7.2401
      vertex 3.48224 26.3 7.2401
      vertex 3.52901 26.3 7.27188
    endloop
  endfacet
  facet normal 0 -1 0
    outer loop
      vertex 2.56642 26.3 7.21132
      vertex 3.48224 26.3 7.2401
      vertex 2.51776 26.3 7.2401
    endloop
  endfacet
  facet normal 0 -1 0
    outer loop
      vertex 2.56642 26.3 7.21132
      vertex 3.43358 26.3 7.21132
      vertex 3.48224 26.3 7.2401
    endloop
  endfacet
  facet normal 0 -1 0
    outer loop
      vertex 2.6168 26.3 7.18566
      vertex 3.43358 26.3 7.21132
      vertex 2.56642 26.3 7.21132
    endloop
  endfacet
  facet normal 0 -1 0
    outer loop
      vertex 2.6168 26.3 7.18566
      vertex 3.3832 26.3 7.18566
      vertex 3.43358 26.3 7.21132
    endloop
  endfacet
  facet normal 0 -1 0
    outer loop
      vertex 2.66869 26.3 7.1632
      vertex 3.3832 26.3 7.18566
      vertex 2.6168 26.3 7.18566
    endloop
  endfacet
  facet normal 0 -1 0
    outer loop
      vertex 2.66869 26.3 7.1632
      vertex 3.33131 26.3 7.1632
      vertex 3.3832 26.3 7.18566
    endloop
  endfacet
  facet normal 0 -1 0
    outer loop
      vertex 2.72188 26.3 7.14405
      vertex 3.33131 26.3 7.1632
      vertex 2.66869 26.3 7.1632
    endloop
  endfacet
  facet normal 0 -1 0
    outer loop
      vertex 2.72188 26.3 7.14405
      vertex 3.27812 26.3 7.14405
      vertex 3.33131 26.3 7.1632
    endloop
  endfacet
  facet normal 0 -1 0
    outer loop
      vertex 2.77618 26.3 7.12827
      vertex 3.27812 26.3 7.14405
      vertex 2.72188 26.3 7.14405
    endloop
  endfacet
  facet normal 0 -1 0
    outer loop
      vertex 2.77618 26.3 7.12827
      vertex 3.22382 26.3 7.12827
      vertex 3.27812 26.3 7.14405
    endloop
  endfacet
  facet normal 0 -1 0
    outer loop
      vertex 2.83136 26.3 7.11594
      vertex 3.22382 26.3 7.12827
      vertex 2.77618 26.3 7.12827
    endloop
  endfacet
  facet normal 0 -1 0
    outer loop
      vertex 2.83136 26.3 7.11594
      vertex 3.16864 26.3 7.11594
      vertex 3.22382 26.3 7.12827
    endloop
  endfacet
  facet normal 0 -1 0
    outer loop
      vertex 2.8872 26.3 7.1071
      vertex 3.16864 26.3 7.11594
      vertex 2.83136 26.3 7.11594
    endloop
  endfacet
  facet normal 0 -1 0
    outer loop
      vertex 2.8872 26.3 7.1071
      vertex 3.1128 26.3 7.1071
      vertex 3.16864 26.3 7.11594
    endloop
  endfacet
  facet normal 0 -1 0
    outer loop
      vertex 2.94349 26.3 7.10178
      vertex 3.1128 26.3 7.1071
      vertex 2.8872 26.3 7.1071
    endloop
  endfacet
  facet normal 0 -1 0
    outer loop
      vertex 2.94349 26.3 7.10178
      vertex 3.05651 26.3 7.10178
      vertex 3.1128 26.3 7.1071
    endloop
  endfacet
  facet normal -0 -1 0
    outer loop
      vertex 3.05651 26.3 7.10178
      vertex 2.94349 26.3 7.10178
      vertex 3 26.3 7.1
    endloop
  endfacet
endsolid OpenSCAD_Model
