solid OpenSCAD_Model
  facet normal 1 -0 0
    outer loop
      vertex 20 0 3
      vertex 20 20 0
      vertex 20 20 3
    endloop
  endfacet
  facet normal 1 0 0
    outer loop
      vertex 20 20 0
      vertex 20 0 3
      vertex 20 0 0
    endloop
  endfacet
  facet normal 0 0 1
    outer loop
      vertex 17.6855 15.7781 3
      vertex 20 20 3
      vertex 17.7 16 3
    endloop
  endfacet
  facet normal 0 0 1
    outer loop
      vertex 20 20 3
      vertex 17.6855 16.2219 3
      vertex 17.7 16 3
    endloop
  endfacet
  facet normal 0 0 1
    outer loop
      vertex 20 20 3
      vertex 17.6421 16.44 3
      vertex 17.6855 16.2219 3
    endloop
  endfacet
  facet normal 0 0 1
    outer loop
      vertex 20 20 3
      vertex 17.5706 16.6506 3
      vertex 17.6421 16.44 3
    endloop
  endfacet
  facet normal 0 0 1
    outer loop
      vertex 20 20 3
      vertex 17.4722 16.85 3
      vertex 17.5706 16.6506 3
    endloop
  endfacet
  facet normal 0 0 1
    outer loop
      vertex 20 20 3
      vertex 17.3487 17.0349 3
      vertex 17.4722 16.85 3
    endloop
  endfacet
  facet normal 0 0 1
    outer loop
      vertex 20 20 3
      vertex 17.2021 17.2021 3
      vertex 17.3487 17.0349 3
    endloop
  endfacet
  facet normal 0 0 1
    outer loop
      vertex 20 20 3
      vertex 17.0349 17.3487 3
      vertex 17.2021 17.2021 3
    endloop
  endfacet
  facet normal 0 0 1
    outer loop
      vertex 20 20 3
      vertex 16.85 17.4722 3
      vertex 17.0349 17.3487 3
    endloop
  endfacet
  facet normal 0 0 1
    outer loop
      vertex 20 20 3
      vertex 16.6506 17.5706 3
      vertex 16.85 17.4722 3
    endloop
  endfacet
  facet normal 0 0 1
    outer loop
      vertex 20 20 3
      vertex 16.44 17.6421 3
      vertex 16.6506 17.5706 3
    endloop
  endfacet
  facet normal 0 0 1
    outer loop
      vertex 20 20 3
      vertex 16.2219 17.6855 3
      vertex 16.44 17.6421 3
    endloop
  endfacet
  facet normal 0 0 1
    outer loop
      vertex 20 20 3
      vertex 16 17.7 3
      vertex 16.2219 17.6855 3
    endloop
  endfacet
  facet normal 0 0 1
    outer loop
      vertex 20 20 3
      vertex 15.7781 17.6855 3
      vertex 16 17.7 3
    endloop
  endfacet
  facet normal 0 0 1
    outer loop
      vertex 20 20 3
      vertex 15.56 17.6421 3
      vertex 15.7781 17.6855 3
    endloop
  endfacet
  facet normal 0 0 1
    outer loop
      vertex 20 20 3
      vertex 15.3494 17.5706 3
      vertex 15.56 17.6421 3
    endloop
  endfacet
  facet normal -0 0 1
    outer loop
      vertex 0 20 3
      vertex 15.3494 17.5706 3
      vertex 20 20 3
    endloop
  endfacet
  facet normal 0 0 1
    outer loop
      vertex 15.56 14.3579 3
      vertex 12.6361 2.17391e-06 3
      vertex 13.8662 2.17391e-06 3
    endloop
  endfacet
  facet normal 0 0 1
    outer loop
      vertex 0 20 3
      vertex 14.3 16 3
      vertex 14.3145 16.2219 3
    endloop
  endfacet
  facet normal 0 0 1
    outer loop
      vertex 14.3145 15.7781 3
      vertex 12.6273 0.148498 3
      vertex 12.6361 2.17391e-06 3
    endloop
  endfacet
  facet normal 0 0 1
    outer loop
      vertex 14.3145 15.7781 3
      vertex 12.6253 0.159627 3
      vertex 12.6273 0.148498 3
    endloop
  endfacet
  facet normal 0 0 1
    outer loop
      vertex 14.3145 15.7781 3
      vertex 12.5597 0.52362 3
      vertex 12.6253 0.159627 3
    endloop
  endfacet
  facet normal 0 0 1
    outer loop
      vertex 14.3145 15.7781 3
      vertex 12.5577 0.530005 3
      vertex 12.5597 0.52362 3
    endloop
  endfacet
  facet normal 0 0 1
    outer loop
      vertex 14.3145 15.7781 3
      vertex 12.4483 0.885793 3
      vertex 12.5577 0.530005 3
    endloop
  endfacet
  facet normal 0 0 1
    outer loop
      vertex 14.3145 15.7781 3
      vertex 12.3649 1.07225 3
      vertex 12.4483 0.885793 3
    endloop
  endfacet
  facet normal 0 0 1
    outer loop
      vertex 14.3145 15.7781 3
      vertex 12.3507 1.07225 3
      vertex 12.3649 1.07225 3
    endloop
  endfacet
  facet normal 0 0 1
    outer loop
      vertex 14.3145 15.7781 3
      vertex 12.3186 1.07225 3
      vertex 12.3507 1.07225 3
    endloop
  endfacet
  facet normal 0 0 1
    outer loop
      vertex 14.3145 15.7781 3
      vertex 12.2275 1.07225 3
      vertex 12.3186 1.07225 3
    endloop
  endfacet
  facet normal 0 0 1
    outer loop
      vertex 14.3145 15.7781 3
      vertex 11.994 1.07226 3
      vertex 12.2275 1.07225 3
    endloop
  endfacet
  facet normal 0 0 1
    outer loop
      vertex 14.3145 15.7781 3
      vertex 5.47224 4.85 3
      vertex 11.994 1.07226 3
    endloop
  endfacet
  facet normal 0 0 1
    outer loop
      vertex 0 20 3
      vertex 14.3145 16.2219 3
      vertex 14.3579 16.44 3
    endloop
  endfacet
  facet normal 0 0 1
    outer loop
      vertex 0 20 3
      vertex 14.3579 16.44 3
      vertex 14.4294 16.6506 3
    endloop
  endfacet
  facet normal -0 -0 1
    outer loop
      vertex 5.64207 4.43999 3
      vertex 11.994 1.07226 3
      vertex 5.57059 4.65056 3
    endloop
  endfacet
  facet normal 0 0 1
    outer loop
      vertex 11.994 1.07226 3
      vertex 5.68546 4.22189 3
      vertex 8.006 1.07226 3
    endloop
  endfacet
  facet normal -0 -0 1
    outer loop
      vertex 5.7 4 3
      vertex 8.006 1.07226 3
      vertex 5.68546 4.22189 3
    endloop
  endfacet
  facet normal -0 0 1
    outer loop
      vertex 5.68546 3.7781 3
      vertex 8.006 1.07226 3
      vertex 5.7 4 3
    endloop
  endfacet
  facet normal 0 0 1
    outer loop
      vertex 8.006 1.07226 3
      vertex 5.68546 3.7781 3
      vertex 7.77254 1.07225 3
    endloop
  endfacet
  facet normal 0 0 1
    outer loop
      vertex 6.13385 2.17391e-06 3
      vertex 7.37468 0.159627 3
      vertex 7.4403 0.52362 3
    endloop
  endfacet
  facet normal 0 0 1
    outer loop
      vertex 7.37267 0.148498 3
      vertex 6.13385 2.17391e-06 3
      vertex 7.36385 2.17391e-06 3
    endloop
  endfacet
  facet normal 0 0 1
    outer loop
      vertex 7.37468 0.159627 3
      vertex 6.13385 2.17391e-06 3
      vertex 7.37267 0.148498 3
    endloop
  endfacet
  facet normal 0 0 1
    outer loop
      vertex 7.44226 0.530005 3
      vertex 6.13385 2.17391e-06 3
      vertex 7.4403 0.52362 3
    endloop
  endfacet
  facet normal 0 0 1
    outer loop
      vertex 7.55172 0.885793 3
      vertex 6.13385 2.17391e-06 3
      vertex 7.44226 0.530005 3
    endloop
  endfacet
  facet normal -0 0 1
    outer loop
      vertex 5.64207 3.56001 3
      vertex 7.77254 1.07225 3
      vertex 5.68546 3.7781 3
    endloop
  endfacet
  facet normal 0 0 1
    outer loop
      vertex 0 20 3
      vertex 14.4294 16.6506 3
      vertex 14.5278 16.85 3
    endloop
  endfacet
  facet normal 0 0 1
    outer loop
      vertex 7.64929 1.07225 3
      vertex 5.64207 3.56001 3
      vertex 7.63506 1.07225 3
    endloop
  endfacet
  facet normal 0 0 1
    outer loop
      vertex 0 20 3
      vertex 14.5278 16.85 3
      vertex 14.6513 17.0349 3
    endloop
  endfacet
  facet normal 0 0 1
    outer loop
      vertex 7.68139 1.07225 3
      vertex 5.64207 3.56001 3
      vertex 7.64929 1.07225 3
    endloop
  endfacet
  facet normal 0 0 1
    outer loop
      vertex 7.77254 1.07225 3
      vertex 5.64207 3.56001 3
      vertex 7.68139 1.07225 3
    endloop
  endfacet
  facet normal -0 -0 1
    outer loop
      vertex 5.68546 4.22189 3
      vertex 11.994 1.07226 3
      vertex 5.64207 4.43999 3
    endloop
  endfacet
  facet normal 0 0 1
    outer loop
      vertex 11.994 1.07226 3
      vertex 5.47224 4.85 3
      vertex 5.57059 4.65056 3
    endloop
  endfacet
  facet normal 0 0 1
    outer loop
      vertex 14.3145 15.7781 3
      vertex 5.3487 5.03489 3
      vertex 5.47224 4.85 3
    endloop
  endfacet
  facet normal 0 0 1
    outer loop
      vertex 14.3145 15.7781 3
      vertex 5.20208 5.20208 3
      vertex 5.3487 5.03489 3
    endloop
  endfacet
  facet normal 0 0 1
    outer loop
      vertex 14.3145 15.7781 3
      vertex 5.03489 5.3487 3
      vertex 5.20208 5.20208 3
    endloop
  endfacet
  facet normal 0 0 1
    outer loop
      vertex 14.3145 15.7781 3
      vertex 4.85 5.47224 3
      vertex 5.03489 5.3487 3
    endloop
  endfacet
  facet normal 0 0 1
    outer loop
      vertex 14.3145 15.7781 3
      vertex 4.65056 5.57059 3
      vertex 4.85 5.47224 3
    endloop
  endfacet
  facet normal 0 0 1
    outer loop
      vertex 14.3145 15.7781 3
      vertex 4.43999 5.64207 3
      vertex 4.65056 5.57059 3
    endloop
  endfacet
  facet normal 0 0 1
    outer loop
      vertex 0 20 3
      vertex 14.6513 17.0349 3
      vertex 14.7979 17.2021 3
    endloop
  endfacet
  facet normal 0 0 1
    outer loop
      vertex 14.3145 15.7781 3
      vertex 0 20 3
      vertex 4.43999 5.64207 3
    endloop
  endfacet
  facet normal 0 0 1
    outer loop
      vertex 4.43999 5.64207 3
      vertex 0 20 3
      vertex 4.22189 5.68546 3
    endloop
  endfacet
  facet normal 0 0 1
    outer loop
      vertex 4.22189 5.68546 3
      vertex 0 20 3
      vertex 4 5.7 3
    endloop
  endfacet
  facet normal 0 0 1
    outer loop
      vertex 4 5.7 3
      vertex 0 20 3
      vertex 3.7781 5.68546 3
    endloop
  endfacet
  facet normal 0 0 1
    outer loop
      vertex 3.7781 5.68546 3
      vertex 0 20 3
      vertex 3.56001 5.64207 3
    endloop
  endfacet
  facet normal 0 0 1
    outer loop
      vertex 3.56001 5.64207 3
      vertex 0 20 3
      vertex 3.34944 5.57059 3
    endloop
  endfacet
  facet normal 0 0 1
    outer loop
      vertex 3.34944 5.57059 3
      vertex 0 20 3
      vertex 3.15 5.47224 3
    endloop
  endfacet
  facet normal 0 0 1
    outer loop
      vertex 3.15 5.47224 3
      vertex 0 20 3
      vertex 2.96511 5.3487 3
    endloop
  endfacet
  facet normal 0 0 1
    outer loop
      vertex 2.35793 4.43999 3
      vertex 0 0 3
      vertex 2.31454 4.22189 3
    endloop
  endfacet
  facet normal 0 0 1
    outer loop
      vertex 0 0 3
      vertex 2.35793 4.43999 3
      vertex 0 20 3
    endloop
  endfacet
  facet normal 0 0 1
    outer loop
      vertex 2.4294 4.65056 3
      vertex 0 20 3
      vertex 2.35793 4.43999 3
    endloop
  endfacet
  facet normal 0 0 1
    outer loop
      vertex 2.52776 4.85 3
      vertex 0 20 3
      vertex 2.4294 4.65056 3
    endloop
  endfacet
  facet normal 0 0 1
    outer loop
      vertex 2.6513 5.03489 3
      vertex 0 20 3
      vertex 2.52776 4.85 3
    endloop
  endfacet
  facet normal 0 0 1
    outer loop
      vertex 2.79792 5.20208 3
      vertex 0 20 3
      vertex 2.6513 5.03489 3
    endloop
  endfacet
  facet normal 0 0 1
    outer loop
      vertex 2.96511 5.3487 3
      vertex 0 20 3
      vertex 2.79792 5.20208 3
    endloop
  endfacet
  facet normal 0 0 1
    outer loop
      vertex 14.9651 17.3487 3
      vertex 0 20 3
      vertex 14.7979 17.2021 3
    endloop
  endfacet
  facet normal 0 0 1
    outer loop
      vertex 15.15 17.4722 3
      vertex 0 20 3
      vertex 14.9651 17.3487 3
    endloop
  endfacet
  facet normal 0 0 1
    outer loop
      vertex 15.3494 17.5706 3
      vertex 0 20 3
      vertex 15.15 17.4722 3
    endloop
  endfacet
  facet normal 0 0 1
    outer loop
      vertex 17.6421 15.56 3
      vertex 20 20 3
      vertex 17.6855 15.7781 3
    endloop
  endfacet
  facet normal 0 0 1
    outer loop
      vertex 20 20 3
      vertex 17.6421 15.56 3
      vertex 20 0 3
    endloop
  endfacet
  facet normal -0 0 1
    outer loop
      vertex 17.5706 15.3494 3
      vertex 20 0 3
      vertex 17.6421 15.56 3
    endloop
  endfacet
  facet normal -0 0 1
    outer loop
      vertex 17.4722 15.15 3
      vertex 20 0 3
      vertex 17.5706 15.3494 3
    endloop
  endfacet
  facet normal -0 0 1
    outer loop
      vertex 17.3487 14.9651 3
      vertex 20 0 3
      vertex 17.4722 15.15 3
    endloop
  endfacet
  facet normal -0 0 1
    outer loop
      vertex 17.2021 14.7979 3
      vertex 20 0 3
      vertex 17.3487 14.9651 3
    endloop
  endfacet
  facet normal -0 0 1
    outer loop
      vertex 17.0349 14.6513 3
      vertex 20 0 3
      vertex 17.2021 14.7979 3
    endloop
  endfacet
  facet normal -0 0 1
    outer loop
      vertex 16.85 14.5278 3
      vertex 20 0 3
      vertex 17.0349 14.6513 3
    endloop
  endfacet
  facet normal -0 0 1
    outer loop
      vertex 16.6506 14.4294 3
      vertex 20 0 3
      vertex 16.85 14.5278 3
    endloop
  endfacet
  facet normal -0 0 1
    outer loop
      vertex 16.44 14.3579 3
      vertex 20 0 3
      vertex 16.6506 14.4294 3
    endloop
  endfacet
  facet normal -0 0 1
    outer loop
      vertex 16.2219 14.3145 3
      vertex 20 0 3
      vertex 16.44 14.3579 3
    endloop
  endfacet
  facet normal 0 0 1
    outer loop
      vertex 15.5 0 3
      vertex 16.2219 14.3145 3
      vertex 16 14.3 3
    endloop
  endfacet
  facet normal 0 0 1
    outer loop
      vertex 15.5 0 3
      vertex 16 14.3 3
      vertex 15.7781 14.3145 3
    endloop
  endfacet
  facet normal 0 0 1
    outer loop
      vertex 14.3614 2.14492e-06 3
      vertex 15.7781 14.3145 3
      vertex 15.56 14.3579 3
    endloop
  endfacet
  facet normal 0 0 1
    outer loop
      vertex 16.2219 14.3145 3
      vertex 15.5 0 3
      vertex 20 0 3
    endloop
  endfacet
  facet normal 0 0 1
    outer loop
      vertex 15.7781 14.3145 3
      vertex 15.4529 1.02258e-06 3
      vertex 15.5 0 3
    endloop
  endfacet
  facet normal 0 0 1
    outer loop
      vertex 15.7781 14.3145 3
      vertex 15.4059 1.82504e-06 3
      vertex 15.4529 1.02258e-06 3
    endloop
  endfacet
  facet normal 0 0 1
    outer loop
      vertex 12.6361 2.17391e-06 3
      vertex 15.56 14.3579 3
      vertex 15.3494 14.4294 3
    endloop
  endfacet
  facet normal 0 0 1
    outer loop
      vertex 12.6361 2.17391e-06 3
      vertex 15.3494 14.4294 3
      vertex 15.15 14.5278 3
    endloop
  endfacet
  facet normal 0 0 1
    outer loop
      vertex 12.6361 2.17391e-06 3
      vertex 15.15 14.5278 3
      vertex 14.9651 14.6513 3
    endloop
  endfacet
  facet normal 0 0 1
    outer loop
      vertex 12.6361 2.17391e-06 3
      vertex 14.9651 14.6513 3
      vertex 14.7979 14.7979 3
    endloop
  endfacet
  facet normal 0 0 1
    outer loop
      vertex 12.6361 2.17391e-06 3
      vertex 14.7979 14.7979 3
      vertex 14.6513 14.9651 3
    endloop
  endfacet
  facet normal 0 0 1
    outer loop
      vertex 12.6361 2.17391e-06 3
      vertex 14.6513 14.9651 3
      vertex 14.5278 15.15 3
    endloop
  endfacet
  facet normal 0 0 1
    outer loop
      vertex 12.6361 2.17391e-06 3
      vertex 14.5278 15.15 3
      vertex 14.4294 15.3494 3
    endloop
  endfacet
  facet normal 0 0 1
    outer loop
      vertex 15.7781 14.3145 3
      vertex 14.3614 2.14492e-06 3
      vertex 15.4059 1.82504e-06 3
    endloop
  endfacet
  facet normal 0 0 1
    outer loop
      vertex 12.6361 2.17391e-06 3
      vertex 14.4294 15.3494 3
      vertex 14.3579 15.56 3
    endloop
  endfacet
  facet normal 0 0 1
    outer loop
      vertex 12.6361 2.17391e-06 3
      vertex 14.3579 15.56 3
      vertex 14.3145 15.7781 3
    endloop
  endfacet
  facet normal 0 0 1
    outer loop
      vertex 0 20 3
      vertex 14.3145 15.7781 3
      vertex 14.3 16 3
    endloop
  endfacet
  facet normal 0 0 1
    outer loop
      vertex 15.56 14.3579 3
      vertex 13.8662 2.17391e-06 3
      vertex 14.3614 2.14492e-06 3
    endloop
  endfacet
  facet normal -0 0 1
    outer loop
      vertex 5.57059 3.34944 3
      vertex 7.63506 1.07225 3
      vertex 5.64207 3.56001 3
    endloop
  endfacet
  facet normal -0 0 1
    outer loop
      vertex 5.47224 3.15 3
      vertex 7.63506 1.07225 3
      vertex 5.57059 3.34944 3
    endloop
  endfacet
  facet normal -0 0 1
    outer loop
      vertex 5.3487 2.96511 3
      vertex 7.63506 1.07225 3
      vertex 5.47224 3.15 3
    endloop
  endfacet
  facet normal -0 0 1
    outer loop
      vertex 5.20208 2.79792 3
      vertex 7.63506 1.07225 3
      vertex 5.3487 2.96511 3
    endloop
  endfacet
  facet normal 0 0 1
    outer loop
      vertex 7.63506 1.07225 3
      vertex 5.20208 2.79792 3
      vertex 7.55172 0.885793 3
    endloop
  endfacet
  facet normal 0 0 1
    outer loop
      vertex 7.55172 0.885793 3
      vertex 5.20208 2.79792 3
      vertex 6.13385 2.17391e-06 3
    endloop
  endfacet
  facet normal -0 0 1
    outer loop
      vertex 5.03489 2.6513 3
      vertex 6.13385 2.17391e-06 3
      vertex 5.20208 2.79792 3
    endloop
  endfacet
  facet normal 0 0 1
    outer loop
      vertex 6.13385 2.17391e-06 3
      vertex 5.03489 2.6513 3
      vertex 5.63856 2.14492e-06 3
    endloop
  endfacet
  facet normal -0 0 1
    outer loop
      vertex 4.85 2.52776 3
      vertex 5.63856 2.14492e-06 3
      vertex 5.03489 2.6513 3
    endloop
  endfacet
  facet normal -0 0 1
    outer loop
      vertex 4.65056 2.4294 3
      vertex 5.63856 2.14492e-06 3
      vertex 4.85 2.52776 3
    endloop
  endfacet
  facet normal 0 0 1
    outer loop
      vertex 4.65056 2.4294 3
      vertex 4.59411 1.82504e-06 3
      vertex 5.63856 2.14492e-06 3
    endloop
  endfacet
  facet normal -0 0 1
    outer loop
      vertex 4.43999 2.35793 3
      vertex 4.59411 1.82504e-06 3
      vertex 4.65056 2.4294 3
    endloop
  endfacet
  facet normal 0 0 1
    outer loop
      vertex 4.59411 1.82504e-06 3
      vertex 4.43999 2.35793 3
      vertex 4.54705 1.02258e-06 3
    endloop
  endfacet
  facet normal -0 0 1
    outer loop
      vertex 4.22189 2.31454 3
      vertex 4.54705 1.02258e-06 3
      vertex 4.43999 2.35793 3
    endloop
  endfacet
  facet normal 0 0 1
    outer loop
      vertex 4.54705 1.02258e-06 3
      vertex 4.22189 2.31454 3
      vertex 4.5 0 3
    endloop
  endfacet
  facet normal -0 0 1
    outer loop
      vertex 4 2.3 3
      vertex 4.5 0 3
      vertex 4.22189 2.31454 3
    endloop
  endfacet
  facet normal 0 0 1
    outer loop
      vertex 3.7781 2.31454 3
      vertex 4.5 0 3
      vertex 4 2.3 3
    endloop
  endfacet
  facet normal 0 0 1
    outer loop
      vertex 3.56001 2.35793 3
      vertex 4.5 0 3
      vertex 3.7781 2.31454 3
    endloop
  endfacet
  facet normal 0 0 1
    outer loop
      vertex 3.34944 2.4294 3
      vertex 4.5 0 3
      vertex 3.56001 2.35793 3
    endloop
  endfacet
  facet normal 0 0 1
    outer loop
      vertex 3.15 2.52776 3
      vertex 4.5 0 3
      vertex 3.34944 2.4294 3
    endloop
  endfacet
  facet normal 0 0 1
    outer loop
      vertex 0 0 3
      vertex 3.15 2.52776 3
      vertex 2.96511 2.6513 3
    endloop
  endfacet
  facet normal 0 0 1
    outer loop
      vertex 0 0 3
      vertex 2.96511 2.6513 3
      vertex 2.79792 2.79792 3
    endloop
  endfacet
  facet normal 0 0 1
    outer loop
      vertex 0 0 3
      vertex 2.79792 2.79792 3
      vertex 2.6513 2.96511 3
    endloop
  endfacet
  facet normal 0 0 1
    outer loop
      vertex 0 0 3
      vertex 2.6513 2.96511 3
      vertex 2.52776 3.15 3
    endloop
  endfacet
  facet normal 0 0 1
    outer loop
      vertex 2.31454 4.22189 3
      vertex 0 0 3
      vertex 2.3 4 3
    endloop
  endfacet
  facet normal 0 0 1
    outer loop
      vertex 3.15 2.52776 3
      vertex 0 0 3
      vertex 4.5 0 3
    endloop
  endfacet
  facet normal 0 0 1
    outer loop
      vertex 2.4294 3.34944 3
      vertex 0 0 3
      vertex 2.52776 3.15 3
    endloop
  endfacet
  facet normal 0 0 1
    outer loop
      vertex 2.35793 3.56001 3
      vertex 0 0 3
      vertex 2.4294 3.34944 3
    endloop
  endfacet
  facet normal 0 0 1
    outer loop
      vertex 2.31454 3.7781 3
      vertex 0 0 3
      vertex 2.35793 3.56001 3
    endloop
  endfacet
  facet normal 0 0 1
    outer loop
      vertex 2.3 4 3
      vertex 0 0 3
      vertex 2.31454 3.7781 3
    endloop
  endfacet
  facet normal 0 0 -1
    outer loop
      vertex 17.6421 15.56 0
      vertex 20 20 0
      vertex 20 0 0
    endloop
  endfacet
  facet normal 0 0 -1
    outer loop
      vertex 20 20 0
      vertex 17.6855 15.7781 0
      vertex 17.7 16 0
    endloop
  endfacet
  facet normal 0 0 -1
    outer loop
      vertex 20 20 0
      vertex 17.6421 15.56 0
      vertex 17.6855 15.7781 0
    endloop
  endfacet
  facet normal 0 0 -1
    outer loop
      vertex 20 0 0
      vertex 17.5706 15.3494 0
      vertex 17.6421 15.56 0
    endloop
  endfacet
  facet normal 0 0 -1
    outer loop
      vertex 20 0 0
      vertex 17.4722 15.15 0
      vertex 17.5706 15.3494 0
    endloop
  endfacet
  facet normal 0 0 -1
    outer loop
      vertex 20 0 0
      vertex 17.3487 14.9651 0
      vertex 17.4722 15.15 0
    endloop
  endfacet
  facet normal 0 0 -1
    outer loop
      vertex 20 0 0
      vertex 17.2021 14.7979 0
      vertex 17.3487 14.9651 0
    endloop
  endfacet
  facet normal 0 0 -1
    outer loop
      vertex 20 0 0
      vertex 17.0349 14.6513 0
      vertex 17.2021 14.7979 0
    endloop
  endfacet
  facet normal 0 0 -1
    outer loop
      vertex 20 0 0
      vertex 16.85 14.5278 0
      vertex 17.0349 14.6513 0
    endloop
  endfacet
  facet normal 0 0 -1
    outer loop
      vertex 20 0 0
      vertex 16.6506 14.4294 0
      vertex 16.85 14.5278 0
    endloop
  endfacet
  facet normal 0 0 -1
    outer loop
      vertex 20 0 0
      vertex 16.44 14.3579 0
      vertex 16.6506 14.4294 0
    endloop
  endfacet
  facet normal 0 0 -1
    outer loop
      vertex 20 0 0
      vertex 16.2219 14.3145 0
      vertex 16.44 14.3579 0
    endloop
  endfacet
  facet normal 0 0 -1
    outer loop
      vertex 20 0 0
      vertex 16 14.3 0
      vertex 16.2219 14.3145 0
    endloop
  endfacet
  facet normal 0 0 -1
    outer loop
      vertex 20 0 0
      vertex 15.7781 14.3145 0
      vertex 16 14.3 0
    endloop
  endfacet
  facet normal 0 0 -1
    outer loop
      vertex 20 0 0
      vertex 15.56 14.3579 0
      vertex 15.7781 14.3145 0
    endloop
  endfacet
  facet normal 0 0 -1
    outer loop
      vertex 5.64207 4.43999 0
      vertex 15.56 14.3579 0
      vertex 20 0 0
    endloop
  endfacet
  facet normal -0 0 -1
    outer loop
      vertex 15.56 14.3579 0
      vertex 5.64207 4.43999 0
      vertex 15.3494 14.4294 0
    endloop
  endfacet
  facet normal 0 0 -1
    outer loop
      vertex 5.57059 4.65056 0
      vertex 15.3494 14.4294 0
      vertex 5.64207 4.43999 0
    endloop
  endfacet
  facet normal -0 0 -1
    outer loop
      vertex 15.3494 14.4294 0
      vertex 5.57059 4.65056 0
      vertex 15.15 14.5278 0
    endloop
  endfacet
  facet normal 0 0 -1
    outer loop
      vertex 5.47224 4.85 0
      vertex 15.15 14.5278 0
      vertex 5.57059 4.65056 0
    endloop
  endfacet
  facet normal -0 0 -1
    outer loop
      vertex 15.15 14.5278 0
      vertex 5.47224 4.85 0
      vertex 14.9651 14.6513 0
    endloop
  endfacet
  facet normal 0 0 -1
    outer loop
      vertex 5.3487 5.03489 0
      vertex 14.9651 14.6513 0
      vertex 5.47224 4.85 0
    endloop
  endfacet
  facet normal 0 0 -1
    outer loop
      vertex 5.20208 5.20208 0
      vertex 14.7979 14.7979 0
      vertex 5.3487 5.03489 0
    endloop
  endfacet
  facet normal -0 0 -1
    outer loop
      vertex 14.9651 14.6513 0
      vertex 5.3487 5.03489 0
      vertex 14.7979 14.7979 0
    endloop
  endfacet
  facet normal 0 0 -1
    outer loop
      vertex 5.64207 4.43999 0
      vertex 20 0 0
      vertex 5.68546 4.22189 0
    endloop
  endfacet
  facet normal 0 0 -1
    outer loop
      vertex 5.68546 4.22189 0
      vertex 20 0 0
      vertex 5.7 4 0
    endloop
  endfacet
  facet normal 0 0 -1
    outer loop
      vertex 20 0 0
      vertex 5.68546 3.7781 0
      vertex 5.7 4 0
    endloop
  endfacet
  facet normal 0 0 -1
    outer loop
      vertex 20 0 0
      vertex 5.64207 3.56001 0
      vertex 5.68546 3.7781 0
    endloop
  endfacet
  facet normal 0 0 -1
    outer loop
      vertex 20 0 0
      vertex 5.57059 3.34944 0
      vertex 5.64207 3.56001 0
    endloop
  endfacet
  facet normal 0 0 -1
    outer loop
      vertex 20 0 0
      vertex 5.47224 3.15 0
      vertex 5.57059 3.34944 0
    endloop
  endfacet
  facet normal 0 0 -1
    outer loop
      vertex 20 0 0
      vertex 5.3487 2.96511 0
      vertex 5.47224 3.15 0
    endloop
  endfacet
  facet normal 0 0 -1
    outer loop
      vertex 20 0 0
      vertex 5.20208 2.79792 0
      vertex 5.3487 2.96511 0
    endloop
  endfacet
  facet normal 0 0 -1
    outer loop
      vertex 20 0 0
      vertex 5.03489 2.6513 0
      vertex 5.20208 2.79792 0
    endloop
  endfacet
  facet normal 0 0 -1
    outer loop
      vertex 20 0 0
      vertex 4.85 2.52776 0
      vertex 5.03489 2.6513 0
    endloop
  endfacet
  facet normal 0 0 -1
    outer loop
      vertex 20 0 0
      vertex 4.65056 2.4294 0
      vertex 4.85 2.52776 0
    endloop
  endfacet
  facet normal 0 0 -1
    outer loop
      vertex 20 0 0
      vertex 4.43999 2.35793 0
      vertex 4.65056 2.4294 0
    endloop
  endfacet
  facet normal 0 0 -1
    outer loop
      vertex 0 0 0
      vertex 4.43999 2.35793 0
      vertex 20 0 0
    endloop
  endfacet
  facet normal 0 0 -1
    outer loop
      vertex 4.43999 2.35793 0
      vertex 0 0 0
      vertex 4.22189 2.31454 0
    endloop
  endfacet
  facet normal 0 0 -1
    outer loop
      vertex 4.22189 2.31454 0
      vertex 0 0 0
      vertex 4 2.3 0
    endloop
  endfacet
  facet normal -0 0 -1
    outer loop
      vertex 2.31454 3.7781 0
      vertex 0 0 0
      vertex 2.3 4 0
    endloop
  endfacet
  facet normal -0 0 -1
    outer loop
      vertex 2.35793 3.56001 0
      vertex 0 0 0
      vertex 2.31454 3.7781 0
    endloop
  endfacet
  facet normal -0 0 -1
    outer loop
      vertex 2.4294 3.34944 0
      vertex 0 0 0
      vertex 2.35793 3.56001 0
    endloop
  endfacet
  facet normal -0 0 -1
    outer loop
      vertex 2.52776 3.15 0
      vertex 0 0 0
      vertex 2.4294 3.34944 0
    endloop
  endfacet
  facet normal -0 0 -1
    outer loop
      vertex 2.6513 2.96511 0
      vertex 0 0 0
      vertex 2.52776 3.15 0
    endloop
  endfacet
  facet normal -0 0 -1
    outer loop
      vertex 2.79792 2.79792 0
      vertex 0 0 0
      vertex 2.6513 2.96511 0
    endloop
  endfacet
  facet normal -0 0 -1
    outer loop
      vertex 2.96511 2.6513 0
      vertex 0 0 0
      vertex 2.79792 2.79792 0
    endloop
  endfacet
  facet normal -0 0 -1
    outer loop
      vertex 3.15 2.52776 0
      vertex 0 0 0
      vertex 2.96511 2.6513 0
    endloop
  endfacet
  facet normal -0 0 -1
    outer loop
      vertex 3.34944 2.4294 0
      vertex 0 0 0
      vertex 3.15 2.52776 0
    endloop
  endfacet
  facet normal -0 0 -1
    outer loop
      vertex 3.56001 2.35793 0
      vertex 0 0 0
      vertex 3.34944 2.4294 0
    endloop
  endfacet
  facet normal -0 0 -1
    outer loop
      vertex 3.7781 2.31454 0
      vertex 0 0 0
      vertex 3.56001 2.35793 0
    endloop
  endfacet
  facet normal -0 0 -1
    outer loop
      vertex 4 2.3 0
      vertex 0 0 0
      vertex 3.7781 2.31454 0
    endloop
  endfacet
  facet normal 0 0 -1
    outer loop
      vertex 17.6855 16.2219 0
      vertex 20 20 0
      vertex 17.7 16 0
    endloop
  endfacet
  facet normal 0 0 -1
    outer loop
      vertex 17.6421 16.44 0
      vertex 20 20 0
      vertex 17.6855 16.2219 0
    endloop
  endfacet
  facet normal 0 0 -1
    outer loop
      vertex 17.5706 16.6506 0
      vertex 20 20 0
      vertex 17.6421 16.44 0
    endloop
  endfacet
  facet normal 0 0 -1
    outer loop
      vertex 17.4722 16.85 0
      vertex 20 20 0
      vertex 17.5706 16.6506 0
    endloop
  endfacet
  facet normal 0 0 -1
    outer loop
      vertex 17.3487 17.0349 0
      vertex 20 20 0
      vertex 17.4722 16.85 0
    endloop
  endfacet
  facet normal 0 0 -1
    outer loop
      vertex 17.2021 17.2021 0
      vertex 20 20 0
      vertex 17.3487 17.0349 0
    endloop
  endfacet
  facet normal 0 0 -1
    outer loop
      vertex 17.0349 17.3487 0
      vertex 20 20 0
      vertex 17.2021 17.2021 0
    endloop
  endfacet
  facet normal 0 0 -1
    outer loop
      vertex 16.85 17.4722 0
      vertex 20 20 0
      vertex 17.0349 17.3487 0
    endloop
  endfacet
  facet normal 0 0 -1
    outer loop
      vertex 16.6506 17.5706 0
      vertex 20 20 0
      vertex 16.85 17.4722 0
    endloop
  endfacet
  facet normal 0 0 -1
    outer loop
      vertex 16.44 17.6421 0
      vertex 20 20 0
      vertex 16.6506 17.5706 0
    endloop
  endfacet
  facet normal 0 0 -1
    outer loop
      vertex 16.2219 17.6855 0
      vertex 20 20 0
      vertex 16.44 17.6421 0
    endloop
  endfacet
  facet normal 0 0 -1
    outer loop
      vertex 16 17.7 0
      vertex 20 20 0
      vertex 16.2219 17.6855 0
    endloop
  endfacet
  facet normal 0 0 -1
    outer loop
      vertex 15.7781 17.6855 0
      vertex 20 20 0
      vertex 16 17.7 0
    endloop
  endfacet
  facet normal 0 0 -1
    outer loop
      vertex 15.56 17.6421 0
      vertex 20 20 0
      vertex 15.7781 17.6855 0
    endloop
  endfacet
  facet normal 0 0 -1
    outer loop
      vertex 15.3494 17.5706 0
      vertex 20 20 0
      vertex 15.56 17.6421 0
    endloop
  endfacet
  facet normal 0 0 -1
    outer loop
      vertex 0 20 0
      vertex 15.3494 17.5706 0
      vertex 15.15 17.4722 0
    endloop
  endfacet
  facet normal -0 0 -1
    outer loop
      vertex 14.7979 14.7979 0
      vertex 5.20208 5.20208 0
      vertex 14.6513 14.9651 0
    endloop
  endfacet
  facet normal 0 0 -1
    outer loop
      vertex 5.03489 5.3487 0
      vertex 14.6513 14.9651 0
      vertex 5.20208 5.20208 0
    endloop
  endfacet
  facet normal -0 0 -1
    outer loop
      vertex 14.6513 14.9651 0
      vertex 5.03489 5.3487 0
      vertex 14.5278 15.15 0
    endloop
  endfacet
  facet normal 0 0 -1
    outer loop
      vertex 4.85 5.47224 0
      vertex 14.5278 15.15 0
      vertex 5.03489 5.3487 0
    endloop
  endfacet
  facet normal -0 0 -1
    outer loop
      vertex 14.5278 15.15 0
      vertex 4.85 5.47224 0
      vertex 14.4294 15.3494 0
    endloop
  endfacet
  facet normal 0 0 -1
    outer loop
      vertex 4.65056 5.57059 0
      vertex 14.4294 15.3494 0
      vertex 4.85 5.47224 0
    endloop
  endfacet
  facet normal -0 0 -1
    outer loop
      vertex 14.4294 15.3494 0
      vertex 4.65056 5.57059 0
      vertex 14.3579 15.56 0
    endloop
  endfacet
  facet normal 0 0 -1
    outer loop
      vertex 4.43999 5.64207 0
      vertex 14.3579 15.56 0
      vertex 4.65056 5.57059 0
    endloop
  endfacet
  facet normal -0 0 -1
    outer loop
      vertex 14.3579 15.56 0
      vertex 4.43999 5.64207 0
      vertex 14.3145 15.7781 0
    endloop
  endfacet
  facet normal 0 0 -1
    outer loop
      vertex 0 20 0
      vertex 14.3145 15.7781 0
      vertex 4.43999 5.64207 0
    endloop
  endfacet
  facet normal 0 0 -1
    outer loop
      vertex 14.3145 15.7781 0
      vertex 0 20 0
      vertex 14.3 16 0
    endloop
  endfacet
  facet normal 0 0 -1
    outer loop
      vertex 14.3 16 0
      vertex 0 20 0
      vertex 14.3145 16.2219 0
    endloop
  endfacet
  facet normal 0 0 -1
    outer loop
      vertex 14.3145 16.2219 0
      vertex 0 20 0
      vertex 14.3579 16.44 0
    endloop
  endfacet
  facet normal 0 0 -1
    outer loop
      vertex 14.3579 16.44 0
      vertex 0 20 0
      vertex 14.4294 16.6506 0
    endloop
  endfacet
  facet normal 0 0 -1
    outer loop
      vertex 14.4294 16.6506 0
      vertex 0 20 0
      vertex 14.5278 16.85 0
    endloop
  endfacet
  facet normal 0 0 -1
    outer loop
      vertex 14.5278 16.85 0
      vertex 0 20 0
      vertex 14.6513 17.0349 0
    endloop
  endfacet
  facet normal 0 0 -1
    outer loop
      vertex 0 20 0
      vertex 4.43999 5.64207 0
      vertex 4.22189 5.68546 0
    endloop
  endfacet
  facet normal 0 0 -1
    outer loop
      vertex 0 20 0
      vertex 4.22189 5.68546 0
      vertex 4 5.7 0
    endloop
  endfacet
  facet normal 0 0 -1
    outer loop
      vertex 0 20 0
      vertex 4 5.7 0
      vertex 3.7781 5.68546 0
    endloop
  endfacet
  facet normal 0 0 -1
    outer loop
      vertex 0 20 0
      vertex 3.7781 5.68546 0
      vertex 3.56001 5.64207 0
    endloop
  endfacet
  facet normal 0 0 -1
    outer loop
      vertex 0 20 0
      vertex 3.56001 5.64207 0
      vertex 3.34944 5.57059 0
    endloop
  endfacet
  facet normal 0 0 -1
    outer loop
      vertex 0 20 0
      vertex 3.34944 5.57059 0
      vertex 3.15 5.47224 0
    endloop
  endfacet
  facet normal 0 0 -1
    outer loop
      vertex 0 20 0
      vertex 3.15 5.47224 0
      vertex 2.96511 5.3487 0
    endloop
  endfacet
  facet normal 0 0 -1
    outer loop
      vertex 0 20 0
      vertex 2.96511 5.3487 0
      vertex 2.79792 5.20208 0
    endloop
  endfacet
  facet normal 0 0 -1
    outer loop
      vertex 0 0 0
      vertex 2.31454 4.22189 0
      vertex 2.3 4 0
    endloop
  endfacet
  facet normal 0 0 -1
    outer loop
      vertex 0 0 0
      vertex 2.35793 4.43999 0
      vertex 2.31454 4.22189 0
    endloop
  endfacet
  facet normal 0 0 -1
    outer loop
      vertex 0 0 0
      vertex 2.4294 4.65056 0
      vertex 2.35793 4.43999 0
    endloop
  endfacet
  facet normal 0 0 -1
    outer loop
      vertex 0 20 0
      vertex 2.4294 4.65056 0
      vertex 0 0 0
    endloop
  endfacet
  facet normal 0 0 -1
    outer loop
      vertex 15.3494 17.5706 0
      vertex 0 20 0
      vertex 20 20 0
    endloop
  endfacet
  facet normal 0 0 -1
    outer loop
      vertex 14.9651 17.3487 0
      vertex 0 20 0
      vertex 15.15 17.4722 0
    endloop
  endfacet
  facet normal 0 0 -1
    outer loop
      vertex 14.7979 17.2021 0
      vertex 0 20 0
      vertex 14.9651 17.3487 0
    endloop
  endfacet
  facet normal 0 0 -1
    outer loop
      vertex 14.6513 17.0349 0
      vertex 0 20 0
      vertex 14.7979 17.2021 0
    endloop
  endfacet
  facet normal 0 0 -1
    outer loop
      vertex 2.6513 5.03489 0
      vertex 0 20 0
      vertex 2.79792 5.20208 0
    endloop
  endfacet
  facet normal 0 0 -1
    outer loop
      vertex 2.52776 4.85 0
      vertex 0 20 0
      vertex 2.6513 5.03489 0
    endloop
  endfacet
  facet normal 0 0 -1
    outer loop
      vertex 2.4294 4.65056 0
      vertex 0 20 0
      vertex 2.52776 4.85 0
    endloop
  endfacet
  facet normal -1 0 0
    outer loop
      vertex 0 0 0
      vertex 0 20 3
      vertex 0 20 0
    endloop
  endfacet
  facet normal -1 -0 0
    outer loop
      vertex 0 20 3
      vertex 0 0 0
      vertex 0 0 3
    endloop
  endfacet
  facet normal 0 1 -0
    outer loop
      vertex 20 20 0
      vertex 0 20 3
      vertex 20 20 3
    endloop
  endfacet
  facet normal 0 1 0
    outer loop
      vertex 0 20 3
      vertex 20 20 0
      vertex 0 20 0
    endloop
  endfacet
  facet normal 0 -1 0
    outer loop
      vertex 0 0 0
      vertex 4.5 0 3
      vertex 0 0 3
    endloop
  endfacet
  facet normal 0 -1 -0
    outer loop
      vertex 4.5 0 3
      vertex 0 0 0
      vertex 4.54705 0 3
    endloop
  endfacet
  facet normal 0 -1 0
    outer loop
      vertex 7.35 0 2.5
      vertex 5.63856 0 3
      vertex 4.59411 0 3
    endloop
  endfacet
  facet normal 0 -1 0
    outer loop
      vertex 5.63856 0 3
      vertex 7.35 0 2.5
      vertex 6.13384 0 3
    endloop
  endfacet
  facet normal 0 -1 0
    outer loop
      vertex 6.13384 0 3
      vertex 7.35 0 2.5
      vertex 7.36385 0 3
    endloop
  endfacet
  facet normal 0 -1 -0
    outer loop
      vertex 4.54705 0 3
      vertex 0 0 0
      vertex 4.59411 0 3
    endloop
  endfacet
  facet normal 0 -1 0
    outer loop
      vertex 0 0 0
      vertex 7.51594 0 2.5
      vertex 7.39534 0 2.5
    endloop
  endfacet
  facet normal 0 -1 -0
    outer loop
      vertex 7.51594 0 2.5
      vertex 0 0 0
      vertex 12.4841 0 2.5
    endloop
  endfacet
  facet normal 0 -1 0
    outer loop
      vertex 20 0 0
      vertex 12.4841 0 2.5
      vertex 0 0 0
    endloop
  endfacet
  facet normal 0 -1 -0
    outer loop
      vertex 7.37267 0 2.5
      vertex 0 0 0
      vertex 7.39534 0 2.5
    endloop
  endfacet
  facet normal 0 -1 -0
    outer loop
      vertex 7.35 0 2.5
      vertex 0 0 0
      vertex 7.37267 0 2.5
    endloop
  endfacet
  facet normal 0 -1 -0
    outer loop
      vertex 4.59411 0 3
      vertex 0 0 0
      vertex 7.35 0 2.5
    endloop
  endfacet
  facet normal 0 -1 0
    outer loop
      vertex 12.65 0 2.5
      vertex 13.8662 0 3
      vertex 12.6362 0 3
    endloop
  endfacet
  facet normal 0 -1 -0
    outer loop
      vertex 13.8662 0 3
      vertex 12.65 0 2.5
      vertex 14.3614 0 3
    endloop
  endfacet
  facet normal 0 -1 -0
    outer loop
      vertex 14.3614 0 3
      vertex 12.65 0 2.5
      vertex 15.4059 0 3
    endloop
  endfacet
  facet normal 0 -1 0
    outer loop
      vertex 20 0 0
      vertex 15.5 0 3
      vertex 15.4529 0 3
    endloop
  endfacet
  facet normal 0 -1 0
    outer loop
      vertex 20 0 0
      vertex 15.4529 0 3
      vertex 15.4059 0 3
    endloop
  endfacet
  facet normal 0 -1 0
    outer loop
      vertex 20 0 0
      vertex 15.4059 0 3
      vertex 12.65 0 2.5
    endloop
  endfacet
  facet normal 0 -1 0
    outer loop
      vertex 12.4841 0 2.5
      vertex 20 0 0
      vertex 12.6047 0 2.5
    endloop
  endfacet
  facet normal 0 -1 0
    outer loop
      vertex 12.6047 0 2.5
      vertex 20 0 0
      vertex 12.6273 0 2.5
    endloop
  endfacet
  facet normal 0 -1 0
    outer loop
      vertex 12.6273 0 2.5
      vertex 20 0 0
      vertex 12.65 0 2.5
    endloop
  endfacet
  facet normal 0 -1 0
    outer loop
      vertex 15.5 0 3
      vertex 20 0 0
      vertex 20 0 3
    endloop
  endfacet
  facet normal 0.321405 -0.858221 -0.400195
    outer loop
      vertex 11.4235 -9.88626 11.6305
      vertex 12.1048 -4.60526 0.852533
      vertex 12.1048 -9.67667 11.7282
    endloop
  endfacet
  facet normal 0.321411 -0.858219 -0.400194
    outer loop
      vertex 12.1048 -4.60526 0.852533
      vertex 11.4235 -9.88626 11.6305
      vertex 11.4235 -4.81484 0.754801
    endloop
  endfacet
  facet normal 0.997855 0.0593342 0.027668
    outer loop
      vertex 15.4529 -4.42079 14.1791
      vertex 15.5 0 3
      vertex 15.4529 0.650633 3.30339
    endloop
  endfacet
  facet normal 0.997855 0.059334 0.0276679
    outer loop
      vertex 15.5 0 3
      vertex 15.4529 -4.42079 14.1791
      vertex 15.5 -5.07142 13.8757
    endloop
  endfacet
  facet normal 1.29426e-07 0.422613 -0.90631
    outer loop
      vertex 14.3614 2.14492e-06 3
      vertex 15.4529 0.650633 3.30339
      vertex 15.4059 1.82504e-06 3
    endloop
  endfacet
  facet normal -2.03245e-06 0.422616 -0.906309
    outer loop
      vertex 15.4529 0.650633 3.30339
      vertex 14.3614 2.14492e-06 3
      vertex 10.7179 4.94205 5.30451
    endloop
  endfacet
  facet normal 0 0.42262 -0.906307
    outer loop
      vertex 15.3126 -1.29013 2.3984
      vertex 14.3614 0 3
      vertex 15.4059 0 3
    endloop
  endfacet
  facet normal -5.85305e-05 -0.422701 0.906269
    outer loop
      vertex 13.3482 -1.1168 15.7198
      vertex 11.4235 -0.256576 16.1209
      vertex 14.3634 -2.03693 15.2907
    endloop
  endfacet
  facet normal 3.45541e-05 0.422622 -0.906306
    outer loop
      vertex 4.54705 -0.650633 2.6966
      vertex 4.59411 0 3
      vertex 4.68741 -1.29013 2.3984
    endloop
  endfacet
  facet normal 0 0.422624 -0.906305
    outer loop
      vertex 4.59411 0 3
      vertex 4.54705 -0.650633 2.6966
      vertex 4.54705 0 3
    endloop
  endfacet
  facet normal -7.20633e-06 0.422613 -0.90631
    outer loop
      vertex 4.59411 1.82504e-06 3
      vertex 4.54705 1.02258e-06 3
      vertex 4.54705 0.650633 3.30339
    endloop
  endfacet
  facet normal 0 -0.423235 0.90602
    outer loop
      vertex 10.7179 -10.0135 11.5712
      vertex 9.28211 -10.0135 11.5712
      vertex 10 -10.0561 11.5513
    endloop
  endfacet
  facet normal -0.896872 -0.400851 -0.18692
    outer loop
      vertex 5.23686 -2.49235 1.8378
      vertex 4.91866 -6.97898 12.9862
      vertex 4.91866 -1.90756 2.11049
    endloop
  endfacet
  facet normal -0.896873 -0.400849 -0.186919
    outer loop
      vertex 4.91866 -6.97898 12.9862
      vertex 5.23686 -2.49235 1.8378
      vertex 5.23686 -7.56377 12.7135
    endloop
  endfacet
  facet normal -1.51092e-05 -0.422612 0.906311
    outer loop
      vertex 15.5 -5.07142 13.8757
      vertex 12.75 -9.38829 11.8627
      vertex 14.3634 -8.10591 12.4607
    endloop
  endfacet
  facet normal -1.29432e-07 0.422613 -0.90631
    outer loop
      vertex 4.54705 0.650633 3.30339
      vertex 5.63856 2.14492e-06 3
      vertex 4.59411 1.82504e-06 3
    endloop
  endfacet
  facet normal 2.03243e-06 0.422616 -0.906309
    outer loop
      vertex 5.63856 2.14492e-06 3
      vertex 4.54705 0.650633 3.30339
      vertex 9.28211 4.94205 5.30451
    endloop
  endfacet
  facet normal 0 0.42262 -0.906307
    outer loop
      vertex 4.68741 -1.29013 2.3984
      vertex 4.59411 0 3
      vertex 5.63856 0 3
    endloop
  endfacet
  facet normal 4.8031e-06 0.422624 -0.906305
    outer loop
      vertex 13.8891 3.52471 4.6436
      vertex 10.7179 4.94205 5.30451
      vertex 12.75 4.31687 5.01299
    endloop
  endfacet
  facet normal 0.751879 0.59753 0.278632
    outer loop
      vertex 13.8891 3.52471 4.6436
      vertex 13.8891 -1.54671 15.5193
      vertex 14.3634 3.03449 4.415
    endloop
  endfacet
  facet normal -0.555563 -0.753571 -0.351397
    outer loop
      vertex 7.25 -9.38829 11.8627
      vertex 6.65181 -9.02604 12.0316
      vertex 6.65181 -3.95462 1.15593
    endloop
  endfacet
  facet normal -0.751845 0.597565 0.278649
    outer loop
      vertex 5.63656 3.03449 4.415
      vertex 5.63656 -2.03693 15.2907
      vertex 6.11091 -1.54671 15.5193
    endloop
  endfacet
  facet normal -0.195093 0.888893 0.414498
    outer loop
      vertex 9.28211 4.94205 5.30451
      vertex 8.5765 4.81484 5.2452
      vertex 9.28211 -0.129371 16.1802
    endloop
  endfacet
  facet normal 9.52273e-05 -0.422631 0.906302
    outer loop
      vertex 4.54705 -4.42079 14.1791
      vertex 4.5 -5.07142 13.8757
      vertex 4.68741 -3.78129 14.4773
    endloop
  endfacet
  facet normal 0 -0.42287 0.906191
    outer loop
      vertex 10 -0.0867262 16.2001
      vertex 9.28211 -0.129371 16.1802
      vertex 10.7179 -0.129371 16.1802
    endloop
  endfacet
  facet normal -3.46539e-05 -0.422627 0.906303
    outer loop
      vertex 5.63656 -8.10591 12.4607
      vertex 4.5 -5.07142 13.8757
      vertex 4.54705 -5.72205 13.5723
    endloop
  endfacet
  facet normal -1.36632e-05 0.422647 -0.906294
    outer loop
      vertex 9.28211 4.94205 5.30451
      vertex 7.25 4.31687 5.01299
      vertex 7.89524 4.60526 5.14747
    endloop
  endfacet
  facet normal -0.000286021 -0.422965 0.906146
    outer loop
      vertex 7.25 -9.38829 11.8627
      vertex 6.11091 -8.59613 12.2321
      vertex 6.65181 -9.02604 12.0316
    endloop
  endfacet
  facet normal 0 0.422619 -0.906308
    outer loop
      vertex 11.4235 -4.81484 0.754801
      vertex 11.8515 -1.90756 2.11049
      vertex 15.0813 -1.90756 2.11049
    endloop
  endfacet
  facet normal -6.59317e-07 0.422619 -0.906308
    outer loop
      vertex 11.8515 -1.90756 2.11049
      vertex 11.4235 -4.81484 0.754801
      vertex 11.6132 -2.09692 2.02219
    endloop
  endfacet
  facet normal 1.73089e-06 0.422619 -0.906308
    outer loop
      vertex 11.4235 -4.81484 0.754801
      vertex 11.325 -2.27146 1.9408
      vertex 11.6132 -2.09692 2.02219
    endloop
  endfacet
  facet normal -5.73623e-06 0.422618 -0.906308
    outer loop
      vertex 11.4235 -4.81484 0.754801
      vertex 11.0249 -2.40556 1.87827
      vertex 11.325 -2.27146 1.9408
    endloop
  endfacet
  facet normal -0.000124886 0.422602 -0.906315
    outer loop
      vertex 11.4235 -4.81484 0.754801
      vertex 11.0141 -2.41041 1.87601
      vertex 11.0249 -2.40556 1.87827
    endloop
  endfacet
  facet normal -0.000106505 0.422605 -0.906314
    outer loop
      vertex 11.4235 -4.81484 0.754801
      vertex 11.0027 -2.41393 1.87437
      vertex 11.0141 -2.41041 1.87601
    endloop
  endfacet
  facet normal 9.23103e-06 0.422622 -0.906306
    outer loop
      vertex 11.4235 -4.81484 0.754801
      vertex 10.6859 -2.51139 1.82892
      vertex 11.0027 -2.41393 1.87437
    endloop
  endfacet
  facet normal -1.66857e-07 0.422619 -0.906307
    outer loop
      vertex 11.4235 -4.81484 0.754801
      vertex 10.3459 -2.57268 1.80034
      vertex 10.6859 -2.51139 1.82892
    endloop
  endfacet
  facet normal 8.17255e-06 0.422622 -0.906306
    outer loop
      vertex 11.4235 -4.81484 0.754801
      vertex 10.0121 -2.59251 1.79109
      vertex 10.3459 -2.57268 1.80034
    endloop
  endfacet
  facet normal -0.000414422 0.422402 -0.906409
    outer loop
      vertex 11.4235 -4.81484 0.754801
      vertex 10 -2.59323 1.79076
      vertex 10.0121 -2.59251 1.79109
    endloop
  endfacet
  facet normal 0 0.42262 -0.906307
    outer loop
      vertex 8.5765 -4.81484 0.754801
      vertex 10 -2.59323 1.79076
      vertex 11.4235 -4.81484 0.754801
    endloop
  endfacet
  facet normal 0.000415746 0.422401 -0.906409
    outer loop
      vertex 10 -2.59323 1.79076
      vertex 8.5765 -4.81484 0.754801
      vertex 9.98794 -2.59251 1.79109
    endloop
  endfacet
  facet normal -8.17183e-06 0.422622 -0.906306
    outer loop
      vertex 9.98794 -2.59251 1.79109
      vertex 8.5765 -4.81484 0.754801
      vertex 9.65411 -2.57268 1.80034
    endloop
  endfacet
  facet normal 1.66866e-07 0.422619 -0.906307
    outer loop
      vertex 9.65411 -2.57268 1.80034
      vertex 8.5765 -4.81484 0.754801
      vertex 9.31413 -2.51139 1.82892
    endloop
  endfacet
  facet normal -9.231e-06 0.422622 -0.906306
    outer loop
      vertex 9.31413 -2.51139 1.82892
      vertex 8.5765 -4.81484 0.754801
      vertex 8.99733 -2.41393 1.87437
    endloop
  endfacet
  facet normal 0.000106151 0.422605 -0.906314
    outer loop
      vertex 8.99733 -2.41393 1.87437
      vertex 8.5765 -4.81484 0.754801
      vertex 8.98589 -2.41041 1.87601
    endloop
  endfacet
  facet normal 0.000124458 0.422602 -0.906315
    outer loop
      vertex 8.98589 -2.41041 1.87601
      vertex 8.5765 -4.81484 0.754801
      vertex 8.97505 -2.40556 1.87827
    endloop
  endfacet
  facet normal 5.73717e-06 0.422618 -0.906308
    outer loop
      vertex 8.97505 -2.40556 1.87827
      vertex 8.5765 -4.81484 0.754801
      vertex 8.675 -2.27146 1.9408
    endloop
  endfacet
  facet normal -1.73077e-06 0.422619 -0.906308
    outer loop
      vertex 8.5765 -4.81484 0.754801
      vertex 8.38678 -2.09692 2.02219
      vertex 8.675 -2.27146 1.9408
    endloop
  endfacet
  facet normal 6.59468e-07 0.422619 -0.906308
    outer loop
      vertex 8.5765 -4.81484 0.754801
      vertex 8.14853 -1.90756 2.11049
      vertex 8.38678 -2.09692 2.02219
    endloop
  endfacet
  facet normal 0 0.422619 -0.906308
    outer loop
      vertex 8.14853 -1.90756 2.11049
      vertex 8.5765 -4.81484 0.754801
      vertex 4.91866 -1.90756 2.11049
    endloop
  endfacet
  facet normal 0 0.422617 -0.906309
    outer loop
      vertex 10 -4.98469 0.675599
      vertex 8.5765 -4.81484 0.754801
      vertex 11.4235 -4.81484 0.754801
    endloop
  endfacet
  facet normal 0.831465 0.503523 0.234797
    outer loop
      vertex 14.7631 2.49235 4.1622
      vertex 14.3634 3.03449 4.415
      vertex 14.7631 -2.57907 15.0379
    endloop
  endfacet
  facet normal -2.53167e-05 -0.422636 0.906299
    outer loop
      vertex 11.4235 -0.256576 16.1209
      vertex 10.7179 -0.129371 16.1802
      vertex 15.5 -5.07142 13.8757
    endloop
  endfacet
  facet normal 0.0653992 0.904367 0.421714
    outer loop
      vertex 10.7179 4.94205 5.30451
      vertex 10 4.98469 5.3244
      vertex 10.7179 -0.129371 16.1802
    endloop
  endfacet
  facet normal -9.53379e-05 -0.422631 0.906302
    outer loop
      vertex 15.4529 -4.42079 14.1791
      vertex 15.3126 -3.78129 14.4773
      vertex 15.5 -5.07142 13.8757
    endloop
  endfacet
  facet normal 0.9808 0.176746 0.082418
    outer loop
      vertex 15.4529 0.650633 3.30339
      vertex 15.3126 -3.78129 14.4773
      vertex 15.4529 -4.42079 14.1791
    endloop
  endfacet
  facet normal 2.56105e-07 0.422618 -0.906308
    outer loop
      vertex 9.28211 4.94205 5.30451
      vertex 4.54705 0.650633 3.30339
      vertex 5.63656 3.03449 4.415
    endloop
  endfacet
  facet normal 3.02551e-05 0.422703 -0.906268
    outer loop
      vertex 12.1048 4.60526 5.14747
      vertex 10.7179 4.94205 5.30451
      vertex 11.4235 4.81484 5.2452
    endloop
  endfacet
  facet normal -1.29676e-05 0.422639 -0.906298
    outer loop
      vertex 9.28211 4.94205 5.30451
      vertex 5.63656 3.03449 4.415
      vertex 6.11091 3.52471 4.6436
    endloop
  endfacet
  facet normal -0.751845 0.597565 0.278649
    outer loop
      vertex 6.11091 3.52471 4.6436
      vertex 5.63656 3.03449 4.415
      vertex 6.11091 -1.54671 15.5193
    endloop
  endfacet
  facet normal 0.0653549 -0.90437 -0.421716
    outer loop
      vertex 10 -10.0561 11.5513
      vertex 10.7179 -4.94205 0.695485
      vertex 10.7179 -10.0135 11.5712
    endloop
  endfacet
  facet normal 0.0653969 -0.904368 -0.421713
    outer loop
      vertex 10.7179 -4.94205 0.695485
      vertex 10 -10.0561 11.5513
      vertex 10 -4.98469 0.675599
    endloop
  endfacet
  facet normal -0.00021714 -0.422281 0.906465
    outer loop
      vertex 7.25 -0.754548 15.8887
      vertex 6.65181 -1.1168 15.7198
      vertex 7.89524 -0.466163 16.0232
    endloop
  endfacet
  facet normal 2.53162e-05 -0.422636 0.906299
    outer loop
      vertex 8.5765 -0.256576 16.1209
      vertex 4.5 -5.07142 13.8757
      vertex 9.28211 -0.129371 16.1802
    endloop
  endfacet
  facet normal 5.85339e-05 -0.422701 0.906269
    outer loop
      vertex 6.65181 -1.1168 15.7198
      vertex 5.63656 -2.03693 15.2907
      vertex 8.5765 -0.256576 16.1209
    endloop
  endfacet
  facet normal 0.000106482 -0.422789 0.906228
    outer loop
      vertex 7.89524 -0.466163 16.0232
      vertex 6.65181 -1.1168 15.7198
      vertex 8.5765 -0.256576 16.1209
    endloop
  endfacet
  facet normal -2.55685e-05 0.422628 -0.906303
    outer loop
      vertex 5.63656 3.03449 4.415
      vertex 4.54705 0.650633 3.30339
      vertex 4.91866 1.90756 3.88951
    endloop
  endfacet
  facet normal -7.86266e-06 -0.422613 0.90631
    outer loop
      vertex 4.91866 -3.16386 14.7652
      vertex 4.5 -5.07142 13.8757
      vertex 8.5765 -0.256576 16.1209
    endloop
  endfacet
  facet normal -0.00013882 -0.422941 0.906157
    outer loop
      vertex 9.28211 -10.0135 11.5712
      vertex 7.25 -9.38829 11.8627
      vertex 7.89524 -9.67667 11.7282
    endloop
  endfacet
  facet normal 2.52015e-06 -0.42263 0.906302
    outer loop
      vertex 14.3634 -8.10591 12.4607
      vertex 12.75 -9.38829 11.8627
      vertex 13.8891 -8.59613 12.2321
    endloop
  endfacet
  facet normal 3.94081e-05 -0.422605 0.906314
    outer loop
      vertex 12.1048 -9.67667 11.7282
      vertex 10.7179 -10.0135 11.5712
      vertex 11.4235 -9.88626 11.6305
    endloop
  endfacet
  facet normal -0.629118 -0.776689 -0.0310676
    outer loop
      vertex 8.14853 -1.90756 2.11049
      vertex 8.12617 -1.88978 2.11878
      vertex 8.13525 -1.897 2.11541
    endloop
  endfacet
  facet normal 6.38009e-05 0.422939 -0.906158
    outer loop
      vertex 7.35079 -0.202438 2.9056
      vertex 6.13384 0 3
      vertex 7.35 -0.191511 2.9107
    endloop
  endfacet
  facet normal 1.01605e-06 0.422629 -0.906303
    outer loop
      vertex 7.37267 -0.504997 2.76451
      vertex 6.13384 0 3
      vertex 7.35079 -0.202438 2.9056
    endloop
  endfacet
  facet normal -7.53448e-06 0.422612 -0.906311
    outer loop
      vertex 7.43794 -0.80238 2.62584
      vertex 6.13384 0 3
      vertex 7.37267 -0.504997 2.76451
    endloop
  endfacet
  facet normal 0.000108143 0.422766 -0.906239
    outer loop
      vertex 7.4403 -0.81312 2.62083
      vertex 6.13384 0 3
      vertex 7.43794 -0.80238 2.62584
    endloop
  endfacet
  facet normal -0.000403275 0.422091 -0.906553
    outer loop
      vertex 7.44418 -0.82349 2.616
      vertex 6.13384 0 3
      vertex 7.4403 -0.81312 2.62083
    endloop
  endfacet
  facet normal -4.41583e-06 0.422627 -0.906304
    outer loop
      vertex 4.91866 -1.90756 2.11049
      vertex 7.44418 -0.82349 2.616
      vertex 7.55172 -1.11061 2.48211
    endloop
  endfacet
  facet normal 4.57337e-06 0.422602 -0.906315
    outer loop
      vertex 4.91866 -1.90756 2.11049
      vertex 7.55172 -1.11061 2.48211
      vertex 7.70503 -1.39237 2.35073
    endloop
  endfacet
  facet normal -2.41467e-06 0.422633 -0.906301
    outer loop
      vertex 4.91866 -1.90756 2.11049
      vertex 7.70503 -1.39237 2.35073
      vertex 7.89761 -1.65358 2.22892
    endloop
  endfacet
  facet normal -2.27506e-07 0.422612 -0.906311
    outer loop
      vertex 4.91866 -1.90756 2.11049
      vertex 7.89761 -1.65358 2.22892
      vertex 8.12617 -1.88978 2.11878
    endloop
  endfacet
  facet normal -1.16543e-07 0.422618 -0.906308
    outer loop
      vertex 7.44418 -0.82349 2.616
      vertex 4.91866 -1.90756 2.11049
      vertex 6.13384 0 3
    endloop
  endfacet
  facet normal 0 0.422578 -0.906326
    outer loop
      vertex 4.91866 -1.90756 2.11049
      vertex 8.12617 -1.88978 2.11878
      vertex 8.14853 -1.90756 2.11049
    endloop
  endfacet
  facet normal 0 0.422606 -0.906313
    outer loop
      vertex 7.36385 0 3
      vertex 7.35 -0.191511 2.9107
      vertex 6.13384 0 3
    endloop
  endfacet
  facet normal 0 0.422637 -0.906299
    outer loop
      vertex 12.6273 0.121975 3.05688
      vertex 13.8662 2.17391e-06 3
      vertex 12.6361 2.17391e-06 3
    endloop
  endfacet
  facet normal 9.44622e-06 0.422716 -0.906262
    outer loop
      vertex 12.625 0.132716 3.06189
      vertex 13.8662 2.17391e-06 3
      vertex 12.6273 0.121975 3.05688
    endloop
  endfacet
  facet normal -4.04219e-06 0.422613 -0.90631
    outer loop
      vertex 12.5597 0.430099 3.20056
      vertex 13.8662 2.17391e-06 3
      vertex 12.625 0.132716 3.06189
    endloop
  endfacet
  facet normal -0.000186293 0.422158 -0.906522
    outer loop
      vertex 12.5558 0.440469 3.20539
      vertex 13.8662 2.17391e-06 3
      vertex 12.5597 0.430099 3.20056
    endloop
  endfacet
  facet normal 9.22624e-06 0.422636 -0.9063
    outer loop
      vertex 12.4483 0.727585 3.33928
      vertex 13.8662 2.17391e-06 3
      vertex 12.5558 0.440469 3.20539
    endloop
  endfacet
  facet normal 3.17964e-06 0.422626 -0.906304
    outer loop
      vertex 12.3003 0.999525 3.46609
      vertex 13.8662 2.17391e-06 3
      vertex 12.4483 0.727585 3.33928
    endloop
  endfacet
  facet normal -0.00103526 0.421289 -0.906926
    outer loop
      vertex 12.295 1.00935 3.47066
      vertex 13.8662 2.17391e-06 3
      vertex 12.3003 0.999525 3.46609
    endloop
  endfacet
  facet normal 3.17187e-05 0.422654 -0.906291
    outer loop
      vertex 12.1024 1.27056 3.59247
      vertex 13.8662 2.17391e-06 3
      vertex 12.295 1.00935 3.47066
    endloop
  endfacet
  facet normal 1.05077e-05 0.422621 -0.906307
    outer loop
      vertex 10.7179 4.94205 5.30451
      vertex 12.1024 1.27056 3.59247
      vertex 11.8738 1.50676 3.70261
    endloop
  endfacet
  facet normal -0.000443355 0.422495 -0.906365
    outer loop
      vertex 10.7179 4.94205 5.30451
      vertex 11.8738 1.50676 3.70261
      vertex 11.8647 1.51398 3.70598
    endloop
  endfacet
  facet normal 1.9235e-05 0.422622 -0.906306
    outer loop
      vertex 10.7179 4.94205 5.30451
      vertex 11.8647 1.51398 3.70598
      vertex 11.6132 1.7139 3.7992
    endloop
  endfacet
  facet normal 0.00101951 0.422704 -0.906267
    outer loop
      vertex 10.7179 4.94205 5.30451
      vertex 11.0249 2.02254 3.94313
      vertex 11.0141 2.02739 3.94538
    endloop
  endfacet
  facet normal -3.57344e-07 0.422617 -0.906308
    outer loop
      vertex 12.1024 1.27056 3.59247
      vertex 10.7179 4.94205 5.30451
      vertex 13.8662 2.17391e-06 3
    endloop
  endfacet
  facet normal -2.71756e-06 0.422617 -0.906308
    outer loop
      vertex 11.325 1.88844 3.88059
      vertex 10.7179 4.94205 5.30451
      vertex 11.6132 1.7139 3.7992
    endloop
  endfacet
  facet normal -2.72415e-05 0.422613 -0.90631
    outer loop
      vertex 11.0249 2.02254 3.94313
      vertex 10.7179 4.94205 5.30451
      vertex 11.325 1.88844 3.88059
    endloop
  endfacet
  facet normal -0.000705462 0.42256 -0.906335
    outer loop
      vertex 11.0027 2.03091 3.94703
      vertex 10.7179 4.94205 5.30451
      vertex 11.0141 2.02739 3.94538
    endloop
  endfacet
  facet normal 1.80343e-05 0.422618 -0.906308
    outer loop
      vertex 10.6859 2.12837 3.99247
      vertex 10.7179 4.94205 5.30451
      vertex 11.0027 2.03091 3.94703
    endloop
  endfacet
  facet normal -4.04647e-08 0.422618 -0.906308
    outer loop
      vertex 10.3459 2.18966 4.02105
      vertex 10.7179 4.94205 5.30451
      vertex 10.6859 2.12837 3.99247
    endloop
  endfacet
  facet normal -5.31474e-06 0.422619 -0.906308
    outer loop
      vertex 10 2.2102 4.03063
      vertex 10.7179 4.94205 5.30451
      vertex 10.3459 2.18966 4.02105
    endloop
  endfacet
  facet normal 5.31489e-06 0.422619 -0.906308
    outer loop
      vertex 9.28211 4.94205 5.30451
      vertex 10 2.2102 4.03063
      vertex 9.65411 2.18966 4.02105
    endloop
  endfacet
  facet normal 4.0467e-08 0.422618 -0.906308
    outer loop
      vertex 9.28211 4.94205 5.30451
      vertex 9.65411 2.18966 4.02105
      vertex 9.31413 2.12837 3.99247
    endloop
  endfacet
  facet normal 0 0.422618 -0.906308
    outer loop
      vertex 10 2.2102 4.03063
      vertex 9.28211 4.94205 5.30451
      vertex 10.7179 4.94205 5.30451
    endloop
  endfacet
  facet normal -1.80343e-05 0.422618 -0.906308
    outer loop
      vertex 8.99733 2.03091 3.94703
      vertex 9.28211 4.94205 5.30451
      vertex 9.31413 2.12837 3.99247
    endloop
  endfacet
  facet normal 0.000702918 0.42256 -0.906335
    outer loop
      vertex 8.98589 2.02739 3.94538
      vertex 9.28211 4.94205 5.30451
      vertex 8.99733 2.03091 3.94703
    endloop
  endfacet
  facet normal -0.00101557 0.422703 -0.906268
    outer loop
      vertex 8.97505 2.02254 3.94313
      vertex 9.28211 4.94205 5.30451
      vertex 8.98589 2.02739 3.94538
    endloop
  endfacet
  facet normal 2.72466e-05 0.422613 -0.90631
    outer loop
      vertex 8.675 1.88844 3.88059
      vertex 9.28211 4.94205 5.30451
      vertex 8.97505 2.02254 3.94313
    endloop
  endfacet
  facet normal 2.71736e-06 0.422617 -0.906308
    outer loop
      vertex 8.38678 1.7139 3.7992
      vertex 9.28211 4.94205 5.30451
      vertex 8.675 1.88844 3.88059
    endloop
  endfacet
  facet normal -1.92323e-05 0.422622 -0.906306
    outer loop
      vertex 8.13525 1.51398 3.70598
      vertex 9.28211 4.94205 5.30451
      vertex 8.38678 1.7139 3.7992
    endloop
  endfacet
  facet normal 0.000444694 0.422495 -0.906365
    outer loop
      vertex 8.12617 1.50676 3.70261
      vertex 9.28211 4.94205 5.30451
      vertex 8.13525 1.51398 3.70598
    endloop
  endfacet
  facet normal -1.05107e-05 0.422621 -0.906307
    outer loop
      vertex 7.89761 1.27056 3.59247
      vertex 9.28211 4.94205 5.30451
      vertex 8.12617 1.50676 3.70261
    endloop
  endfacet
  facet normal -3.17165e-05 0.422654 -0.906291
    outer loop
      vertex 6.13385 2.17391e-06 3
      vertex 7.89761 1.27056 3.59247
      vertex 7.70503 1.00935 3.47066
    endloop
  endfacet
  facet normal 0.00103944 0.421284 -0.906928
    outer loop
      vertex 6.13385 2.17391e-06 3
      vertex 7.70503 1.00935 3.47066
      vertex 7.69969 0.999525 3.46609
    endloop
  endfacet
  facet normal -3.17948e-06 0.422626 -0.906304
    outer loop
      vertex 6.13385 2.17391e-06 3
      vertex 7.69969 0.999525 3.46609
      vertex 7.55172 0.727585 3.33928
    endloop
  endfacet
  facet normal -9.45216e-06 0.422716 -0.906262
    outer loop
      vertex 6.13385 2.17391e-06 3
      vertex 7.37503 0.132716 3.06189
      vertex 7.37267 0.121975 3.05688
    endloop
  endfacet
  facet normal 3.57355e-07 0.422617 -0.906308
    outer loop
      vertex 7.89761 1.27056 3.59247
      vertex 6.13385 2.17391e-06 3
      vertex 9.28211 4.94205 5.30451
    endloop
  endfacet
  facet normal -9.2273e-06 0.422636 -0.9063
    outer loop
      vertex 7.44418 0.440469 3.20539
      vertex 6.13385 2.17391e-06 3
      vertex 7.55172 0.727585 3.33928
    endloop
  endfacet
  facet normal 0.000186166 0.422158 -0.906522
    outer loop
      vertex 7.4403 0.430099 3.20056
      vertex 6.13385 2.17391e-06 3
      vertex 7.44418 0.440469 3.20539
    endloop
  endfacet
  facet normal 4.04221e-06 0.422613 -0.90631
    outer loop
      vertex 7.37503 0.132716 3.06189
      vertex 6.13385 2.17391e-06 3
      vertex 7.4403 0.430099 3.20056
    endloop
  endfacet
  facet normal 0 0.422637 -0.906299
    outer loop
      vertex 6.13385 2.17391e-06 3
      vertex 7.37267 0.121975 3.05688
      vertex 7.36385 2.17391e-06 3
    endloop
  endfacet
  facet normal 1.16542e-07 0.422618 -0.906308
    outer loop
      vertex 12.5558 -0.82349 2.616
      vertex 13.8662 0 3
      vertex 15.0813 -1.90756 2.11049
    endloop
  endfacet
  facet normal -6.38081e-05 0.422939 -0.906158
    outer loop
      vertex 13.8662 0 3
      vertex 12.6492 -0.202438 2.9056
      vertex 12.65 -0.191511 2.9107
    endloop
  endfacet
  facet normal -1.01602e-06 0.422629 -0.906303
    outer loop
      vertex 13.8662 0 3
      vertex 12.6273 -0.504997 2.76451
      vertex 12.6492 -0.202438 2.9056
    endloop
  endfacet
  facet normal 7.53322e-06 0.422612 -0.906311
    outer loop
      vertex 13.8662 0 3
      vertex 12.5621 -0.80238 2.62584
      vertex 12.6273 -0.504997 2.76451
    endloop
  endfacet
  facet normal -0.000108431 0.422767 -0.906239
    outer loop
      vertex 13.8662 0 3
      vertex 12.5597 -0.81312 2.62083
      vertex 12.5621 -0.80238 2.62584
    endloop
  endfacet
  facet normal 0.000403891 0.422091 -0.906554
    outer loop
      vertex 13.8662 0 3
      vertex 12.5558 -0.82349 2.616
      vertex 12.5597 -0.81312 2.62083
    endloop
  endfacet
  facet normal 4.41609e-06 0.422627 -0.906304
    outer loop
      vertex 15.0813 -1.90756 2.11049
      vertex 12.4483 -1.11061 2.48211
      vertex 12.5558 -0.82349 2.616
    endloop
  endfacet
  facet normal -4.5735e-06 0.422602 -0.906315
    outer loop
      vertex 15.0813 -1.90756 2.11049
      vertex 12.295 -1.39237 2.35073
      vertex 12.4483 -1.11061 2.48211
    endloop
  endfacet
  facet normal 2.41469e-06 0.422633 -0.906301
    outer loop
      vertex 15.0813 -1.90756 2.11049
      vertex 12.1024 -1.65358 2.22892
      vertex 12.295 -1.39237 2.35073
    endloop
  endfacet
  facet normal 2.27507e-07 0.422612 -0.906311
    outer loop
      vertex 15.0813 -1.90756 2.11049
      vertex 11.8738 -1.88978 2.11878
      vertex 12.1024 -1.65358 2.22892
    endloop
  endfacet
  facet normal 2.51796e-06 0.422952 -0.906152
    outer loop
      vertex 15.0813 -1.90756 2.11049
      vertex 11.8647 -1.897 2.11541
      vertex 11.8738 -1.88978 2.11878
    endloop
  endfacet
  facet normal 0 0.422321 -0.906446
    outer loop
      vertex 11.8647 -1.897 2.11541
      vertex 15.0813 -1.90756 2.11049
      vertex 11.8515 -1.90756 2.11049
    endloop
  endfacet
  facet normal 0 0.422606 -0.906313
    outer loop
      vertex 13.8662 0 3
      vertex 12.65 -0.191511 2.9107
      vertex 12.6362 0 3
    endloop
  endfacet
  facet normal -2.56109e-07 0.422618 -0.906308
    outer loop
      vertex 15.4529 0.650633 3.30339
      vertex 10.7179 4.94205 5.30451
      vertex 14.3634 3.03449 4.415
    endloop
  endfacet
  facet normal 0.321402 0.858222 0.400195
    outer loop
      vertex 11.4235 4.81484 5.2452
      vertex 11.4235 -0.256576 16.1209
      vertex 12.1048 -0.466163 16.0232
    endloop
  endfacet
  facet normal -0.000106463 -0.422789 0.906228
    outer loop
      vertex 12.1048 -0.466163 16.0232
      vertex 11.4235 -0.256576 16.1209
      vertex 13.3482 -1.1168 15.7198
    endloop
  endfacet
  facet normal -8.66168e-05 -0.42263 0.906302
    outer loop
      vertex 15.3126 -3.78129 14.4773
      vertex 15.0813 -3.16386 14.7652
      vertex 15.5 -5.07142 13.8757
    endloop
  endfacet
  facet normal 1.14408e-05 -0.422606 0.906314
    outer loop
      vertex 14.3634 -2.03693 15.2907
      vertex 11.4235 -0.256576 16.1209
      vertex 14.7631 -2.57907 15.0379
    endloop
  endfacet
  facet normal 8.24518e-05 -0.422629 0.906303
    outer loop
      vertex 15.4529 -5.72205 13.5723
      vertex 15.0813 -6.97898 12.9862
      vertex 15.3126 -6.36155 13.2741
    endloop
  endfacet
  facet normal 0 0.422624 -0.906305
    outer loop
      vertex 15.4529 -0.650633 2.6966
      vertex 15.4059 0 3
      vertex 15.4529 0 3
    endloop
  endfacet
  facet normal -3.45761e-05 0.422622 -0.906306
    outer loop
      vertex 15.4059 0 3
      vertex 15.4529 -0.650633 2.6966
      vertex 15.3126 -1.29013 2.3984
    endloop
  endfacet
  facet normal 7.21553e-06 0.422613 -0.90631
    outer loop
      vertex 15.4529 1.02258e-06 3
      vertex 15.4059 1.82504e-06 3
      vertex 15.4529 0.650633 3.30339
    endloop
  endfacet
  facet normal 2.47409e-08 0.422618 -0.906308
    outer loop
      vertex 13.8662 2.17391e-06 3
      vertex 10.7179 4.94205 5.30451
      vertex 14.3614 2.14492e-06 3
    endloop
  endfacet
  facet normal -4.66576e-06 0.422617 -0.906308
    outer loop
      vertex 15.0813 -1.90756 2.11049
      vertex 14.3614 0 3
      vertex 15.3126 -1.29013 2.3984
    endloop
  endfacet
  facet normal 0 0.422618 -0.906308
    outer loop
      vertex 14.3614 0 3
      vertex 15.0813 -1.90756 2.11049
      vertex 13.8662 0 3
    endloop
  endfacet
  facet normal -7.01319e-05 0.422669 -0.906284
    outer loop
      vertex 14.3634 -3.03449 1.58499
      vertex 13.8891 -3.52471 1.3564
      vertex 14.7631 -2.49235 1.8378
    endloop
  endfacet
  facet normal -0.321427 0.858214 0.400191
    outer loop
      vertex 7.89524 4.60526 5.14747
      vertex 7.89524 -0.466163 16.0232
      vertex 8.5765 4.81484 5.2452
    endloop
  endfacet
  facet normal -0.321419 0.858217 0.400193
    outer loop
      vertex 8.5765 4.81484 5.2452
      vertex 7.89524 -0.466163 16.0232
      vertex 8.5765 -0.256576 16.1209
    endloop
  endfacet
  facet normal -4.80303e-06 0.422624 -0.906305
    outer loop
      vertex 9.28211 4.94205 5.30451
      vertex 6.11091 3.52471 4.6436
      vertex 7.25 4.31687 5.01299
    endloop
  endfacet
  facet normal -4.99351e-06 0.422613 -0.90631
    outer loop
      vertex 5.23686 -2.49235 1.8378
      vertex 4.91866 -1.90756 2.11049
      vertex 7.89524 -4.60526 0.852533
    endloop
  endfacet
  facet normal 2.31459e-05 -0.422632 0.906301
    outer loop
      vertex 15.5 -5.07142 13.8757
      vertex 10.7179 -10.0135 11.5712
      vertex 12.75 -9.38829 11.8627
    endloop
  endfacet
  facet normal 0.751877 -0.597532 -0.278634
    outer loop
      vertex 14.3634 -8.10591 12.4607
      vertex 13.8891 -3.52471 1.3564
      vertex 14.3634 -3.03449 1.58499
    endloop
  endfacet
  facet normal 0.751879 -0.59753 -0.278632
    outer loop
      vertex 13.8891 -3.52471 1.3564
      vertex 14.3634 -8.10591 12.4607
      vertex 13.8891 -8.59613 12.2321
    endloop
  endfacet
  facet normal 6.70953e-06 0.422612 -0.906311
    outer loop
      vertex 12.1048 -4.60526 0.852533
      vertex 11.4235 -4.81484 0.754801
      vertex 15.0813 -1.90756 2.11049
    endloop
  endfacet
  facet normal -0.946933 0.291317 0.135843
    outer loop
      vertex 4.68741 1.29013 3.6016
      vertex 4.91866 -3.16386 14.7652
      vertex 4.91866 1.90756 3.88951
    endloop
  endfacet
  facet normal -0.946932 0.291318 0.135844
    outer loop
      vertex 4.91866 -3.16386 14.7652
      vertex 4.68741 1.29013 3.6016
      vertex 4.68741 -3.78129 14.4773
    endloop
  endfacet
  facet normal -0.321422 -0.858215 -0.400193
    outer loop
      vertex 7.89524 -4.60526 0.852533
      vertex 8.5765 -9.88626 11.6305
      vertex 7.89524 -9.67667 11.7282
    endloop
  endfacet
  facet normal -0.321428 -0.858214 -0.400192
    outer loop
      vertex 8.5765 -9.88626 11.6305
      vertex 7.89524 -4.60526 0.852533
      vertex 8.5765 -4.81484 0.754801
    endloop
  endfacet
  facet normal 9.62291e-05 -0.422585 0.906323
    outer loop
      vertex 5.23686 -7.56377 12.7135
      vertex 4.54705 -5.72205 13.5723
      vertex 4.91866 -6.97898 12.9862
    endloop
  endfacet
  facet normal -0.997859 0.0592715 0.0276387
    outer loop
      vertex 4.5 0 3
      vertex 4.54705 -4.42079 14.1791
      vertex 4.54705 0.650633 3.30339
    endloop
  endfacet
  facet normal -0.997859 0.0592713 0.0276387
    outer loop
      vertex 4.54705 -4.42079 14.1791
      vertex 4.5 0 3
      vertex 4.5 -5.07142 13.8757
    endloop
  endfacet
  facet normal 0 0.422624 -0.906305
    outer loop
      vertex 4.54705 -0.650633 2.6966
      vertex 4.5 0 3
      vertex 4.54705 0 3
    endloop
  endfacet
  facet normal -9.18503e-06 0.422613 -0.90631
    outer loop
      vertex 4.54705 1.02258e-06 3
      vertex 4.5 0 3
      vertex 4.54705 0.650633 3.30339
    endloop
  endfacet
  facet normal 0 0.422734 -0.906254
    outer loop
      vertex 10.7179 4.94205 5.30451
      vertex 9.28211 4.94205 5.30451
      vertex 10 4.98469 5.3244
    endloop
  endfacet
  facet normal -0.0654001 0.904367 0.421714
    outer loop
      vertex 9.28211 4.94205 5.30451
      vertex 9.28211 -0.129371 16.1802
      vertex 10 4.98469 5.3244
    endloop
  endfacet
  facet normal 1.51084e-05 -0.422612 0.906311
    outer loop
      vertex 7.25 -9.38829 11.8627
      vertex 4.5 -5.07142 13.8757
      vertex 5.63656 -8.10591 12.4607
    endloop
  endfacet
  facet normal -2.31457e-05 -0.422632 0.906301
    outer loop
      vertex 9.28211 -10.0135 11.5712
      vertex 4.5 -5.07142 13.8757
      vertex 7.25 -9.38829 11.8627
    endloop
  endfacet
  facet normal 0.896872 0.400851 0.18692
    outer loop
      vertex 14.7631 -2.57907 15.0379
      vertex 15.0813 1.90756 3.88951
      vertex 14.7631 2.49235 4.1622
    endloop
  endfacet
  facet normal 0.896873 0.400849 0.186919
    outer loop
      vertex 15.0813 1.90756 3.88951
      vertex 14.7631 -2.57907 15.0379
      vertex 15.0813 -3.16386 14.7652
    endloop
  endfacet
  facet normal 1.29666e-05 0.422639 -0.906298
    outer loop
      vertex 14.3634 3.03449 4.415
      vertex 10.7179 4.94205 5.30451
      vertex 13.8891 3.52471 4.6436
    endloop
  endfacet
  facet normal 0.32141 0.85822 0.400193
    outer loop
      vertex 12.1048 4.60526 5.14747
      vertex 11.4235 4.81484 5.2452
      vertex 12.1048 -0.466163 16.0232
    endloop
  endfacet
  facet normal 0.000217202 -0.422281 0.906465
    outer loop
      vertex 12.75 -0.754548 15.8887
      vertex 12.1048 -0.466163 16.0232
      vertex 13.3482 -1.1168 15.7198
    endloop
  endfacet
  facet normal 1.36616e-05 0.422647 -0.906294
    outer loop
      vertex 12.75 4.31687 5.01299
      vertex 10.7179 4.94205 5.30451
      vertex 12.1048 4.60526 5.14747
    endloop
  endfacet
  facet normal -2.06776e-06 0.422616 -0.906309
    outer loop
      vertex 13.8891 3.52471 4.6436
      vertex 12.75 4.31687 5.01299
      vertex 13.3482 3.95462 4.84407
    endloop
  endfacet
  facet normal 0.831465 0.503523 0.234797
    outer loop
      vertex 14.3634 3.03449 4.415
      vertex 14.3634 -2.03693 15.2907
      vertex 14.7631 -2.57907 15.0379
    endloop
  endfacet
  facet normal 9.19605e-05 0.422644 -0.906296
    outer loop
      vertex 15.4529 0.650633 3.30339
      vertex 15.0813 1.90756 3.88951
      vertex 15.3126 1.29013 3.6016
    endloop
  endfacet
  facet normal 0.9808 -0.176746 -0.082418
    outer loop
      vertex 15.4529 -5.72205 13.5723
      vertex 15.3126 -6.36155 13.2741
      vertex 15.4529 -0.650633 2.6966
    endloop
  endfacet
  facet normal 9.17528e-06 0.422613 -0.90631
    outer loop
      vertex 15.5 0 3
      vertex 15.4529 1.02258e-06 3
      vertex 15.4529 0.650633 3.30339
    endloop
  endfacet
  facet normal 0 0.422624 -0.906305
    outer loop
      vertex 15.5 0 3
      vertex 15.4529 -0.650633 2.6966
      vertex 15.4529 0 3
    endloop
  endfacet
  facet normal 7.54741e-06 -0.422617 0.906308
    outer loop
      vertex 15.4529 -5.72205 13.5723
      vertex 14.3634 -8.10591 12.4607
      vertex 14.7631 -7.56377 12.7135
    endloop
  endfacet
  facet normal 0.896872 -0.400851 -0.18692
    outer loop
      vertex 15.0813 -6.97898 12.9862
      vertex 14.7631 -2.49235 1.8378
      vertex 15.0813 -1.90756 2.11049
    endloop
  endfacet
  facet normal 0.896873 -0.400849 -0.186919
    outer loop
      vertex 14.7631 -2.49235 1.8378
      vertex 15.0813 -6.97898 12.9862
      vertex 14.7631 -7.56377 12.7135
    endloop
  endfacet
  facet normal -3.02515e-05 0.422703 -0.906268
    outer loop
      vertex 9.28211 4.94205 5.30451
      vertex 7.89524 4.60526 5.14747
      vertex 8.5765 4.81484 5.2452
    endloop
  endfacet
  facet normal -0.195082 0.888895 0.414498
    outer loop
      vertex 8.5765 4.81484 5.2452
      vertex 8.5765 -0.256576 16.1209
      vertex 9.28211 -0.129371 16.1802
    endloop
  endfacet
  facet normal -0.442301 0.812838 0.379032
    outer loop
      vertex 7.89524 4.60526 5.14747
      vertex 7.25 -0.754548 15.8887
      vertex 7.89524 -0.466163 16.0232
    endloop
  endfacet
  facet normal -0.442296 0.81284 0.379033
    outer loop
      vertex 7.25 -0.754548 15.8887
      vertex 7.89524 4.60526 5.14747
      vertex 7.25 4.31687 5.01299
    endloop
  endfacet
  facet normal -0.195124 -0.888887 -0.414495
    outer loop
      vertex 8.5765 -4.81484 0.754801
      vertex 9.28211 -10.0135 11.5712
      vertex 8.5765 -9.88626 11.6305
    endloop
  endfacet
  facet normal -0.195097 -0.888892 -0.414499
    outer loop
      vertex 9.28211 -10.0135 11.5712
      vertex 8.5765 -4.81484 0.754801
      vertex 9.28211 -4.94205 0.695485
    endloop
  endfacet
  facet normal -0.0653558 -0.904369 -0.421716
    outer loop
      vertex 9.28211 -4.94205 0.695485
      vertex 10 -10.0561 11.5513
      vertex 9.28211 -10.0135 11.5712
    endloop
  endfacet
  facet normal -0.0653978 -0.904368 -0.421713
    outer loop
      vertex 10 -10.0561 11.5513
      vertex 9.28211 -4.94205 0.695485
      vertex 10 -4.98469 0.675599
    endloop
  endfacet
  facet normal -3.60021e-06 0.422622 -0.906306
    outer loop
      vertex 13.3482 -3.95462 1.15593
      vertex 12.1048 -4.60526 0.852533
      vertex 14.7631 -2.49235 1.8378
    endloop
  endfacet
  facet normal 0.000138803 -0.422941 0.906157
    outer loop
      vertex 12.75 -9.38829 11.8627
      vertex 10.7179 -10.0135 11.5712
      vertex 12.1048 -9.67667 11.7282
    endloop
  endfacet
  facet normal 0.195127 -0.888887 -0.414495
    outer loop
      vertex 10.7179 -10.0135 11.5712
      vertex 11.4235 -4.81484 0.754801
      vertex 11.4235 -9.88626 11.6305
    endloop
  endfacet
  facet normal 0.1951 -0.888891 -0.414498
    outer loop
      vertex 11.4235 -4.81484 0.754801
      vertex 10.7179 -10.0135 11.5712
      vertex 10.7179 -4.94205 0.695485
    endloop
  endfacet
  facet normal 0.442318 -0.81283 -0.379029
    outer loop
      vertex 12.75 -9.38829 11.8627
      vertex 12.1048 -9.67667 11.7282
      vertex 12.1048 -4.60526 0.852533
    endloop
  endfacet
  facet normal 0.555565 -0.753571 -0.351396
    outer loop
      vertex 13.3482 -3.95462 1.15593
      vertex 12.75 -9.38829 11.8627
      vertex 12.75 -4.31687 0.98701
    endloop
  endfacet
  facet normal -0.831467 -0.503521 -0.234796
    outer loop
      vertex 5.63656 -3.03449 1.58499
      vertex 5.23686 -7.56377 12.7135
      vertex 5.23686 -2.49235 1.8378
    endloop
  endfacet
  facet normal -7.54752e-06 -0.422617 0.906308
    outer loop
      vertex 5.63656 -8.10591 12.4607
      vertex 4.54705 -5.72205 13.5723
      vertex 5.23686 -7.56377 12.7135
    endloop
  endfacet
  facet normal -2.52076e-06 -0.42263 0.906302
    outer loop
      vertex 7.25 -9.38829 11.8627
      vertex 5.63656 -8.10591 12.4607
      vertex 6.11091 -8.59613 12.2321
    endloop
  endfacet
  facet normal 3.60016e-06 0.422622 -0.906306
    outer loop
      vertex 6.65181 -3.95462 1.15593
      vertex 5.23686 -2.49235 1.8378
      vertex 7.89524 -4.60526 0.852533
    endloop
  endfacet
  facet normal -3.94035e-05 -0.422605 0.906314
    outer loop
      vertex 9.28211 -10.0135 11.5712
      vertex 7.89524 -9.67667 11.7282
      vertex 8.5765 -9.88626 11.6305
    endloop
  endfacet
  facet normal 1.23509e-05 -0.422634 0.9063
    outer loop
      vertex 5.23686 -2.57907 15.0379
      vertex 4.91866 -3.16386 14.7652
      vertex 8.5765 -0.256576 16.1209
    endloop
  endfacet
  facet normal 0.0654111 0.904367 0.421713
    outer loop
      vertex 10 4.98469 5.3244
      vertex 10 -0.0867262 16.2001
      vertex 10.7179 -0.129371 16.1802
    endloop
  endfacet
  facet normal -0.065412 0.904367 0.421713
    outer loop
      vertex 10 4.98469 5.3244
      vertex 9.28211 -0.129371 16.1802
      vertex 10 -0.0867262 16.2001
    endloop
  endfacet
  facet normal 1.84217e-05 0.422624 -0.906305
    outer loop
      vertex 15.0813 1.90756 3.88951
      vertex 14.3634 3.03449 4.415
      vertex 14.7631 2.49235 4.1622
    endloop
  endfacet
  facet normal 2.55679e-05 0.422628 -0.906303
    outer loop
      vertex 15.4529 0.650633 3.30339
      vertex 14.3634 3.03449 4.415
      vertex 15.0813 1.90756 3.88951
    endloop
  endfacet
  facet normal 0.442323 0.812828 0.379027
    outer loop
      vertex 12.75 -0.754548 15.8887
      vertex 12.1048 4.60526 5.14747
      vertex 12.1048 -0.466163 16.0232
    endloop
  endfacet
  facet normal 0.442318 0.81283 0.379028
    outer loop
      vertex 12.1048 4.60526 5.14747
      vertex 12.75 -0.754548 15.8887
      vertex 12.75 4.31687 5.01299
    endloop
  endfacet
  facet normal 0.555558 0.753575 0.351397
    outer loop
      vertex 13.3482 -1.1168 15.7198
      vertex 12.75 4.31687 5.01299
      vertex 12.75 -0.754548 15.8887
    endloop
  endfacet
  facet normal 0.555565 0.753571 0.351395
    outer loop
      vertex 12.75 4.31687 5.01299
      vertex 13.3482 -1.1168 15.7198
      vertex 13.3482 3.95462 4.84407
    endloop
  endfacet
  facet normal 0.195096 0.888892 0.414498
    outer loop
      vertex 10.7179 4.94205 5.30451
      vertex 10.7179 -0.129371 16.1802
      vertex 11.4235 4.81484 5.2452
    endloop
  endfacet
  facet normal 0.195084 0.888895 0.414498
    outer loop
      vertex 11.4235 4.81484 5.2452
      vertex 10.7179 -0.129371 16.1802
      vertex 11.4235 -0.256576 16.1209
    endloop
  endfacet
  facet normal -1.23512e-05 -0.422634 0.9063
    outer loop
      vertex 14.7631 -2.57907 15.0379
      vertex 11.4235 -0.256576 16.1209
      vertex 15.0813 -3.16386 14.7652
    endloop
  endfacet
  facet normal 7.86292e-06 -0.422613 0.90631
    outer loop
      vertex 15.0813 -3.16386 14.7652
      vertex 11.4235 -0.256576 16.1209
      vertex 15.5 -5.07142 13.8757
    endloop
  endfacet
  facet normal 0.946911 0.291373 0.13587
    outer loop
      vertex 15.0813 -3.16386 14.7652
      vertex 15.3126 1.29013 3.6016
      vertex 15.0813 1.90756 3.88951
    endloop
  endfacet
  facet normal 0.946911 0.291375 0.13587
    outer loop
      vertex 15.3126 1.29013 3.6016
      vertex 15.0813 -3.16386 14.7652
      vertex 15.3126 -3.78129 14.4773
    endloop
  endfacet
  facet normal 0.9808 0.176746 0.0824179
    outer loop
      vertex 15.3126 1.29013 3.6016
      vertex 15.3126 -3.78129 14.4773
      vertex 15.4529 0.650633 3.30339
    endloop
  endfacet
  facet normal 0.831465 -0.503523 -0.234797
    outer loop
      vertex 14.7631 -7.56377 12.7135
      vertex 14.3634 -8.10591 12.4607
      vertex 14.3634 -3.03449 1.58499
    endloop
  endfacet
  facet normal 3.46612e-05 -0.422627 0.906303
    outer loop
      vertex 15.5 -5.07142 13.8757
      vertex 14.3634 -8.10591 12.4607
      vertex 15.4529 -5.72205 13.5723
    endloop
  endfacet
  facet normal 0.831467 -0.503521 -0.234796
    outer loop
      vertex 14.7631 -7.56377 12.7135
      vertex 14.3634 -3.03449 1.58499
      vertex 14.7631 -2.49235 1.8378
    endloop
  endfacet
  facet normal 0.9808 -0.176747 -0.0824183
    outer loop
      vertex 15.4529 -0.650633 2.6966
      vertex 15.3126 -6.36155 13.2741
      vertex 15.3126 -1.29013 2.3984
    endloop
  endfacet
  facet normal -9.62261e-05 -0.422585 0.906323
    outer loop
      vertex 15.4529 -5.72205 13.5723
      vertex 14.7631 -7.56377 12.7135
      vertex 15.0813 -6.97898 12.9862
    endloop
  endfacet
  facet normal 2.06791e-06 0.422616 -0.906309
    outer loop
      vertex 7.25 4.31687 5.01299
      vertex 6.11091 3.52471 4.6436
      vertex 6.65181 3.95462 4.84407
    endloop
  endfacet
  facet normal -0.659353 0.681393 0.317738
    outer loop
      vertex 6.65181 3.95462 4.84407
      vertex 6.11091 -1.54671 15.5193
      vertex 6.65181 -1.1168 15.7198
    endloop
  endfacet
  facet normal -0.659343 0.681401 0.317742
    outer loop
      vertex 6.11091 -1.54671 15.5193
      vertex 6.65181 3.95462 4.84407
      vertex 6.11091 3.52471 4.6436
    endloop
  endfacet
  facet normal -0.000172948 -0.422491 0.906367
    outer loop
      vertex 6.11091 -1.54671 15.5193
      vertex 5.63656 -2.03693 15.2907
      vertex 6.65181 -1.1168 15.7198
    endloop
  endfacet
  facet normal -0.831465 0.503523 0.234797
    outer loop
      vertex 5.63656 3.03449 4.415
      vertex 5.23686 -2.57907 15.0379
      vertex 5.63656 -2.03693 15.2907
    endloop
  endfacet
  facet normal -6.71022e-06 0.422612 -0.906311
    outer loop
      vertex 7.89524 -4.60526 0.852533
      vertex 4.91866 -1.90756 2.11049
      vertex 8.5765 -4.81484 0.754801
    endloop
  endfacet
  facet normal 6.86468e-06 0.422569 -0.906331
    outer loop
      vertex 10.7179 -4.94205 0.695485
      vertex 10 -4.98469 0.675599
      vertex 11.4235 -4.81484 0.754801
    endloop
  endfacet
  facet normal 4.99377e-06 0.422613 -0.90631
    outer loop
      vertex 14.7631 -2.49235 1.8378
      vertex 12.1048 -4.60526 0.852533
      vertex 15.0813 -1.90756 2.11049
    endloop
  endfacet
  facet normal -0.946933 -0.291317 -0.135843
    outer loop
      vertex 4.91866 -1.90756 2.11049
      vertex 4.68741 -6.36155 13.2741
      vertex 4.68741 -1.29013 2.3984
    endloop
  endfacet
  facet normal -0.946932 -0.291318 -0.135844
    outer loop
      vertex 4.68741 -6.36155 13.2741
      vertex 4.91866 -1.90756 2.11049
      vertex 4.91866 -6.97898 12.9862
    endloop
  endfacet
  facet normal 0 0.422618 -0.906308
    outer loop
      vertex 4.91866 -1.90756 2.11049
      vertex 5.63856 0 3
      vertex 6.13384 0 3
    endloop
  endfacet
  facet normal 4.66626e-06 0.422617 -0.906308
    outer loop
      vertex 5.63856 0 3
      vertex 4.91866 -1.90756 2.11049
      vertex 4.68741 -1.29013 2.3984
    endloop
  endfacet
  facet normal -2.47364e-08 0.422618 -0.906308
    outer loop
      vertex 6.13385 2.17391e-06 3
      vertex 5.63856 2.14492e-06 3
      vertex 9.28211 4.94205 5.30451
    endloop
  endfacet
  facet normal -0.751842 -0.597568 -0.27865
    outer loop
      vertex 6.11091 -3.52471 1.3564
      vertex 5.63656 -8.10591 12.4607
      vertex 5.63656 -3.03449 1.58499
    endloop
  endfacet
  facet normal -0.751845 -0.597565 -0.278649
    outer loop
      vertex 5.63656 -8.10591 12.4607
      vertex 6.11091 -3.52471 1.3564
      vertex 6.11091 -8.59613 12.2321
    endloop
  endfacet
  facet normal 7.01009e-05 0.422669 -0.906284
    outer loop
      vertex 5.63656 -3.03449 1.58499
      vertex 5.23686 -2.49235 1.8378
      vertex 6.11091 -3.52471 1.3564
    endloop
  endfacet
  facet normal 7.26867e-06 0.422625 -0.906305
    outer loop
      vertex 6.11091 -3.52471 1.3564
      vertex 5.23686 -2.49235 1.8378
      vertex 6.65181 -3.95462 1.15593
    endloop
  endfacet
  facet normal -9.20642e-05 0.422644 -0.906296
    outer loop
      vertex 4.91866 1.90756 3.88951
      vertex 4.54705 0.650633 3.30339
      vertex 4.68741 1.29013 3.6016
    endloop
  endfacet
  facet normal -1.14405e-05 -0.422606 0.906314
    outer loop
      vertex 5.63656 -2.03693 15.2907
      vertex 5.23686 -2.57907 15.0379
      vertex 8.5765 -0.256576 16.1209
    endloop
  endfacet
  facet normal -1.84217e-05 0.422624 -0.906305
    outer loop
      vertex 5.63656 3.03449 4.415
      vertex 4.91866 1.90756 3.88951
      vertex 5.23686 2.49235 4.1622
    endloop
  endfacet
  facet normal -0.980784 0.176818 0.0824518
    outer loop
      vertex 4.68741 1.29013 3.6016
      vertex 4.54705 0.650633 3.30339
      vertex 4.68741 -3.78129 14.4773
    endloop
  endfacet
  facet normal -0.980784 0.176819 0.0824519
    outer loop
      vertex 4.54705 0.650633 3.30339
      vertex 4.54705 -4.42079 14.1791
      vertex 4.68741 -3.78129 14.4773
    endloop
  endfacet
  facet normal 0.659353 0.681393 0.317738
    outer loop
      vertex 13.8891 -1.54671 15.5193
      vertex 13.3482 3.95462 4.84407
      vertex 13.3482 -1.1168 15.7198
    endloop
  endfacet
  facet normal 0.659343 0.681401 0.317742
    outer loop
      vertex 13.3482 3.95462 4.84407
      vertex 13.8891 -1.54671 15.5193
      vertex 13.8891 3.52471 4.6436
    endloop
  endfacet
  facet normal -7.26781e-06 0.422625 -0.906305
    outer loop
      vertex 13.8891 -3.52471 1.3564
      vertex 13.3482 -3.95462 1.15593
      vertex 14.7631 -2.49235 1.8378
    endloop
  endfacet
  facet normal 0.997855 -0.0593338 -0.0276678
    outer loop
      vertex 15.5 -5.07142 13.8757
      vertex 15.4529 -0.650633 2.6966
      vertex 15.5 0 3
    endloop
  endfacet
  facet normal 0.997855 -0.0593341 -0.0276679
    outer loop
      vertex 15.4529 -0.650633 2.6966
      vertex 15.5 -5.07142 13.8757
      vertex 15.4529 -5.72205 13.5723
    endloop
  endfacet
  facet normal 0.659353 -0.681393 -0.317738
    outer loop
      vertex 13.3482 -9.02604 12.0316
      vertex 13.8891 -3.52471 1.3564
      vertex 13.8891 -8.59613 12.2321
    endloop
  endfacet
  facet normal 0.659343 -0.6814 -0.317743
    outer loop
      vertex 13.8891 -3.52471 1.3564
      vertex 13.3482 -9.02604 12.0316
      vertex 13.3482 -3.95462 1.15593
    endloop
  endfacet
  facet normal 0.555557 -0.753575 -0.351399
    outer loop
      vertex 13.3482 -9.02604 12.0316
      vertex 12.75 -9.38829 11.8627
      vertex 13.3482 -3.95462 1.15593
    endloop
  endfacet
  facet normal -0.980784 -0.176819 -0.0824522
    outer loop
      vertex 4.68741 -6.36155 13.2741
      vertex 4.54705 -0.650633 2.6966
      vertex 4.68741 -1.29013 2.3984
    endloop
  endfacet
  facet normal -0.555565 0.753571 0.351395
    outer loop
      vertex 7.25 4.31687 5.01299
      vertex 6.65181 -1.1168 15.7198
      vertex 7.25 -0.754548 15.8887
    endloop
  endfacet
  facet normal -0.555571 0.753567 0.351393
    outer loop
      vertex 6.65181 -1.1168 15.7198
      vertex 7.25 4.31687 5.01299
      vertex 6.65181 3.95462 4.84407
    endloop
  endfacet
  facet normal -6.86487e-06 0.422569 -0.906331
    outer loop
      vertex 9.28211 -4.94205 0.695485
      vertex 8.5765 -4.81484 0.754801
      vertex 10 -4.98469 0.675599
    endloop
  endfacet
  facet normal -0.659353 -0.681393 -0.317738
    outer loop
      vertex 6.11091 -3.52471 1.3564
      vertex 6.65181 -9.02604 12.0316
      vertex 6.11091 -8.59613 12.2321
    endloop
  endfacet
  facet normal -0.659343 -0.6814 -0.317743
    outer loop
      vertex 6.65181 -9.02604 12.0316
      vertex 6.11091 -3.52471 1.3564
      vertex 6.65181 -3.95462 1.15593
    endloop
  endfacet
  facet normal -0.831465 -0.503523 -0.234797
    outer loop
      vertex 5.63656 -8.10591 12.4607
      vertex 5.23686 -7.56377 12.7135
      vertex 5.63656 -3.03449 1.58499
    endloop
  endfacet
  facet normal 8.66503e-05 -0.42263 0.906302
    outer loop
      vertex 4.68741 -3.78129 14.4773
      vertex 4.5 -5.07142 13.8757
      vertex 4.91866 -3.16386 14.7652
    endloop
  endfacet
  facet normal -0.896872 0.400851 0.18692
    outer loop
      vertex 4.91866 1.90756 3.88951
      vertex 5.23686 -2.57907 15.0379
      vertex 5.23686 2.49235 4.1622
    endloop
  endfacet
  facet normal -0.896873 0.400849 0.186919
    outer loop
      vertex 5.23686 -2.57907 15.0379
      vertex 4.91866 1.90756 3.88951
      vertex 4.91866 -3.16386 14.7652
    endloop
  endfacet
  facet normal -0.831465 0.503523 0.234797
    outer loop
      vertex 5.23686 2.49235 4.1622
      vertex 5.23686 -2.57907 15.0379
      vertex 5.63656 3.03449 4.415
    endloop
  endfacet
  facet normal 4.14384e-06 -0.422659 0.906289
    outer loop
      vertex 15.5 -5.07142 13.8757
      vertex 12.6273 -4.94944 13.9326
      vertex 12.65 -5.26293 13.7864
    endloop
  endfacet
  facet normal 1.09582e-05 -0.422527 0.90635
    outer loop
      vertex 15.5 -5.07142 13.8757
      vertex 12.5625 -4.65428 14.0702
      vertex 12.6273 -4.94944 13.9326
    endloop
  endfacet
  facet normal -0.000584346 -0.425968 0.904738
    outer loop
      vertex 15.5 -5.07142 13.8757
      vertex 12.5597 -4.64132 14.0763
      vertex 12.5625 -4.65428 14.0702
    endloop
  endfacet
  facet normal 5.4593e-05 -0.422383 0.906418
    outer loop
      vertex 15.5 -5.07142 13.8757
      vertex 12.453 -4.35635 14.2091
      vertex 12.5597 -4.64132 14.0763
    endloop
  endfacet
  facet normal -0.0011633 -0.426641 0.90442
    outer loop
      vertex 15.5 -5.07142 13.8757
      vertex 12.4483 -4.34383 14.215
      vertex 12.453 -4.35635 14.2091
    endloop
  endfacet
  facet normal 0.000547192 -0.420752 0.907176
    outer loop
      vertex 15.5 -5.07142 13.8757
      vertex 12.4418 -4.33198 14.2205
      vertex 12.4483 -4.34383 14.215
    endloop
  endfacet
  facet normal -3.85917e-05 -0.422743 0.90625
    outer loop
      vertex 15.5 -5.07142 13.8757
      vertex 12.295 -4.06207 14.3464
      vertex 12.4418 -4.33198 14.2205
    endloop
  endfacet
  facet normal 1.7931e-05 -0.422595 0.906318
    outer loop
      vertex 15.5 -5.07142 13.8757
      vertex 12.1024 -3.80086 14.4682
      vertex 12.295 -4.06207 14.3464
    endloop
  endfacet
  facet normal 0.000105931 -0.422402 0.906409
    outer loop
      vertex 15.5 -5.07142 13.8757
      vertex 11.8738 -3.56466 14.5783
      vertex 12.1024 -3.80086 14.4682
    endloop
  endfacet
  facet normal -3.78856e-06 -0.422619 0.906307
    outer loop
      vertex 10.7179 -0.129371 16.1802
      vertex 11.8738 -3.56466 14.5783
      vertex 15.5 -5.07142 13.8757
    endloop
  endfacet
  facet normal -0.000145427 -0.422658 0.906289
    outer loop
      vertex 11.8738 -3.56466 14.5783
      vertex 10.7179 -0.129371 16.1802
      vertex 11.6242 -3.36623 14.6708
    endloop
  endfacet
  facet normal 0.00406544 -0.421686 0.906733
    outer loop
      vertex 11.6242 -3.36623 14.6708
      vertex 10.7179 -0.129371 16.1802
      vertex 11.6132 -3.35752 14.6749
    endloop
  endfacet
  facet normal -0.0017606 -0.4229 0.906175
    outer loop
      vertex 10.7179 -0.129371 16.1802
      vertex 11.3119 -3.17714 14.759
      vertex 11.325 -3.18298 14.7563
    endloop
  endfacet
  facet normal 4.24615e-05 -0.422606 0.906313
    outer loop
      vertex 11.6132 -3.35752 14.6749
      vertex 10.7179 -0.129371 16.1802
      vertex 11.325 -3.18298 14.7563
    endloop
  endfacet
  facet normal 9.90181e-05 -0.422603 0.906315
    outer loop
      vertex 11.3119 -3.17714 14.759
      vertex 10.7179 -0.129371 16.1802
      vertex 11.0141 -3.04403 14.8211
    endloop
  endfacet
  facet normal -1.49284e-05 -0.422612 0.906311
    outer loop
      vertex 10.7179 -0.129371 16.1802
      vertex 10.6997 -2.9473 14.8662
      vertex 11.0141 -3.04403 14.8211
    endloop
  endfacet
  facet normal 0.00119457 -0.422619 0.906307
    outer loop
      vertex 10.7179 -0.129371 16.1802
      vertex 10.6859 -2.94305 14.8682
      vertex 10.6997 -2.9473 14.8662
    endloop
  endfacet
  facet normal -0.000210483 -0.422606 0.906314
    outer loop
      vertex 10.7179 -0.129371 16.1802
      vertex 10.3459 -2.88176 14.8967
      vertex 10.6859 -2.94305 14.8682
    endloop
  endfacet
  facet normal 4.43939e-05 -0.422634 0.9063
    outer loop
      vertex 10.7179 -0.129371 16.1802
      vertex 10 -2.86121 14.9063
      vertex 10.3459 -2.88176 14.8967
    endloop
  endfacet
  facet normal 0 -0.422624 0.906305
    outer loop
      vertex 9.28211 -0.129371 16.1802
      vertex 10 -2.86121 14.9063
      vertex 10.7179 -0.129371 16.1802
    endloop
  endfacet
  facet normal -4.43952e-05 -0.422634 0.9063
    outer loop
      vertex 10 -2.86121 14.9063
      vertex 9.28211 -0.129371 16.1802
      vertex 9.65411 -2.88176 14.8967
    endloop
  endfacet
  facet normal 0.000210495 -0.422606 0.906314
    outer loop
      vertex 9.65411 -2.88176 14.8967
      vertex 9.28211 -0.129371 16.1802
      vertex 9.31413 -2.94305 14.8682
    endloop
  endfacet
  facet normal -0.0011937 -0.422619 0.906307
    outer loop
      vertex 9.31413 -2.94305 14.8682
      vertex 9.28211 -0.129371 16.1802
      vertex 9.30032 -2.9473 14.8662
    endloop
  endfacet
  facet normal 1.49269e-05 -0.422612 0.906311
    outer loop
      vertex 9.28211 -0.129371 16.1802
      vertex 8.98589 -3.04403 14.8211
      vertex 9.30032 -2.9473 14.8662
    endloop
  endfacet
  facet normal -9.90149e-05 -0.422603 0.906315
    outer loop
      vertex 9.28211 -0.129371 16.1802
      vertex 8.68808 -3.17714 14.759
      vertex 8.98589 -3.04403 14.8211
    endloop
  endfacet
  facet normal 0.00176356 -0.4229 0.906174
    outer loop
      vertex 9.28211 -0.129371 16.1802
      vertex 8.675 -3.18298 14.7563
      vertex 8.68808 -3.17714 14.759
    endloop
  endfacet
  facet normal -4.24583e-05 -0.422606 0.906313
    outer loop
      vertex 9.28211 -0.129371 16.1802
      vertex 8.38678 -3.35752 14.6749
      vertex 8.675 -3.18298 14.7563
    endloop
  endfacet
  facet normal -0.00408452 -0.421682 0.906735
    outer loop
      vertex 9.28211 -0.129371 16.1802
      vertex 8.37582 -3.36623 14.6708
      vertex 8.38678 -3.35752 14.6749
    endloop
  endfacet
  facet normal 0.000145389 -0.422658 0.906289
    outer loop
      vertex 9.28211 -0.129371 16.1802
      vertex 8.12617 -3.56466 14.5783
      vertex 8.37582 -3.36623 14.6708
    endloop
  endfacet
  facet normal 0.000253868 -0.422688 0.906275
    outer loop
      vertex 9.28211 -0.129371 16.1802
      vertex 7.89761 -3.80086 14.4682
      vertex 8.12617 -3.56466 14.5783
    endloop
  endfacet
  facet normal -1.34073e-05 -0.422605 0.906314
    outer loop
      vertex 4.5 -5.07142 13.8757
      vertex 7.89761 -3.80086 14.4682
      vertex 9.28211 -0.129371 16.1802
    endloop
  endfacet
  facet normal -1.79302e-05 -0.422595 0.906318
    outer loop
      vertex 7.89761 -3.80086 14.4682
      vertex 4.5 -5.07142 13.8757
      vertex 7.70503 -4.06207 14.3464
    endloop
  endfacet
  facet normal 3.85946e-05 -0.422743 0.90625
    outer loop
      vertex 7.70503 -4.06207 14.3464
      vertex 4.5 -5.07142 13.8757
      vertex 7.55817 -4.33198 14.2205
    endloop
  endfacet
  facet normal 0.00116304 -0.42664 0.904421
    outer loop
      vertex 4.5 -5.07142 13.8757
      vertex 7.54703 -4.35635 14.2091
      vertex 7.55172 -4.34383 14.215
    endloop
  endfacet
  facet normal -4.14387e-06 -0.422659 0.906289
    outer loop
      vertex 7.37267 -4.94944 13.9326
      vertex 4.5 -5.07142 13.8757
      vertex 7.35 -5.26293 13.7864
    endloop
  endfacet
  facet normal -1.09583e-05 -0.422527 0.90635
    outer loop
      vertex 7.43745 -4.65428 14.0702
      vertex 4.5 -5.07142 13.8757
      vertex 7.37267 -4.94944 13.9326
    endloop
  endfacet
  facet normal 0.000584686 -0.425969 0.904737
    outer loop
      vertex 7.4403 -4.64132 14.0763
      vertex 4.5 -5.07142 13.8757
      vertex 7.43745 -4.65428 14.0702
    endloop
  endfacet
  facet normal -5.45938e-05 -0.422383 0.906418
    outer loop
      vertex 7.54703 -4.35635 14.2091
      vertex 4.5 -5.07142 13.8757
      vertex 7.4403 -4.64132 14.0763
    endloop
  endfacet
  facet normal -0.000546555 -0.420754 0.907175
    outer loop
      vertex 7.55817 -4.33198 14.2205
      vertex 4.5 -5.07142 13.8757
      vertex 7.55172 -4.34383 14.215
    endloop
  endfacet
  facet normal -5.73583e-06 -0.422538 0.906345
    outer loop
      vertex 12.6283 -5.56323 13.6464
      vertex 15.5 -5.07142 13.8757
      vertex 12.65 -5.26293 13.7864
    endloop
  endfacet
  facet normal 0.000599236 -0.425438 0.904988
    outer loop
      vertex 12.6273 -5.57642 13.6402
      vertex 15.5 -5.07142 13.8757
      vertex 12.6283 -5.56323 13.6464
    endloop
  endfacet
  facet normal -0.000559464 -0.420024 0.907513
    outer loop
      vertex 12.6245 -5.58938 13.6342
      vertex 15.5 -5.07142 13.8757
      vertex 12.6273 -5.57642 13.6402
    endloop
  endfacet
  facet normal 4.66383e-05 -0.42279 0.906228
    outer loop
      vertex 12.5597 -5.88454 13.4965
      vertex 15.5 -5.07142 13.8757
      vertex 12.6245 -5.58938 13.6342
    endloop
  endfacet
  facet normal 3.64862e-06 -0.422662 0.906287
    outer loop
      vertex 12.453 -6.16951 13.3636
      vertex 15.5 -5.07142 13.8757
      vertex 12.5597 -5.88454 13.4965
    endloop
  endfacet
  facet normal -0.00117116 -0.419982 0.907532
    outer loop
      vertex 12.4483 -6.18203 13.3578
      vertex 15.5 -5.07142 13.8757
      vertex 12.453 -6.16951 13.3636
    endloop
  endfacet
  facet normal 1.39967e-05 -0.422659 0.906289
    outer loop
      vertex 12.295 -6.46379 13.2264
      vertex 15.5 -5.07142 13.8757
      vertex 12.4483 -6.18203 13.3578
    endloop
  endfacet
  facet normal -2.06858e-05 -0.422594 0.906319
    outer loop
      vertex 12.1024 -6.725 13.1046
      vertex 15.5 -5.07142 13.8757
      vertex 12.295 -6.46379 13.2264
    endloop
  endfacet
  facet normal 0.000267209 -0.422699 0.90627
    outer loop
      vertex 10.7179 -10.0135 11.5712
      vertex 12.1024 -6.725 13.1046
      vertex 11.8738 -6.9612 12.9945
    endloop
  endfacet
  facet normal -0.000370316 -0.4225 0.906363
    outer loop
      vertex 10.7179 -10.0135 11.5712
      vertex 11.8738 -6.9612 12.9945
      vertex 11.6242 -7.15963 12.9019
    endloop
  endfacet
  facet normal 0.00674008 -0.424345 0.905476
    outer loop
      vertex 10.7179 -10.0135 11.5712
      vertex 11.6242 -7.15963 12.9019
      vertex 11.6132 -7.16834 12.8979
    endloop
  endfacet
  facet normal -4.61631e-05 -0.422601 0.906316
    outer loop
      vertex 10.7179 -10.0135 11.5712
      vertex 11.6132 -7.16834 12.8979
      vertex 11.325 -7.34288 12.8165
    endloop
  endfacet
  facet normal -0.000101923 -0.422598 0.906317
    outer loop
      vertex 10.7179 -10.0135 11.5712
      vertex 11.3119 -7.34872 12.8138
      vertex 11.0141 -7.48183 12.7517
    endloop
  endfacet
  facet normal -1.66068e-05 -0.422601 0.906316
    outer loop
      vertex 12.1024 -6.725 13.1046
      vertex 10.7179 -10.0135 11.5712
      vertex 15.5 -5.07142 13.8757
    endloop
  endfacet
  facet normal 0.00178345 -0.422942 0.906155
    outer loop
      vertex 11.3119 -7.34872 12.8138
      vertex 10.7179 -10.0135 11.5712
      vertex 11.325 -7.34288 12.8165
    endloop
  endfacet
  facet normal 1.35219e-05 -0.422609 0.906312
    outer loop
      vertex 10.6997 -7.57856 12.7066
      vertex 10.7179 -10.0135 11.5712
      vertex 11.0141 -7.48183 12.7517
    endloop
  endfacet
  facet normal -0.0011956 -0.422616 0.906308
    outer loop
      vertex 10.6859 -7.58281 12.7046
      vertex 10.7179 -10.0135 11.5712
      vertex 10.6997 -7.57856 12.7066
    endloop
  endfacet
  facet normal -5.6506e-05 -0.422604 0.906315
    outer loop
      vertex 10.3459 -7.6441 12.676
      vertex 10.7179 -10.0135 11.5712
      vertex 10.6859 -7.58281 12.7046
    endloop
  endfacet
  facet normal 6.14717e-05 -0.422589 0.906322
    outer loop
      vertex 10.3313 -7.64496 12.6756
      vertex 10.7179 -10.0135 11.5712
      vertex 10.3459 -7.6441 12.676
    endloop
  endfacet
  facet normal 0.000219542 -0.422567 0.906332
    outer loop
      vertex 10 -7.66465 12.6665
      vertex 10.7179 -10.0135 11.5712
      vertex 10.3313 -7.64496 12.6756
    endloop
  endfacet
  facet normal -0.000219516 -0.422567 0.906332
    outer loop
      vertex 9.28211 -10.0135 11.5712
      vertex 10 -7.66465 12.6665
      vertex 9.66866 -7.64496 12.6756
    endloop
  endfacet
  facet normal -6.1681e-05 -0.422589 0.906322
    outer loop
      vertex 9.28211 -10.0135 11.5712
      vertex 9.66866 -7.64496 12.6756
      vertex 9.65411 -7.6441 12.676
    endloop
  endfacet
  facet normal 5.65092e-05 -0.422604 0.906315
    outer loop
      vertex 9.28211 -10.0135 11.5712
      vertex 9.65411 -7.6441 12.676
      vertex 9.31413 -7.58281 12.7046
    endloop
  endfacet
  facet normal 0.00119474 -0.422616 0.906308
    outer loop
      vertex 9.28211 -10.0135 11.5712
      vertex 9.31413 -7.58281 12.7046
      vertex 9.30032 -7.57856 12.7066
    endloop
  endfacet
  facet normal 0 -0.422622 0.906306
    outer loop
      vertex 10 -7.66465 12.6665
      vertex 9.28211 -10.0135 11.5712
      vertex 10.7179 -10.0135 11.5712
    endloop
  endfacet
  facet normal -1.35206e-05 -0.422609 0.906312
    outer loop
      vertex 8.98589 -7.48183 12.7517
      vertex 9.28211 -10.0135 11.5712
      vertex 9.30032 -7.57856 12.7066
    endloop
  endfacet
  facet normal 0.00010192 -0.422598 0.906317
    outer loop
      vertex 8.68808 -7.34872 12.8138
      vertex 9.28211 -10.0135 11.5712
      vertex 8.98589 -7.48183 12.7517
    endloop
  endfacet
  facet normal -0.00178649 -0.422943 0.906155
    outer loop
      vertex 8.675 -7.34288 12.8165
      vertex 9.28211 -10.0135 11.5712
      vertex 8.68808 -7.34872 12.8138
    endloop
  endfacet
  facet normal 4.61595e-05 -0.422601 0.906316
    outer loop
      vertex 8.38678 -7.16834 12.8979
      vertex 9.28211 -10.0135 11.5712
      vertex 8.675 -7.34288 12.8165
    endloop
  endfacet
  facet normal -0.00677292 -0.424353 0.905471
    outer loop
      vertex 8.37582 -7.15963 12.9019
      vertex 9.28211 -10.0135 11.5712
      vertex 8.38678 -7.16834 12.8979
    endloop
  endfacet
  facet normal 0.000370215 -0.4225 0.906363
    outer loop
      vertex 8.12617 -6.9612 12.9945
      vertex 9.28211 -10.0135 11.5712
      vertex 8.37582 -7.15963 12.9019
    endloop
  endfacet
  facet normal -0.000267292 -0.422699 0.90627
    outer loop
      vertex 7.89761 -6.725 13.1046
      vertex 9.28211 -10.0135 11.5712
      vertex 8.12617 -6.9612 12.9945
    endloop
  endfacet
  facet normal 2.06845e-05 -0.422594 0.906319
    outer loop
      vertex 4.5 -5.07142 13.8757
      vertex 7.89761 -6.725 13.1046
      vertex 7.70503 -6.46379 13.2264
    endloop
  endfacet
  facet normal -1.39968e-05 -0.422659 0.906289
    outer loop
      vertex 4.5 -5.07142 13.8757
      vertex 7.70503 -6.46379 13.2264
      vertex 7.55172 -6.18203 13.3578
    endloop
  endfacet
  facet normal -3.64874e-06 -0.422662 0.906287
    outer loop
      vertex 4.5 -5.07142 13.8757
      vertex 7.54703 -6.16951 13.3636
      vertex 7.4403 -5.88454 13.4965
    endloop
  endfacet
  facet normal 0.000559787 -0.420022 0.907514
    outer loop
      vertex 4.5 -5.07142 13.8757
      vertex 7.37551 -5.58938 13.6342
      vertex 7.37267 -5.57642 13.6402
    endloop
  endfacet
  facet normal 1.66067e-05 -0.422601 0.906316
    outer loop
      vertex 7.89761 -6.725 13.1046
      vertex 4.5 -5.07142 13.8757
      vertex 9.28211 -10.0135 11.5712
    endloop
  endfacet
  facet normal 0.00117076 -0.419983 0.907531
    outer loop
      vertex 7.54703 -6.16951 13.3636
      vertex 4.5 -5.07142 13.8757
      vertex 7.55172 -6.18203 13.3578
    endloop
  endfacet
  facet normal -4.66378e-05 -0.42279 0.906228
    outer loop
      vertex 7.37551 -5.58938 13.6342
      vertex 4.5 -5.07142 13.8757
      vertex 7.4403 -5.88454 13.4965
    endloop
  endfacet
  facet normal -0.000598838 -0.425436 0.904988
    outer loop
      vertex 7.37172 -5.56323 13.6464
      vertex 4.5 -5.07142 13.8757
      vertex 7.37267 -5.57642 13.6402
    endloop
  endfacet
  facet normal 5.73585e-06 -0.422538 0.906345
    outer loop
      vertex 4.5 -5.07142 13.8757
      vertex 7.37172 -5.56323 13.6464
      vertex 7.35 -5.26293 13.7864
    endloop
  endfacet
  facet normal 0.751879 0.59753 0.278632
    outer loop
      vertex 14.3634 3.03449 4.415
      vertex 13.8891 -1.54671 15.5193
      vertex 14.3634 -2.03693 15.2907
    endloop
  endfacet
  facet normal 0.000172887 -0.422491 0.906367
    outer loop
      vertex 13.8891 -1.54671 15.5193
      vertex 13.3482 -1.1168 15.7198
      vertex 14.3634 -2.03693 15.2907
    endloop
  endfacet
  facet normal 0.946911 -0.291373 -0.135869
    outer loop
      vertex 15.3126 -6.36155 13.2741
      vertex 15.0813 -1.90756 2.11049
      vertex 15.3126 -1.29013 2.3984
    endloop
  endfacet
  facet normal 0.946911 -0.291375 -0.13587
    outer loop
      vertex 15.0813 -1.90756 2.11049
      vertex 15.3126 -6.36155 13.2741
      vertex 15.0813 -6.97898 12.9862
    endloop
  endfacet
  facet normal -8.07782e-06 0.422629 -0.906303
    outer loop
      vertex 12.75 -4.31687 0.98701
      vertex 12.1048 -4.60526 0.852533
      vertex 13.3482 -3.95462 1.15593
    endloop
  endfacet
  facet normal 0.442317 -0.81283 -0.379029
    outer loop
      vertex 12.75 -9.38829 11.8627
      vertex 12.1048 -4.60526 0.852533
      vertex 12.75 -4.31687 0.98701
    endloop
  endfacet
  facet normal 0.000286001 -0.422965 0.906146
    outer loop
      vertex 13.8891 -8.59613 12.2321
      vertex 12.75 -9.38829 11.8627
      vertex 13.3482 -9.02604 12.0316
    endloop
  endfacet
  facet normal -0.442295 -0.81284 -0.379034
    outer loop
      vertex 7.89524 -9.67667 11.7282
      vertex 7.25 -9.38829 11.8627
      vertex 7.89524 -4.60526 0.852533
    endloop
  endfacet
  facet normal 8.07552e-06 0.422629 -0.906303
    outer loop
      vertex 7.25 -4.31687 0.98701
      vertex 6.65181 -3.95462 1.15593
      vertex 7.89524 -4.60526 0.852533
    endloop
  endfacet
  facet normal -0.997859 -0.0592711 -0.0276386
    outer loop
      vertex 4.54705 -0.650633 2.6966
      vertex 4.5 -5.07142 13.8757
      vertex 4.5 0 3
    endloop
  endfacet
  facet normal -0.997859 -0.0592713 -0.0276386
    outer loop
      vertex 4.5 -5.07142 13.8757
      vertex 4.54705 -0.650633 2.6966
      vertex 4.54705 -5.72205 13.5723
    endloop
  endfacet
  facet normal -0.442295 -0.81284 -0.379034
    outer loop
      vertex 7.89524 -4.60526 0.852533
      vertex 7.25 -9.38829 11.8627
      vertex 7.25 -4.31687 0.98701
    endloop
  endfacet
  facet normal -0.555571 -0.753567 -0.351394
    outer loop
      vertex 7.25 -9.38829 11.8627
      vertex 6.65181 -3.95462 1.15593
      vertex 7.25 -4.31687 0.98701
    endloop
  endfacet
  facet normal -8.25447e-05 -0.422629 0.906303
    outer loop
      vertex 4.91866 -6.97898 12.9862
      vertex 4.54705 -5.72205 13.5723
      vertex 4.68741 -6.36155 13.2741
    endloop
  endfacet
  facet normal -0.980784 -0.176819 -0.0824519
    outer loop
      vertex 4.68741 -6.36155 13.2741
      vertex 4.54705 -5.72205 13.5723
      vertex 4.54705 -0.650633 2.6966
    endloop
  endfacet
  facet normal -0.997821 -0.0598028 -0.0278864
    outer loop
      vertex 12.6362 0 3
      vertex 12.6273 0.148498 3
      vertex 12.6273 0.313486 2.64618
    endloop
  endfacet
  facet normal -0.997853 -0.0594137 -0.0275408
    outer loop
      vertex 12.6362 0 3
      vertex 12.6273 0.313486 2.64618
      vertex 12.65 0 2.5
    endloop
  endfacet
  facet normal 0 0 -1
    outer loop
      vertex 12.6273 0.148498 3
      vertex 12.6362 0 3
      vertex 12.6361 2.17391e-06 3
    endloop
  endfacet
  facet normal -0.00919922 -0.423165 0.906006
    outer loop
      vertex 12.6362 0 3
      vertex 12.6273 0.121975 3.05688
      vertex 12.6361 2.17391e-06 3
    endloop
  endfacet
  facet normal -0.997821 -0.0598027 -0.0278863
    outer loop
      vertex 12.6362 0 3
      vertex 12.6273 -4.94944 13.9326
      vertex 12.6273 0.121975 3.05688
    endloop
  endfacet
  facet normal -0.997874 -0.059063 -0.0275415
    outer loop
      vertex 12.65 -5.26293 13.7864
      vertex 12.6362 0 3
      vertex 12.65 -0.191511 2.9107
    endloop
  endfacet
  facet normal -0.997854 -0.0593464 -0.0276798
    outer loop
      vertex 12.6362 0 3
      vertex 12.65 -5.26293 13.7864
      vertex 12.6273 -4.94944 13.9326
    endloop
  endfacet
  facet normal -3.28488e-06 -0.422616 0.906309
    outer loop
      vertex 7.37267 0.313486 2.64618
      vertex 7.39534 0 2.5
      vertex 7.4403 0.62161 2.78986
    endloop
  endfacet
  facet normal 0 -0.422616 0.906309
    outer loop
      vertex 7.39534 0 2.5
      vertex 7.37267 0.313486 2.64618
      vertex 7.37267 0 2.5
    endloop
  endfacet
  facet normal -0.0654326 -0.904366 -0.421713
    outer loop
      vertex 10 2.2102 4.03063
      vertex 10.3459 -2.88176 14.8967
      vertex 10 -2.86121 14.9063
    endloop
  endfacet
  facet normal -0.0653823 -0.904368 -0.421715
    outer loop
      vertex 10.3459 -2.88176 14.8967
      vertex 10 2.2102 4.03063
      vertex 10.3459 2.18966 4.02105
    endloop
  endfacet
  facet normal -0.555608 -0.753545 -0.351383
    outer loop
      vertex 11.325 1.88844 3.88059
      vertex 11.6132 -3.35752 14.6749
      vertex 11.325 -3.18298 14.7563
    endloop
  endfacet
  facet normal -0.5556 -0.75355 -0.351386
    outer loop
      vertex 11.6132 -3.35752 14.6749
      vertex 11.325 1.88844 3.88059
      vertex 11.6132 1.7139 3.7992
    endloop
  endfacet
  facet normal 0 -0.422633 0.906301
    outer loop
      vertex 7.68139 1.07225 3
      vertex 7.64929 1.07225 3
      vertex 7.55172 0.919096 2.92858
    endloop
  endfacet
  facet normal 0.947012 0.291105 0.135745
    outer loop
      vertex 7.4403 -5.88454 13.4965
      vertex 7.44418 -0.82349 2.616
      vertex 7.4403 -0.81312 2.62083
    endloop
  endfacet
  facet normal 0.946936 0.291306 0.135838
    outer loop
      vertex 7.44418 -0.82349 2.616
      vertex 7.4403 -5.88454 13.4965
      vertex 7.54703 -6.16951 13.3636
    endloop
  endfacet
  facet normal 0 -0.422616 0.906309
    outer loop
      vertex 12.5597 0.62161 2.78986
      vertex 12.4841 0 2.5
      vertex 12.6047 0 2.5
    endloop
  endfacet
  facet normal -1.81e-05 -0.422634 0.9063
    outer loop
      vertex 11.994 1.07226 3
      vertex 12.5597 0.62161 2.78986
      vertex 12.2275 1.07225 3
    endloop
  endfacet
  facet normal -6.66372e-07 -0.422616 0.906309
    outer loop
      vertex 12.5597 0.62161 2.78986
      vertex 11.994 1.07226 3
      vertex 12.4841 0 2.5
    endloop
  endfacet
  facet normal -0.980902 -0.176279 -0.0821996
    outer loop
      vertex 12.6273 0.313486 2.64618
      vertex 12.6273 0.148498 3
      vertex 12.6253 0.159627 3
    endloop
  endfacet
  facet normal -0.981686 -0.172658 -0.0805113
    outer loop
      vertex 12.6273 -4.94944 13.9326
      vertex 12.625 0.132716 3.06189
      vertex 12.6273 0.121975 3.05688
    endloop
  endfacet
  facet normal -0.980772 -0.176869 -0.0824805
    outer loop
      vertex 12.625 0.132716 3.06189
      vertex 12.6273 -4.94944 13.9326
      vertex 12.5625 -4.65428 14.0702
    endloop
  endfacet
  facet normal -0.831442 0.503554 0.234812
    outer loop
      vertex 12.1024 -1.65358 2.22892
      vertex 12.295 -6.46379 13.2264
      vertex 12.295 -1.39237 2.35073
    endloop
  endfacet
  facet normal -0.831439 0.503559 0.234814
    outer loop
      vertex 12.295 -6.46379 13.2264
      vertex 12.1024 -1.65358 2.22892
      vertex 12.1024 -6.725 13.1046
    endloop
  endfacet
  facet normal 0.751833 -0.597578 -0.278655
    outer loop
      vertex 8.12617 -3.56466 14.5783
      vertex 7.89761 1.27056 3.59247
      vertex 8.12617 1.50676 3.70261
    endloop
  endfacet
  facet normal 0.751812 -0.5976 -0.278664
    outer loop
      vertex 7.89761 1.27056 3.59247
      vertex 8.12617 -3.56466 14.5783
      vertex 7.89761 -3.80086 14.4682
    endloop
  endfacet
  facet normal -0.980824 0.176633 0.0823688
    outer loop
      vertex 12.6245 -5.58938 13.6342
      vertex 12.6273 -0.504997 2.76451
      vertex 12.5621 -0.80238 2.62584
    endloop
  endfacet
  facet normal -0.981317 0.17437 0.0813099
    outer loop
      vertex 12.6273 -0.504997 2.76451
      vertex 12.6245 -5.58938 13.6342
      vertex 12.6273 -5.57642 13.6402
    endloop
  endfacet
  facet normal 0.94693 0.291322 0.135846
    outer loop
      vertex 7.54703 -6.16951 13.3636
      vertex 7.55172 -1.11061 2.48211
      vertex 7.44418 -0.82349 2.616
    endloop
  endfacet
  facet normal 0.946801 0.291666 0.136006
    outer loop
      vertex 7.55172 -1.11061 2.48211
      vertex 7.54703 -6.16951 13.3636
      vertex 7.55172 -6.18203 13.3578
    endloop
  endfacet
  facet normal -0.659482 0.681291 0.31769
    outer loop
      vertex 11.8738 -1.88978 2.11878
      vertex 11.6242 -7.15963 12.9019
      vertex 11.8738 -6.9612 12.9945
    endloop
  endfacet
  facet normal -0.658751 0.681859 0.317985
    outer loop
      vertex 11.6242 -7.15963 12.9019
      vertex 11.8738 -1.88978 2.11878
      vertex 11.8647 -1.897 2.11541
    endloop
  endfacet
  facet normal 0.980783 0.176823 0.0824538
    outer loop
      vertex 7.4403 -5.88454 13.4965
      vertex 7.43794 -0.80238 2.62584
      vertex 7.37551 -5.58938 13.6342
    endloop
  endfacet
  facet normal 0.980743 0.177005 0.0825389
    outer loop
      vertex 7.43794 -0.80238 2.62584
      vertex 7.4403 -5.88454 13.4965
      vertex 7.4403 -0.81312 2.62083
    endloop
  endfacet
  facet normal 0 -0.422616 0.906309
    outer loop
      vertex 8.006 1.07226 3
      vertex 12.4841 0 2.5
      vertex 11.994 1.07226 3
    endloop
  endfacet
  facet normal 0 -0.422616 0.906309
    outer loop
      vertex 12.4841 0 2.5
      vertex 8.006 1.07226 3
      vertex 7.51594 0 2.5
    endloop
  endfacet
  facet normal 0.997859 0.059273 0.027639
    outer loop
      vertex 7.37172 -5.56323 13.6464
      vertex 7.37267 -0.504997 2.76451
      vertex 7.35079 -0.202438 2.9056
    endloop
  endfacet
  facet normal 0.997882 0.0589504 0.0274891
    outer loop
      vertex 7.37267 -0.504997 2.76451
      vertex 7.37172 -5.56323 13.6464
      vertex 7.37267 -5.57642 13.6402
    endloop
  endfacet
  facet normal -0.442348 -0.812817 -0.379022
    outer loop
      vertex 11.0141 2.02739 3.94538
      vertex 11.3119 -3.17714 14.759
      vertex 11.0141 -3.04403 14.8211
    endloop
  endfacet
  facet normal -0.443657 -0.812247 -0.378712
    outer loop
      vertex 11.3119 -3.17714 14.759
      vertex 11.0141 2.02739 3.94538
      vertex 11.0249 2.02254 3.94313
    endloop
  endfacet
  facet normal -0.65857 -0.682015 -0.318029
    outer loop
      vertex 11.6132 1.7139 3.7992
      vertex 11.6242 -3.36623 14.6708
      vertex 11.6132 -3.35752 14.6749
    endloop
  endfacet
  facet normal -0.65939 -0.681364 -0.317724
    outer loop
      vertex 11.6242 -3.36623 14.6708
      vertex 11.6132 1.7139 3.7992
      vertex 11.8647 1.51398 3.70598
    endloop
  endfacet
  facet normal 0 -0.422616 0.906309
    outer loop
      vertex 12.6273 0.313486 2.64618
      vertex 12.6047 0 2.5
      vertex 12.6273 0 2.5
    endloop
  endfacet
  facet normal 3.2885e-06 -0.422616 0.906309
    outer loop
      vertex 12.6047 0 2.5
      vertex 12.6273 0.313486 2.64618
      vertex 12.5597 0.62161 2.78986
    endloop
  endfacet
  facet normal -0.440839 -0.813472 -0.379375
    outer loop
      vertex 11.0249 2.02254 3.94313
      vertex 11.325 -3.18298 14.7563
      vertex 11.3119 -3.17714 14.759
    endloop
  endfacet
  facet normal -0.442225 -0.812871 -0.379048
    outer loop
      vertex 11.325 -3.18298 14.7563
      vertex 11.0249 2.02254 3.94313
      vertex 11.325 1.88844 3.88059
    endloop
  endfacet
  facet normal -0.896737 -0.4011 -0.187032
    outer loop
      vertex 12.4483 0.919096 2.92858
      vertex 12.4483 0.885793 3
      vertex 12.3649 1.07225 3
    endloop
  endfacet
  facet normal -0.896837 -0.400913 -0.186953
    outer loop
      vertex 12.4483 0.727585 3.33928
      vertex 12.4418 -4.33198 14.2205
      vertex 12.3003 0.999525 3.46609
    endloop
  endfacet
  facet normal -0.895305 -0.403719 -0.188257
    outer loop
      vertex 12.4418 -4.33198 14.2205
      vertex 12.4483 0.727585 3.33928
      vertex 12.4483 -4.34383 14.215
    endloop
  endfacet
  facet normal 0.442336 -0.812822 -0.379024
    outer loop
      vertex 8.68808 -3.17714 14.759
      vertex 8.98589 2.02739 3.94538
      vertex 8.98589 -3.04403 14.8211
    endloop
  endfacet
  facet normal 0.442341 -0.81282 -0.379023
    outer loop
      vertex 8.98589 2.02739 3.94538
      vertex 8.68808 -3.17714 14.759
      vertex 8.97505 2.02254 3.94313
    endloop
  endfacet
  facet normal 0.896992 -0.40063 -0.186816
    outer loop
      vertex 7.70503 -4.06207 14.3464
      vertex 7.69969 0.999525 3.46609
      vertex 7.70503 1.00935 3.47066
    endloop
  endfacet
  facet normal 0.896888 -0.400821 -0.186905
    outer loop
      vertex 7.69969 0.999525 3.46609
      vertex 7.70503 -4.06207 14.3464
      vertex 7.55817 -4.33198 14.2205
    endloop
  endfacet
  facet normal 0.98819 0 -0.153232
    outer loop
      vertex 7.37267 0.121975 3.05688
      vertex 7.36385 0 3
      vertex 7.36385 2.17391e-06 3
    endloop
  endfacet
  facet normal 0.99786 -0.0592674 -0.0276368
    outer loop
      vertex 7.37267 -4.94944 13.9326
      vertex 7.36385 0 3
      vertex 7.37267 0.121975 3.05688
    endloop
  endfacet
  facet normal 0.997859 -0.0592707 -0.0276382
    outer loop
      vertex 7.35 -5.26293 13.7864
      vertex 7.36385 0 3
      vertex 7.37267 -4.94944 13.9326
    endloop
  endfacet
  facet normal 0.997859 -0.0592761 -0.0276409
    outer loop
      vertex 7.36385 0 3
      vertex 7.35 -5.26293 13.7864
      vertex 7.35 -0.191511 2.9107
    endloop
  endfacet
  facet normal 0 0 1
    outer loop
      vertex 7.36385 0 3
      vertex 7.37267 0.148498 3
      vertex 7.36385 2.17391e-06 3
    endloop
  endfacet
  facet normal 0.997859 -0.0592676 -0.0276368
    outer loop
      vertex 7.37267 0.148498 3
      vertex 7.36385 0 3
      vertex 7.37267 0.313486 2.64618
    endloop
  endfacet
  facet normal 0.997859 -0.059272 -0.0276407
    outer loop
      vertex 7.37267 0.313486 2.64618
      vertex 7.36385 0 3
      vertex 7.35 0 2.5
    endloop
  endfacet
  facet normal -0.321447 -0.858208 -0.400189
    outer loop
      vertex 11.0027 2.03091 3.94703
      vertex 11.0141 -3.04403 14.8211
      vertex 10.6997 -2.9473 14.8662
    endloop
  endfacet
  facet normal -0.32276 -0.857803 -0.399999
    outer loop
      vertex 11.0141 -3.04403 14.8211
      vertex 11.0027 2.03091 3.94703
      vertex 11.0141 2.02739 3.94538
    endloop
  endfacet
  facet normal -0.65941 -0.681348 -0.317717
    outer loop
      vertex 11.8647 1.51398 3.70598
      vertex 11.8738 -3.56466 14.5783
      vertex 11.6242 -3.36623 14.6708
    endloop
  endfacet
  facet normal -0.658751 -0.68187 -0.317962
    outer loop
      vertex 11.8738 -3.56466 14.5783
      vertex 11.8647 1.51398 3.70598
      vertex 11.8738 1.50676 3.70261
    endloop
  endfacet
  facet normal -0.997855 0.0593252 0.0276679
    outer loop
      vertex 12.6273 -0.504997 2.76451
      vertex 12.6283 -5.56323 13.6464
      vertex 12.6492 -0.202438 2.9056
    endloop
  endfacet
  facet normal -0.997654 0.0620389 0.0289292
    outer loop
      vertex 12.6283 -5.56323 13.6464
      vertex 12.6273 -0.504997 2.76451
      vertex 12.6273 -5.57642 13.6402
    endloop
  endfacet
  facet normal 0 -0.422616 0.906309
    outer loop
      vertex 12.65 0 2.5
      vertex 12.6273 0.313486 2.64618
      vertex 12.6273 0 2.5
    endloop
  endfacet
  facet normal -0.322213 -0.857972 -0.400078
    outer loop
      vertex 10.6859 2.12837 3.99247
      vertex 10.6997 -2.9473 14.8662
      vertex 10.6859 -2.94305 14.8682
    endloop
  endfacet
  facet normal -0.321422 -0.858216 -0.400192
    outer loop
      vertex 10.6997 -2.9473 14.8662
      vertex 10.6859 2.12837 3.99247
      vertex 11.0027 2.03091 3.94703
    endloop
  endfacet
  facet normal -0.898303 -0.39821 -0.185688
    outer loop
      vertex 12.3003 0.999525 3.46609
      vertex 12.295 -4.06207 14.3464
      vertex 12.295 1.00935 3.47066
    endloop
  endfacet
  facet normal -0.89696 -0.400691 -0.186841
    outer loop
      vertex 12.295 -4.06207 14.3464
      vertex 12.3003 0.999525 3.46609
      vertex 12.4418 -4.33198 14.2205
    endloop
  endfacet
  facet normal -0.751776 -0.597637 -0.278683
    outer loop
      vertex 12.1024 1.27056 3.59247
      vertex 11.8738 -3.56466 14.5783
      vertex 11.8738 1.50676 3.70261
    endloop
  endfacet
  facet normal -0.751754 -0.597659 -0.278692
    outer loop
      vertex 11.8738 -3.56466 14.5783
      vertex 12.1024 1.27056 3.59247
      vertex 12.1024 -3.80086 14.4682
    endloop
  endfacet
  facet normal -0.980104 0.179888 0.0838832
    outer loop
      vertex 12.5597 -5.88454 13.4965
      vertex 12.5621 -0.80238 2.62584
      vertex 12.5597 -0.81312 2.62083
    endloop
  endfacet
  facet normal -0.980777 0.17685 0.0824631
    outer loop
      vertex 12.5621 -0.80238 2.62584
      vertex 12.5597 -5.88454 13.4965
      vertex 12.6245 -5.58938 13.6342
    endloop
  endfacet
  facet normal -0.656927 0.683276 0.318717
    outer loop
      vertex 11.8647 -1.897 2.11541
      vertex 11.6132 -7.16834 12.8979
      vertex 11.6242 -7.15963 12.9019
    endloop
  endfacet
  facet normal -0.661712 0.679548 0.316783
    outer loop
      vertex 11.8515 -1.90756 2.11049
      vertex 11.6132 -7.16834 12.8979
      vertex 11.8647 -1.897 2.11541
    endloop
  endfacet
  facet normal -0.65926 0.681466 0.317773
    outer loop
      vertex 11.6132 -7.16834 12.8979
      vertex 11.8515 -1.90756 2.11049
      vertex 11.6132 -2.09692 2.02219
    endloop
  endfacet
  facet normal 0.555581 -0.753561 -0.351391
    outer loop
      vertex 8.38678 -3.35752 14.6749
      vertex 8.675 1.88844 3.88059
      vertex 8.675 -3.18298 14.7563
    endloop
  endfacet
  facet normal 0.555573 -0.753566 -0.351393
    outer loop
      vertex 8.675 1.88844 3.88059
      vertex 8.38678 -3.35752 14.6749
      vertex 8.38678 1.7139 3.7992
    endloop
  endfacet
  facet normal -0.555608 0.753545 0.351383
    outer loop
      vertex 11.6132 -2.09692 2.02219
      vertex 11.325 -7.34288 12.8165
      vertex 11.6132 -7.16834 12.8979
    endloop
  endfacet
  facet normal -0.5556 0.75355 0.351386
    outer loop
      vertex 11.325 -7.34288 12.8165
      vertex 11.6132 -2.09692 2.02219
      vertex 11.325 -2.27146 1.9408
    endloop
  endfacet
  facet normal -0.0653326 0.904372 0.421714
    outer loop
      vertex 10.0121 -2.59251 1.79109
      vertex 10 -7.66465 12.6665
      vertex 10.3313 -7.64496 12.6756
    endloop
  endfacet
  facet normal -0.0653152 0.904373 0.421714
    outer loop
      vertex 10 -7.66465 12.6665
      vertex 10.0121 -2.59251 1.79109
      vertex 10 -2.59323 1.79076
    endloop
  endfacet
  facet normal 0.659927 -0.680936 -0.317525
    outer loop
      vertex 8.37582 -3.36623 14.6708
      vertex 8.38678 1.7139 3.7992
      vertex 8.38678 -3.35752 14.6749
    endloop
  endfacet
  facet normal 0.659345 -0.681398 -0.317742
    outer loop
      vertex 8.38678 1.7139 3.7992
      vertex 8.37582 -3.36623 14.6708
      vertex 8.13525 1.51398 3.70598
    endloop
  endfacet
  facet normal 0.980783 -0.176823 -0.0824539
    outer loop
      vertex 7.4403 0.52362 3
      vertex 7.37267 0.313486 2.64618
      vertex 7.4403 0.62161 2.78986
    endloop
  endfacet
  facet normal 0.980784 -0.176814 -0.0824594
    outer loop
      vertex 7.37267 0.313486 2.64618
      vertex 7.4403 0.52362 3
      vertex 7.37468 0.159627 3
    endloop
  endfacet
  facet normal 0.980774 -0.176862 -0.0824717
    outer loop
      vertex 7.43745 -4.65428 14.0702
      vertex 7.4403 0.430099 3.20056
      vertex 7.4403 -4.64132 14.0763
    endloop
  endfacet
  facet normal 0.980784 -0.176817 -0.0824507
    outer loop
      vertex 7.4403 0.430099 3.20056
      vertex 7.43745 -4.65428 14.0702
      vertex 7.37503 0.132716 3.06189
    endloop
  endfacet
  facet normal 0 -0.422633 0.906301
    outer loop
      vertex 7.64929 1.07225 3
      vertex 7.63506 1.07225 3
      vertex 7.55172 0.919096 2.92858
    endloop
  endfacet
  facet normal 0.980716 -0.177126 -0.0825949
    outer loop
      vertex 7.37267 0.313486 2.64618
      vertex 7.37468 0.159627 3
      vertex 7.37267 0.148498 3
    endloop
  endfacet
  facet normal 0.980784 -0.176819 -0.0824515
    outer loop
      vertex 7.37267 -4.94944 13.9326
      vertex 7.37503 0.132716 3.06189
      vertex 7.43745 -4.65428 14.0702
    endloop
  endfacet
  facet normal 0.980746 -0.176992 -0.0825325
    outer loop
      vertex 7.37503 0.132716 3.06189
      vertex 7.37267 -4.94944 13.9326
      vertex 7.37267 0.121975 3.05688
    endloop
  endfacet
  facet normal -0.945143 -0.296051 -0.138051
    outer loop
      vertex 12.5597 0.62161 2.78986
      vertex 12.5597 0.52362 3
      vertex 12.5577 0.530005 3
    endloop
  endfacet
  facet normal -0.946507 -0.29245 -0.136371
    outer loop
      vertex 12.5597 -4.64132 14.0763
      vertex 12.5558 0.440469 3.20539
      vertex 12.5597 0.430099 3.20056
    endloop
  endfacet
  facet normal -0.946951 -0.291269 -0.135819
    outer loop
      vertex 12.5558 0.440469 3.20539
      vertex 12.5597 -4.64132 14.0763
      vertex 12.453 -4.35635 14.2091
    endloop
  endfacet
  facet normal -0.980799 -0.176747 -0.0824188
    outer loop
      vertex 12.6273 0.313486 2.64618
      vertex 12.5597 0.52362 3
      vertex 12.5597 0.62161 2.78986
    endloop
  endfacet
  facet normal -0.980797 -0.176763 -0.0824094
    outer loop
      vertex 12.5597 0.52362 3
      vertex 12.6273 0.313486 2.64618
      vertex 12.6253 0.159627 3
    endloop
  endfacet
  facet normal -0.980767 -0.176893 -0.0824909
    outer loop
      vertex 12.5625 -4.65428 14.0702
      vertex 12.5597 0.430099 3.20056
      vertex 12.625 0.132716 3.06189
    endloop
  endfacet
  facet normal -0.981424 -0.173874 -0.0810785
    outer loop
      vertex 12.5597 0.430099 3.20056
      vertex 12.5625 -4.65428 14.0702
      vertex 12.5597 -4.64132 14.0763
    endloop
  endfacet
  facet normal -0.831442 -0.503555 -0.234811
    outer loop
      vertex 12.295 1.00935 3.47066
      vertex 12.1024 -3.80086 14.4682
      vertex 12.1024 1.27056 3.59247
    endloop
  endfacet
  facet normal -0.831439 -0.50356 -0.234813
    outer loop
      vertex 12.1024 -3.80086 14.4682
      vertex 12.295 1.00935 3.47066
      vertex 12.295 -4.06207 14.3464
    endloop
  endfacet
  facet normal -0.997807 0.0599951 0.0279762
    outer loop
      vertex 12.6492 -0.202438 2.9056
      vertex 12.65 -5.26293 13.7864
      vertex 12.65 -0.191511 2.9107
    endloop
  endfacet
  facet normal -0.997862 0.05923 0.0276203
    outer loop
      vertex 12.65 -5.26293 13.7864
      vertex 12.6492 -0.202438 2.9056
      vertex 12.6283 -5.56323 13.6464
    endloop
  endfacet
  facet normal -0.946507 0.29245 0.136372
    outer loop
      vertex 12.5558 -0.82349 2.616
      vertex 12.5597 -5.88454 13.4965
      vertex 12.5597 -0.81312 2.62083
    endloop
  endfacet
  facet normal -0.946964 0.291232 0.135806
    outer loop
      vertex 12.5597 -5.88454 13.4965
      vertex 12.5558 -0.82349 2.616
      vertex 12.453 -6.16951 13.3636
    endloop
  endfacet
  facet normal -0.946967 0.291225 0.135802
    outer loop
      vertex 12.4483 -1.11061 2.48211
      vertex 12.453 -6.16951 13.3636
      vertex 12.5558 -0.82349 2.616
    endloop
  endfacet
  facet normal -0.946592 0.292224 0.136266
    outer loop
      vertex 12.453 -6.16951 13.3636
      vertex 12.4483 -1.11061 2.48211
      vertex 12.4483 -6.18203 13.3578
    endloop
  endfacet
  facet normal -0.896886 0.400826 0.186908
    outer loop
      vertex 12.295 -1.39237 2.35073
      vertex 12.4483 -6.18203 13.3578
      vertex 12.4483 -1.11061 2.48211
    endloop
  endfacet
  facet normal -0.896891 0.400817 0.186904
    outer loop
      vertex 12.4483 -6.18203 13.3578
      vertex 12.295 -1.39237 2.35073
      vertex 12.295 -6.46379 13.2264
    endloop
  endfacet
  facet normal 0.32142 -0.858216 -0.400192
    outer loop
      vertex 8.98589 -3.04403 14.8211
      vertex 8.99733 2.03091 3.94703
      vertex 9.30032 -2.9473 14.8662
    endloop
  endfacet
  facet normal 0.321749 -0.858115 -0.400145
    outer loop
      vertex 8.99733 2.03091 3.94703
      vertex 8.98589 -3.04403 14.8211
      vertex 8.98589 2.02739 3.94538
    endloop
  endfacet
  facet normal 0.658287 0.682222 0.318168
    outer loop
      vertex 8.38678 -7.16834 12.8979
      vertex 8.13525 -1.897 2.11541
      vertex 8.37582 -7.15963 12.9019
    endloop
  endfacet
  facet normal 0.659462 0.681308 0.317694
    outer loop
      vertex 8.38678 -7.16834 12.8979
      vertex 8.14853 -1.90756 2.11049
      vertex 8.13525 -1.897 2.11541
    endloop
  endfacet
  facet normal 0.659339 0.681404 0.317744
    outer loop
      vertex 8.14853 -1.90756 2.11049
      vertex 8.38678 -7.16834 12.8979
      vertex 8.38678 -2.09692 2.02219
    endloop
  endfacet
  facet normal -0.440839 0.81349 0.379336
    outer loop
      vertex 11.325 -2.27146 1.9408
      vertex 11.3119 -7.34872 12.8138
      vertex 11.325 -7.34288 12.8165
    endloop
  endfacet
  facet normal -0.442215 0.812877 0.379048
    outer loop
      vertex 11.3119 -7.34872 12.8138
      vertex 11.325 -2.27146 1.9408
      vertex 11.0249 -2.40556 1.87827
    endloop
  endfacet
  facet normal -0.322213 0.857981 0.400059
    outer loop
      vertex 11.0027 -2.41393 1.87437
      vertex 10.6859 -7.58281 12.7046
      vertex 10.6997 -7.57856 12.7066
    endloop
  endfacet
  facet normal -0.321433 0.858212 0.400191
    outer loop
      vertex 10.6859 -7.58281 12.7046
      vertex 11.0027 -2.41393 1.87437
      vertex 10.6859 -2.51139 1.82892
    endloop
  endfacet
  facet normal -0.442348 0.812815 0.379024
    outer loop
      vertex 11.0249 -2.40556 1.87827
      vertex 11.0141 -7.48183 12.7517
      vertex 11.3119 -7.34872 12.8138
    endloop
  endfacet
  facet normal -0.443939 0.812103 0.37869
    outer loop
      vertex 11.0141 -7.48183 12.7517
      vertex 11.0249 -2.40556 1.87827
      vertex 11.0141 -2.41041 1.87601
    endloop
  endfacet
  facet normal -0.195102 0.888891 0.414497
    outer loop
      vertex 10.6859 -2.51139 1.82892
      vertex 10.3459 -7.6441 12.676
      vertex 10.6859 -7.58281 12.7046
    endloop
  endfacet
  facet normal -0.195079 0.888895 0.4145
    outer loop
      vertex 10.3459 -7.6441 12.676
      vertex 10.6859 -2.51139 1.82892
      vertex 10.3459 -2.57268 1.80034
    endloop
  endfacet
  facet normal 0.659335 -0.681407 -0.317746
    outer loop
      vertex 8.12617 -3.56466 14.5783
      vertex 8.13525 1.51398 3.70598
      vertex 8.37582 -3.36623 14.6708
    endloop
  endfacet
  facet normal 0.659571 -0.681219 -0.317658
    outer loop
      vertex 8.13525 1.51398 3.70598
      vertex 8.12617 -3.56466 14.5783
      vertex 8.12617 1.50676 3.70261
    endloop
  endfacet
  facet normal 0 -0.422616 0.906309
    outer loop
      vertex 7.37267 0 2.5
      vertex 7.37267 0.313486 2.64618
      vertex 7.35 0 2.5
    endloop
  endfacet
  facet normal 0 -0.422633 0.906301
    outer loop
      vertex 7.55172 0.919096 2.92858
      vertex 7.77254 1.07225 3
      vertex 7.68139 1.07225 3
    endloop
  endfacet
  facet normal -1.72821e-05 -0.422613 0.90631
    outer loop
      vertex 7.77254 1.07225 3
      vertex 7.55172 0.919096 2.92858
      vertex 7.4403 0.62161 2.78986
    endloop
  endfacet
  facet normal 0.896864 -0.400868 -0.186924
    outer loop
      vertex 7.55172 0.919096 2.92858
      vertex 7.63506 1.07225 3
      vertex 7.55172 0.885793 3
    endloop
  endfacet
  facet normal 0.896873 -0.40085 -0.186919
    outer loop
      vertex 7.55817 -4.33198 14.2205
      vertex 7.55172 0.727585 3.33928
      vertex 7.69969 0.999525 3.46609
    endloop
  endfacet
  facet normal 0.896669 -0.401224 -0.187093
    outer loop
      vertex 7.55172 0.727585 3.33928
      vertex 7.55817 -4.33198 14.2205
      vertex 7.55172 -4.34383 14.215
    endloop
  endfacet
  facet normal 0.831469 -0.503519 -0.234794
    outer loop
      vertex 7.89761 -3.80086 14.4682
      vertex 7.70503 1.00935 3.47066
      vertex 7.89761 1.27056 3.59247
    endloop
  endfacet
  facet normal 0.831465 -0.503524 -0.234796
    outer loop
      vertex 7.70503 1.00935 3.47066
      vertex 7.89761 -3.80086 14.4682
      vertex 7.70503 -4.06207 14.3464
    endloop
  endfacet
  facet normal -0.194985 -0.888912 -0.414508
    outer loop
      vertex 10.3459 2.18966 4.02105
      vertex 10.6859 -2.94305 14.8682
      vertex 10.3459 -2.88176 14.8967
    endloop
  endfacet
  facet normal -0.195079 -0.888896 -0.414498
    outer loop
      vertex 10.6859 -2.94305 14.8682
      vertex 10.3459 2.18966 4.02105
      vertex 10.6859 2.12837 3.99247
    endloop
  endfacet
  facet normal 0 -0.422633 0.906301
    outer loop
      vertex 12.4483 0.919096 2.92858
      vertex 12.3507 1.07225 3
      vertex 12.3186 1.07225 3
    endloop
  endfacet
  facet normal 0 -0.422633 0.906301
    outer loop
      vertex 12.4483 0.919096 2.92858
      vertex 12.3649 1.07225 3
      vertex 12.3507 1.07225 3
    endloop
  endfacet
  facet normal -0.751776 0.597637 0.278683
    outer loop
      vertex 11.8738 -1.88978 2.11878
      vertex 12.1024 -6.725 13.1046
      vertex 12.1024 -1.65358 2.22892
    endloop
  endfacet
  facet normal -0.751754 0.597659 0.278692
    outer loop
      vertex 12.1024 -6.725 13.1046
      vertex 11.8738 -1.88978 2.11878
      vertex 11.8738 -6.9612 12.9945
    endloop
  endfacet
  facet normal 0.322004 -0.858037 -0.400108
    outer loop
      vertex 9.30032 -2.9473 14.8662
      vertex 9.31413 2.12837 3.99247
      vertex 9.31413 -2.94305 14.8682
    endloop
  endfacet
  facet normal 0.321422 -0.858216 -0.400192
    outer loop
      vertex 9.31413 2.12837 3.99247
      vertex 9.30032 -2.9473 14.8662
      vertex 8.99733 2.03091 3.94703
    endloop
  endfacet
  facet normal 0.194996 -0.88891 -0.414507
    outer loop
      vertex 9.31413 -2.94305 14.8682
      vertex 9.65411 2.18966 4.02105
      vertex 9.65411 -2.88176 14.8967
    endloop
  endfacet
  facet normal 0.19509 -0.888894 -0.414497
    outer loop
      vertex 9.65411 2.18966 4.02105
      vertex 9.31413 -2.94305 14.8682
      vertex 9.31413 2.12837 3.99247
    endloop
  endfacet
  facet normal 0.555581 0.753561 0.351391
    outer loop
      vertex 8.675 -7.34288 12.8165
      vertex 8.38678 -2.09692 2.02219
      vertex 8.38678 -7.16834 12.8979
    endloop
  endfacet
  facet normal 0.555573 0.753566 0.351393
    outer loop
      vertex 8.38678 -2.09692 2.02219
      vertex 8.675 -7.34288 12.8165
      vertex 8.675 -2.27146 1.9408
    endloop
  endfacet
  facet normal 0.32142 0.858216 0.400193
    outer loop
      vertex 9.30032 -7.57856 12.7066
      vertex 8.98589 -2.41041 1.87601
      vertex 8.98589 -7.48183 12.7517
    endloop
  endfacet
  facet normal 0.321435 0.858212 0.40019
    outer loop
      vertex 8.98589 -2.41041 1.87601
      vertex 9.30032 -7.57856 12.7066
      vertex 8.99733 -2.41393 1.87437
    endloop
  endfacet
  facet normal 0.195113 0.888889 0.414496
    outer loop
      vertex 9.65411 -7.6441 12.676
      vertex 9.31413 -2.51139 1.82892
      vertex 9.31413 -7.58281 12.7046
    endloop
  endfacet
  facet normal 0.19509 0.888893 0.414499
    outer loop
      vertex 9.31413 -2.51139 1.82892
      vertex 9.65411 -7.6441 12.676
      vertex 9.65411 -2.57268 1.80034
    endloop
  endfacet
  facet normal 1.81031e-05 -0.422634 0.9063
    outer loop
      vertex 7.4403 0.62161 2.78986
      vertex 8.006 1.07226 3
      vertex 7.77254 1.07225 3
    endloop
  endfacet
  facet normal 6.66341e-07 -0.422616 0.906309
    outer loop
      vertex 8.006 1.07226 3
      vertex 7.4403 0.62161 2.78986
      vertex 7.51594 0 2.5
    endloop
  endfacet
  facet normal 0 -0.422616 0.906309
    outer loop
      vertex 7.51594 0 2.5
      vertex 7.4403 0.62161 2.78986
      vertex 7.39534 0 2.5
    endloop
  endfacet
  facet normal 0.751833 0.597577 0.278655
    outer loop
      vertex 7.89761 -6.725 13.1046
      vertex 8.12617 -1.88978 2.11878
      vertex 7.89761 -1.65358 2.22892
    endloop
  endfacet
  facet normal 0.751812 0.5976 0.278665
    outer loop
      vertex 8.12617 -1.88978 2.11878
      vertex 7.89761 -6.725 13.1046
      vertex 8.12617 -6.9612 12.9945
    endloop
  endfacet
  facet normal 0.896874 0.400847 0.186918
    outer loop
      vertex 7.55172 -6.18203 13.3578
      vertex 7.70503 -1.39237 2.35073
      vertex 7.55172 -1.11061 2.48211
    endloop
  endfacet
  facet normal 0.896879 0.400838 0.186914
    outer loop
      vertex 7.70503 -1.39237 2.35073
      vertex 7.55172 -6.18203 13.3578
      vertex 7.70503 -6.46379 13.2264
    endloop
  endfacet
  facet normal 0.442336 0.812821 0.379025
    outer loop
      vertex 8.98589 -7.48183 12.7517
      vertex 8.97505 -2.40556 1.87827
      vertex 8.68808 -7.34872 12.8138
    endloop
  endfacet
  facet normal 0.442622 0.812694 0.378965
    outer loop
      vertex 8.97505 -2.40556 1.87827
      vertex 8.98589 -7.48183 12.7517
      vertex 8.98589 -2.41041 1.87601
    endloop
  endfacet
  facet normal 0.441382 0.813248 0.379223
    outer loop
      vertex 8.68808 -7.34872 12.8138
      vertex 8.675 -2.27146 1.9408
      vertex 8.675 -7.34288 12.8165
    endloop
  endfacet
  facet normal 0.442274 0.81285 0.379037
    outer loop
      vertex 8.675 -2.27146 1.9408
      vertex 8.68808 -7.34872 12.8138
      vertex 8.97505 -2.40556 1.87827
    endloop
  endfacet
  facet normal -0.0648272 0.904401 0.42173
    outer loop
      vertex 10.3459 -2.57268 1.80034
      vertex 10.3313 -7.64496 12.6756
      vertex 10.3459 -7.6441 12.676
    endloop
  endfacet
  facet normal -0.0654117 0.904367 0.421714
    outer loop
      vertex 10.3313 -7.64496 12.6756
      vertex 10.3459 -2.57268 1.80034
      vertex 10.0121 -2.59251 1.79109
    endloop
  endfacet
  facet normal -0.321447 0.858208 0.400189
    outer loop
      vertex 11.0141 -2.41041 1.87601
      vertex 10.6997 -7.57856 12.7066
      vertex 11.0141 -7.48183 12.7517
    endloop
  endfacet
  facet normal -0.322446 0.857912 0.400019
    outer loop
      vertex 10.6997 -7.57856 12.7066
      vertex 11.0141 -2.41041 1.87601
      vertex 11.0027 -2.41393 1.87437
    endloop
  endfacet
  facet normal 0.997861 0.0592484 0.027628
    outer loop
      vertex 7.35 -5.26293 13.7864
      vertex 7.35079 -0.202438 2.9056
      vertex 7.35 -0.191511 2.9107
    endloop
  endfacet
  facet normal 0.997858 0.0592847 0.0276449
    outer loop
      vertex 7.35079 -0.202438 2.9056
      vertex 7.35 -5.26293 13.7864
      vertex 7.37172 -5.56323 13.6464
    endloop
  endfacet
  facet normal 0.0654345 -0.904365 -0.421713
    outer loop
      vertex 9.65411 -2.88176 14.8967
      vertex 10 2.2102 4.03063
      vertex 10 -2.86121 14.9063
    endloop
  endfacet
  facet normal 0.0653842 -0.904368 -0.421715
    outer loop
      vertex 10 2.2102 4.03063
      vertex 9.65411 -2.88176 14.8967
      vertex 9.65411 2.18966 4.02105
    endloop
  endfacet
  facet normal -0.94695 -0.291272 -0.135819
    outer loop
      vertex 12.5597 0.62161 2.78986
      vertex 12.4483 0.885793 3
      vertex 12.4483 0.919096 2.92858
    endloop
  endfacet
  facet normal -0.946961 -0.291178 -0.135944
    outer loop
      vertex 12.4483 0.885793 3
      vertex 12.5597 0.62161 2.78986
      vertex 12.5577 0.530005 3
    endloop
  endfacet
  facet normal -0.946966 -0.291229 -0.135801
    outer loop
      vertex 12.453 -4.35635 14.2091
      vertex 12.4483 0.727585 3.33928
      vertex 12.5558 0.440469 3.20539
    endloop
  endfacet
  facet normal -0.946892 -0.291424 -0.135893
    outer loop
      vertex 12.4483 0.727585 3.33928
      vertex 12.453 -4.35635 14.2091
      vertex 12.4483 -4.34383 14.215
    endloop
  endfacet
  facet normal 0 -0.422633 0.906301
    outer loop
      vertex 12.2275 1.07225 3
      vertex 12.4483 0.919096 2.92858
      vertex 12.3186 1.07225 3
    endloop
  endfacet
  facet normal 1.72831e-05 -0.422613 0.90631
    outer loop
      vertex 12.4483 0.919096 2.92858
      vertex 12.2275 1.07225 3
      vertex 12.5597 0.62161 2.78986
    endloop
  endfacet
  facet normal 0.441381 -0.813236 -0.379249
    outer loop
      vertex 8.675 -3.18298 14.7563
      vertex 8.97505 2.02254 3.94313
      vertex 8.68808 -3.17714 14.759
    endloop
  endfacet
  facet normal 0.442284 -0.812845 -0.379035
    outer loop
      vertex 8.97505 2.02254 3.94313
      vertex 8.675 -3.18298 14.7563
      vertex 8.675 1.88844 3.88059
    endloop
  endfacet
  facet normal 0.322004 0.858043 0.400094
    outer loop
      vertex 9.31413 -7.58281 12.7046
      vertex 8.99733 -2.41393 1.87437
      vertex 9.30032 -7.57856 12.7066
    endloop
  endfacet
  facet normal 0.321433 0.858212 0.400191
    outer loop
      vertex 8.99733 -2.41393 1.87437
      vertex 9.31413 -7.58281 12.7046
      vertex 9.31413 -2.51139 1.82892
    endloop
  endfacet
  facet normal 0.065049 0.904388 0.421724
    outer loop
      vertex 9.66866 -7.64496 12.6756
      vertex 9.65411 -2.57268 1.80034
      vertex 9.65411 -7.6441 12.676
    endloop
  endfacet
  facet normal 0.0654059 0.904367 0.421714
    outer loop
      vertex 9.65411 -2.57268 1.80034
      vertex 9.66866 -7.64496 12.6756
      vertex 9.98794 -2.59251 1.79109
    endloop
  endfacet
  facet normal 0.0653247 0.904373 0.421714
    outer loop
      vertex 10 -7.66465 12.6665
      vertex 9.98794 -2.59251 1.79109
      vertex 9.66866 -7.64496 12.6756
    endloop
  endfacet
  facet normal 0.0655309 0.90436 0.421708
    outer loop
      vertex 9.98794 -2.59251 1.79109
      vertex 10 -7.66465 12.6665
      vertex 10 -2.59323 1.79076
    endloop
  endfacet
  facet normal 0.980795 0.176766 0.0824276
    outer loop
      vertex 7.37551 -5.58938 13.6342
      vertex 7.37267 -0.504997 2.76451
      vertex 7.37267 -5.57642 13.6402
    endloop
  endfacet
  facet normal 0.980784 0.176817 0.0824512
    outer loop
      vertex 7.37267 -0.504997 2.76451
      vertex 7.37551 -5.58938 13.6342
      vertex 7.43794 -0.80238 2.62584
    endloop
  endfacet
  facet normal 0.831469 0.503518 0.234795
    outer loop
      vertex 7.70503 -6.46379 13.2264
      vertex 7.89761 -1.65358 2.22892
      vertex 7.70503 -1.39237 2.35073
    endloop
  endfacet
  facet normal 0.831465 0.503523 0.234797
    outer loop
      vertex 7.89761 -1.65358 2.22892
      vertex 7.70503 -6.46379 13.2264
      vertex 7.89761 -6.725 13.1046
    endloop
  endfacet
  facet normal 0.659407 0.68135 0.317718
    outer loop
      vertex 8.37582 -7.15963 12.9019
      vertex 8.12617 -1.88978 2.11878
      vertex 8.12617 -6.9612 12.9945
    endloop
  endfacet
  facet normal 0.659571 0.681222 0.317652
    outer loop
      vertex 8.12617 -1.88978 2.11878
      vertex 8.37582 -7.15963 12.9019
      vertex 8.13525 -1.897 2.11541
    endloop
  endfacet
  facet normal 0.947146 -0.290745 -0.135577
    outer loop
      vertex 7.4403 0.62161 2.78986
      vertex 7.44226 0.530005 3
      vertex 7.4403 0.52362 3
    endloop
  endfacet
  facet normal 0.946923 -0.291342 -0.135855
    outer loop
      vertex 7.4403 -4.64132 14.0763
      vertex 7.44418 0.440469 3.20539
      vertex 7.54703 -4.35635 14.2091
    endloop
  endfacet
  facet normal 0.947012 -0.291105 -0.135744
    outer loop
      vertex 7.44418 0.440469 3.20539
      vertex 7.4403 -4.64132 14.0763
      vertex 7.4403 0.430099 3.20056
    endloop
  endfacet
  facet normal 0.946932 -0.291319 -0.135841
    outer loop
      vertex 7.55172 0.885793 3
      vertex 7.4403 0.62161 2.78986
      vertex 7.55172 0.919096 2.92858
    endloop
  endfacet
  facet normal 0.946931 -0.291328 -0.135829
    outer loop
      vertex 7.4403 0.62161 2.78986
      vertex 7.55172 0.885793 3
      vertex 7.44226 0.530005 3
    endloop
  endfacet
  facet normal 0.947101 -0.290868 -0.135633
    outer loop
      vertex 7.54703 -4.35635 14.2091
      vertex 7.55172 0.727585 3.33928
      vertex 7.55172 -4.34383 14.215
    endloop
  endfacet
  facet normal 0.946929 -0.291325 -0.135847
    outer loop
      vertex 7.55172 0.727585 3.33928
      vertex 7.54703 -4.35635 14.2091
      vertex 7.44418 0.440469 3.20539
    endloop
  endfacet
  facet normal -0.980779 -0.195122 0
    outer loop
      vertex 5.68546 4.22189 0
      vertex 5.64207 4.43999 3
      vertex 5.64207 4.43999 0
    endloop
  endfacet
  facet normal -0.980779 -0.195122 0
    outer loop
      vertex 5.64207 4.43999 3
      vertex 5.68546 4.22189 0
      vertex 5.68546 4.22189 3
    endloop
  endfacet
  facet normal -0.99786 -0.0653877 0
    outer loop
      vertex 5.7 4 0
      vertex 5.68546 4.22189 3
      vertex 5.68546 4.22189 0
    endloop
  endfacet
  facet normal -0.99786 -0.0653877 0
    outer loop
      vertex 5.68546 4.22189 3
      vertex 5.7 4 0
      vertex 5.7 4 3
    endloop
  endfacet
  facet normal 0.442278 -0.896878 0
    outer loop
      vertex 3.15 5.47224 0
      vertex 3.34944 5.57059 3
      vertex 3.15 5.47224 3
    endloop
  endfacet
  facet normal 0.442278 -0.896878 0
    outer loop
      vertex 3.34944 5.57059 3
      vertex 3.15 5.47224 0
      vertex 3.34944 5.57059 0
    endloop
  endfacet
  facet normal -0.555572 -0.831469 0
    outer loop
      vertex 4.85 5.47224 0
      vertex 5.03489 5.3487 3
      vertex 4.85 5.47224 3
    endloop
  endfacet
  facet normal -0.555572 -0.831469 -0
    outer loop
      vertex 5.03489 5.3487 3
      vertex 4.85 5.47224 0
      vertex 5.03489 5.3487 0
    endloop
  endfacet
  facet normal 0.659342 -0.751844 0
    outer loop
      vertex 2.79792 5.20208 0
      vertex 2.96511 5.3487 3
      vertex 2.79792 5.20208 3
    endloop
  endfacet
  facet normal 0.659342 -0.751844 0
    outer loop
      vertex 2.96511 5.3487 3
      vertex 2.79792 5.20208 0
      vertex 2.96511 5.3487 0
    endloop
  endfacet
  facet normal -0.321404 0.946942 0
    outer loop
      vertex 4.65056 2.4294 0
      vertex 4.43999 2.35793 3
      vertex 4.65056 2.4294 3
    endloop
  endfacet
  facet normal -0.321404 0.946942 0
    outer loop
      vertex 4.43999 2.35793 3
      vertex 4.65056 2.4294 0
      vertex 4.43999 2.35793 0
    endloop
  endfacet
  facet normal -0.831469 0.555572 0
    outer loop
      vertex 5.3487 2.96511 0
      vertex 5.47224 3.15 3
      vertex 5.47224 3.15 0
    endloop
  endfacet
  facet normal -0.831469 0.555572 0
    outer loop
      vertex 5.47224 3.15 3
      vertex 5.3487 2.96511 0
      vertex 5.3487 2.96511 3
    endloop
  endfacet
  facet normal -0.946929 0.321444 0
    outer loop
      vertex 5.57059 3.34944 0
      vertex 5.64207 3.56001 3
      vertex 5.64207 3.56001 0
    endloop
  endfacet
  facet normal -0.946929 0.321444 0
    outer loop
      vertex 5.64207 3.56001 3
      vertex 5.57059 3.34944 0
      vertex 5.57059 3.34944 3
    endloop
  endfacet
  facet normal -0.321444 -0.946929 0
    outer loop
      vertex 4.43999 5.64207 0
      vertex 4.65056 5.57059 3
      vertex 4.43999 5.64207 3
    endloop
  endfacet
  facet normal -0.321444 -0.946929 -0
    outer loop
      vertex 4.65056 5.57059 3
      vertex 4.43999 5.64207 0
      vertex 4.65056 5.57059 0
    endloop
  endfacet
  facet normal 0.555572 -0.831469 0
    outer loop
      vertex 2.96511 5.3487 0
      vertex 3.15 5.47224 3
      vertex 2.96511 5.3487 3
    endloop
  endfacet
  facet normal 0.555572 -0.831469 0
    outer loop
      vertex 3.15 5.47224 3
      vertex 2.96511 5.3487 0
      vertex 3.15 5.47224 0
    endloop
  endfacet
  facet normal -0.896878 0.442278 0
    outer loop
      vertex 5.47224 3.15 0
      vertex 5.57059 3.34944 3
      vertex 5.57059 3.34944 0
    endloop
  endfacet
  facet normal -0.896878 0.442278 0
    outer loop
      vertex 5.57059 3.34944 3
      vertex 5.47224 3.15 0
      vertex 5.47224 3.15 3
    endloop
  endfacet
  facet normal -0.659342 -0.751844 0
    outer loop
      vertex 5.03489 5.3487 0
      vertex 5.20208 5.20208 3
      vertex 5.03489 5.3487 3
    endloop
  endfacet
  facet normal -0.659342 -0.751844 -0
    outer loop
      vertex 5.20208 5.20208 3
      vertex 5.03489 5.3487 0
      vertex 5.20208 5.20208 0
    endloop
  endfacet
  facet normal -0.555572 0.831469 0
    outer loop
      vertex 5.03489 2.6513 0
      vertex 4.85 2.52776 3
      vertex 5.03489 2.6513 3
    endloop
  endfacet
  facet normal -0.555572 0.831469 0
    outer loop
      vertex 4.85 2.52776 3
      vertex 5.03489 2.6513 0
      vertex 4.85 2.52776 0
    endloop
  endfacet
  facet normal -0.442278 -0.896878 0
    outer loop
      vertex 4.65056 5.57059 0
      vertex 4.85 5.47224 3
      vertex 4.65056 5.57059 3
    endloop
  endfacet
  facet normal -0.442278 -0.896878 -0
    outer loop
      vertex 4.85 5.47224 3
      vertex 4.65056 5.57059 0
      vertex 4.85 5.47224 0
    endloop
  endfacet
  facet normal 0.659342 0.751844 -0
    outer loop
      vertex 2.96511 2.6513 0
      vertex 2.79792 2.79792 3
      vertex 2.96511 2.6513 3
    endloop
  endfacet
  facet normal 0.659342 0.751844 0
    outer loop
      vertex 2.79792 2.79792 3
      vertex 2.96511 2.6513 0
      vertex 2.79792 2.79792 0
    endloop
  endfacet
  facet normal 0.751844 0.659342 0
    outer loop
      vertex 2.79792 2.79792 3
      vertex 2.6513 2.96511 0
      vertex 2.6513 2.96511 3
    endloop
  endfacet
  facet normal 0.751844 0.659342 0
    outer loop
      vertex 2.6513 2.96511 0
      vertex 2.79792 2.79792 3
      vertex 2.79792 2.79792 0
    endloop
  endfacet
  facet normal 0.831469 0.555572 0
    outer loop
      vertex 2.6513 2.96511 3
      vertex 2.52776 3.15 0
      vertex 2.52776 3.15 3
    endloop
  endfacet
  facet normal 0.831469 0.555572 0
    outer loop
      vertex 2.52776 3.15 0
      vertex 2.6513 2.96511 3
      vertex 2.6513 2.96511 0
    endloop
  endfacet
  facet normal -0.831469 -0.555572 0
    outer loop
      vertex 5.47224 4.85 0
      vertex 5.3487 5.03489 3
      vertex 5.3487 5.03489 0
    endloop
  endfacet
  facet normal -0.831469 -0.555572 0
    outer loop
      vertex 5.3487 5.03489 3
      vertex 5.47224 4.85 0
      vertex 5.47224 4.85 3
    endloop
  endfacet
  facet normal -0.195122 0.980779 0
    outer loop
      vertex 4.43999 2.35793 0
      vertex 4.22189 2.31454 3
      vertex 4.43999 2.35793 3
    endloop
  endfacet
  facet normal -0.195122 0.980779 0
    outer loop
      vertex 4.22189 2.31454 3
      vertex 4.43999 2.35793 0
      vertex 4.22189 2.31454 0
    endloop
  endfacet
  facet normal -0.980777 0.19513 0
    outer loop
      vertex 5.64207 3.56001 0
      vertex 5.68546 3.7781 3
      vertex 5.68546 3.7781 0
    endloop
  endfacet
  facet normal -0.980777 0.19513 0
    outer loop
      vertex 5.68546 3.7781 3
      vertex 5.64207 3.56001 0
      vertex 5.64207 3.56001 3
    endloop
  endfacet
  facet normal 0.946942 0.321404 0
    outer loop
      vertex 2.4294 3.34944 3
      vertex 2.35793 3.56001 0
      vertex 2.35793 3.56001 3
    endloop
  endfacet
  facet normal 0.946942 0.321404 0
    outer loop
      vertex 2.35793 3.56001 0
      vertex 2.4294 3.34944 3
      vertex 2.4294 3.34944 0
    endloop
  endfacet
  facet normal -0.442314 0.89686 0
    outer loop
      vertex 4.85 2.52776 0
      vertex 4.65056 2.4294 3
      vertex 4.85 2.52776 3
    endloop
  endfacet
  facet normal -0.442314 0.89686 0
    outer loop
      vertex 4.65056 2.4294 3
      vertex 4.85 2.52776 0
      vertex 4.65056 2.4294 0
    endloop
  endfacet
  facet normal -0.0653877 -0.99786 0
    outer loop
      vertex 4 5.7 0
      vertex 4.22189 5.68546 3
      vertex 4 5.7 3
    endloop
  endfacet
  facet normal -0.0653877 -0.99786 -0
    outer loop
      vertex 4.22189 5.68546 3
      vertex 4 5.7 0
      vertex 4.22189 5.68546 0
    endloop
  endfacet
  facet normal 0.321444 -0.946929 0
    outer loop
      vertex 3.34944 5.57059 0
      vertex 3.56001 5.64207 3
      vertex 3.34944 5.57059 3
    endloop
  endfacet
  facet normal 0.321444 -0.946929 0
    outer loop
      vertex 3.56001 5.64207 3
      vertex 3.34944 5.57059 0
      vertex 3.56001 5.64207 0
    endloop
  endfacet
  facet normal 0.19513 -0.980777 0
    outer loop
      vertex 3.56001 5.64207 0
      vertex 3.7781 5.68546 3
      vertex 3.56001 5.64207 3
    endloop
  endfacet
  facet normal 0.19513 -0.980777 0
    outer loop
      vertex 3.7781 5.68546 3
      vertex 3.56001 5.64207 0
      vertex 3.7781 5.68546 0
    endloop
  endfacet
  facet normal -0.896878 -0.442278 0
    outer loop
      vertex 5.57059 4.65056 0
      vertex 5.47224 4.85 3
      vertex 5.47224 4.85 0
    endloop
  endfacet
  facet normal -0.896878 -0.442278 0
    outer loop
      vertex 5.47224 4.85 3
      vertex 5.57059 4.65056 0
      vertex 5.57059 4.65056 3
    endloop
  endfacet
  facet normal -0.99786 0.0653848 0
    outer loop
      vertex 5.68546 3.7781 0
      vertex 5.7 4 3
      vertex 5.7 4 0
    endloop
  endfacet
  facet normal -0.99786 0.0653848 0
    outer loop
      vertex 5.7 4 3
      vertex 5.68546 3.7781 0
      vertex 5.68546 3.7781 3
    endloop
  endfacet
  facet normal -0.0653877 0.99786 0
    outer loop
      vertex 4.22189 2.31454 0
      vertex 4 2.3 3
      vertex 4.22189 2.31454 3
    endloop
  endfacet
  facet normal -0.0653877 0.99786 0
    outer loop
      vertex 4 2.3 3
      vertex 4.22189 2.31454 0
      vertex 4 2.3 0
    endloop
  endfacet
  facet normal -0.751844 -0.659342 0
    outer loop
      vertex 5.3487 5.03489 0
      vertex 5.20208 5.20208 3
      vertex 5.20208 5.20208 0
    endloop
  endfacet
  facet normal -0.751844 -0.659342 0
    outer loop
      vertex 5.20208 5.20208 3
      vertex 5.3487 5.03489 0
      vertex 5.3487 5.03489 3
    endloop
  endfacet
  facet normal 0.99786 0.0653848 0
    outer loop
      vertex 2.31454 3.7781 3
      vertex 2.3 4 0
      vertex 2.3 4 3
    endloop
  endfacet
  facet normal 0.99786 0.0653848 0
    outer loop
      vertex 2.3 4 0
      vertex 2.31454 3.7781 3
      vertex 2.31454 3.7781 0
    endloop
  endfacet
  facet normal -0.751844 0.659342 0
    outer loop
      vertex 5.20208 2.79792 0
      vertex 5.3487 2.96511 3
      vertex 5.3487 2.96511 0
    endloop
  endfacet
  facet normal -0.751844 0.659342 0
    outer loop
      vertex 5.3487 2.96511 3
      vertex 5.20208 2.79792 0
      vertex 5.20208 2.79792 3
    endloop
  endfacet
  facet normal 0.751844 -0.659342 0
    outer loop
      vertex 2.6513 5.03489 3
      vertex 2.79792 5.20208 0
      vertex 2.79792 5.20208 3
    endloop
  endfacet
  facet normal 0.751844 -0.659342 0
    outer loop
      vertex 2.79792 5.20208 0
      vertex 2.6513 5.03489 3
      vertex 2.6513 5.03489 0
    endloop
  endfacet
  facet normal 0.831469 -0.555572 0
    outer loop
      vertex 2.52776 4.85 3
      vertex 2.6513 5.03489 0
      vertex 2.6513 5.03489 3
    endloop
  endfacet
  facet normal 0.831469 -0.555572 0
    outer loop
      vertex 2.6513 5.03489 0
      vertex 2.52776 4.85 3
      vertex 2.52776 4.85 0
    endloop
  endfacet
  facet normal 0.0653848 -0.99786 0
    outer loop
      vertex 3.7781 5.68546 0
      vertex 4 5.7 3
      vertex 3.7781 5.68546 3
    endloop
  endfacet
  facet normal 0.0653848 -0.99786 0
    outer loop
      vertex 4 5.7 3
      vertex 3.7781 5.68546 0
      vertex 4 5.7 0
    endloop
  endfacet
  facet normal 0.980777 0.19513 0
    outer loop
      vertex 2.35793 3.56001 3
      vertex 2.31454 3.7781 0
      vertex 2.31454 3.7781 3
    endloop
  endfacet
  facet normal 0.980777 0.19513 0
    outer loop
      vertex 2.31454 3.7781 0
      vertex 2.35793 3.56001 3
      vertex 2.35793 3.56001 0
    endloop
  endfacet
  facet normal 0.321404 0.946942 -0
    outer loop
      vertex 3.56001 2.35793 0
      vertex 3.34944 2.4294 3
      vertex 3.56001 2.35793 3
    endloop
  endfacet
  facet normal 0.321404 0.946942 0
    outer loop
      vertex 3.34944 2.4294 3
      vertex 3.56001 2.35793 0
      vertex 3.34944 2.4294 0
    endloop
  endfacet
  facet normal -0.946929 -0.321444 0
    outer loop
      vertex 5.64207 4.43999 0
      vertex 5.57059 4.65056 3
      vertex 5.57059 4.65056 0
    endloop
  endfacet
  facet normal -0.946929 -0.321444 0
    outer loop
      vertex 5.57059 4.65056 3
      vertex 5.64207 4.43999 0
      vertex 5.64207 4.43999 3
    endloop
  endfacet
  facet normal 0.442314 0.89686 -0
    outer loop
      vertex 3.34944 2.4294 0
      vertex 3.15 2.52776 3
      vertex 3.34944 2.4294 3
    endloop
  endfacet
  facet normal 0.442314 0.89686 0
    outer loop
      vertex 3.15 2.52776 3
      vertex 3.34944 2.4294 0
      vertex 3.15 2.52776 0
    endloop
  endfacet
  facet normal 0.555572 0.831469 -0
    outer loop
      vertex 3.15 2.52776 0
      vertex 2.96511 2.6513 3
      vertex 3.15 2.52776 3
    endloop
  endfacet
  facet normal 0.555572 0.831469 0
    outer loop
      vertex 2.96511 2.6513 3
      vertex 3.15 2.52776 0
      vertex 2.96511 2.6513 0
    endloop
  endfacet
  facet normal 0.19513 0.980777 -0
    outer loop
      vertex 3.7781 2.31454 0
      vertex 3.56001 2.35793 3
      vertex 3.7781 2.31454 3
    endloop
  endfacet
  facet normal 0.19513 0.980777 0
    outer loop
      vertex 3.56001 2.35793 3
      vertex 3.7781 2.31454 0
      vertex 3.56001 2.35793 0
    endloop
  endfacet
  facet normal 0.89686 -0.442314 0
    outer loop
      vertex 2.4294 4.65056 3
      vertex 2.52776 4.85 0
      vertex 2.52776 4.85 3
    endloop
  endfacet
  facet normal 0.89686 -0.442314 0
    outer loop
      vertex 2.52776 4.85 0
      vertex 2.4294 4.65056 3
      vertex 2.4294 4.65056 0
    endloop
  endfacet
  facet normal 0.0653848 0.99786 -0
    outer loop
      vertex 4 2.3 0
      vertex 3.7781 2.31454 3
      vertex 4 2.3 3
    endloop
  endfacet
  facet normal 0.0653848 0.99786 0
    outer loop
      vertex 3.7781 2.31454 3
      vertex 4 2.3 0
      vertex 3.7781 2.31454 0
    endloop
  endfacet
  facet normal 0.89686 0.442314 0
    outer loop
      vertex 2.52776 3.15 3
      vertex 2.4294 3.34944 0
      vertex 2.4294 3.34944 3
    endloop
  endfacet
  facet normal 0.89686 0.442314 0
    outer loop
      vertex 2.4294 3.34944 0
      vertex 2.52776 3.15 3
      vertex 2.52776 3.15 0
    endloop
  endfacet
  facet normal 0.99786 -0.0653877 0
    outer loop
      vertex 2.3 4 3
      vertex 2.31454 4.22189 0
      vertex 2.31454 4.22189 3
    endloop
  endfacet
  facet normal 0.99786 -0.0653877 0
    outer loop
      vertex 2.31454 4.22189 0
      vertex 2.3 4 3
      vertex 2.3 4 0
    endloop
  endfacet
  facet normal 0.980779 -0.195122 0
    outer loop
      vertex 2.31454 4.22189 3
      vertex 2.35793 4.43999 0
      vertex 2.35793 4.43999 3
    endloop
  endfacet
  facet normal 0.980779 -0.195122 0
    outer loop
      vertex 2.35793 4.43999 0
      vertex 2.31454 4.22189 3
      vertex 2.31454 4.22189 0
    endloop
  endfacet
  facet normal 0.946942 -0.321404 0
    outer loop
      vertex 2.35793 4.43999 3
      vertex 2.4294 4.65056 0
      vertex 2.4294 4.65056 3
    endloop
  endfacet
  facet normal 0.946942 -0.321404 0
    outer loop
      vertex 2.4294 4.65056 0
      vertex 2.35793 4.43999 3
      vertex 2.35793 4.43999 0
    endloop
  endfacet
  facet normal -0.195122 -0.980779 0
    outer loop
      vertex 4.22189 5.68546 0
      vertex 4.43999 5.64207 3
      vertex 4.22189 5.68546 3
    endloop
  endfacet
  facet normal -0.195122 -0.980779 -0
    outer loop
      vertex 4.43999 5.64207 3
      vertex 4.22189 5.68546 0
      vertex 4.43999 5.64207 0
    endloop
  endfacet
  facet normal -0.659342 0.751844 0
    outer loop
      vertex 5.20208 2.79792 0
      vertex 5.03489 2.6513 3
      vertex 5.20208 2.79792 3
    endloop
  endfacet
  facet normal -0.659342 0.751844 0
    outer loop
      vertex 5.03489 2.6513 3
      vertex 5.20208 2.79792 0
      vertex 5.03489 2.6513 0
    endloop
  endfacet
  facet normal -0.98077 -0.195165 0
    outer loop
      vertex 17.6855 16.2219 0
      vertex 17.6421 16.44 3
      vertex 17.6421 16.44 0
    endloop
  endfacet
  facet normal -0.98077 -0.195165 0
    outer loop
      vertex 17.6421 16.44 3
      vertex 17.6855 16.2219 0
      vertex 17.6855 16.2219 3
    endloop
  endfacet
  facet normal -0.997872 -0.0652057 0
    outer loop
      vertex 17.7 16 0
      vertex 17.6855 16.2219 3
      vertex 17.6855 16.2219 0
    endloop
  endfacet
  facet normal -0.997872 -0.0652057 0
    outer loop
      vertex 17.6855 16.2219 3
      vertex 17.7 16 0
      vertex 17.7 16 3
    endloop
  endfacet
  facet normal 0.44253 -0.896754 0
    outer loop
      vertex 15.15 17.4722 0
      vertex 15.3494 17.5706 3
      vertex 15.15 17.4722 3
    endloop
  endfacet
  facet normal 0.44253 -0.896754 0
    outer loop
      vertex 15.3494 17.5706 3
      vertex 15.15 17.4722 0
      vertex 15.3494 17.5706 0
    endloop
  endfacet
  facet normal 0.0652057 0.997872 -0
    outer loop
      vertex 16 14.3 0
      vertex 15.7781 14.3145 3
      vertex 16 14.3 3
    endloop
  endfacet
  facet normal 0.0652057 0.997872 0
    outer loop
      vertex 15.7781 14.3145 3
      vertex 16 14.3 0
      vertex 15.7781 14.3145 0
    endloop
  endfacet
  facet normal -0.555426 -0.831566 0
    outer loop
      vertex 16.85 17.4722 0
      vertex 17.0349 17.3487 3
      vertex 16.85 17.4722 3
    endloop
  endfacet
  facet normal -0.555426 -0.831566 -0
    outer loop
      vertex 17.0349 17.3487 3
      vertex 16.85 17.4722 0
      vertex 17.0349 17.3487 0
    endloop
  endfacet
  facet normal 0.659268 -0.751908 0
    outer loop
      vertex 14.7979 17.2021 0
      vertex 14.9651 17.3487 3
      vertex 14.7979 17.2021 3
    endloop
  endfacet
  facet normal 0.659268 -0.751908 0
    outer loop
      vertex 14.9651 17.3487 3
      vertex 14.7979 17.2021 0
      vertex 14.9651 17.3487 0
    endloop
  endfacet
  facet normal -0.321484 0.946915 0
    outer loop
      vertex 16.6506 14.4294 0
      vertex 16.44 14.3579 3
      vertex 16.6506 14.4294 3
    endloop
  endfacet
  facet normal -0.321484 0.946915 0
    outer loop
      vertex 16.44 14.3579 3
      vertex 16.6506 14.4294 0
      vertex 16.44 14.3579 0
    endloop
  endfacet
  facet normal -0.946915 0.321484 0
    outer loop
      vertex 17.5706 15.3494 0
      vertex 17.6421 15.56 3
      vertex 17.6421 15.56 0
    endloop
  endfacet
  facet normal -0.946915 0.321484 0
    outer loop
      vertex 17.6421 15.56 3
      vertex 17.5706 15.3494 0
      vertex 17.5706 15.3494 3
    endloop
  endfacet
  facet normal -0.321484 -0.946915 0
    outer loop
      vertex 16.44 17.6421 0
      vertex 16.6506 17.5706 3
      vertex 16.44 17.6421 3
    endloop
  endfacet
  facet normal -0.321484 -0.946915 -0
    outer loop
      vertex 16.6506 17.5706 3
      vertex 16.44 17.6421 0
      vertex 16.6506 17.5706 0
    endloop
  endfacet
  facet normal 0.555426 -0.831566 0
    outer loop
      vertex 14.9651 17.3487 0
      vertex 15.15 17.4722 3
      vertex 14.9651 17.3487 3
    endloop
  endfacet
  facet normal 0.555426 -0.831566 0
    outer loop
      vertex 15.15 17.4722 3
      vertex 14.9651 17.3487 0
      vertex 15.15 17.4722 0
    endloop
  endfacet
  facet normal -0.896754 0.44253 0
    outer loop
      vertex 17.4722 15.15 0
      vertex 17.5706 15.3494 3
      vertex 17.5706 15.3494 0
    endloop
  endfacet
  facet normal -0.896754 0.44253 0
    outer loop
      vertex 17.5706 15.3494 3
      vertex 17.4722 15.15 0
      vertex 17.4722 15.15 3
    endloop
  endfacet
  facet normal -0.659268 -0.751908 0
    outer loop
      vertex 17.0349 17.3487 0
      vertex 17.2021 17.2021 3
      vertex 17.0349 17.3487 3
    endloop
  endfacet
  facet normal -0.659268 -0.751908 -0
    outer loop
      vertex 17.2021 17.2021 3
      vertex 17.0349 17.3487 0
      vertex 17.2021 17.2021 0
    endloop
  endfacet
  facet normal -0.555426 0.831566 0
    outer loop
      vertex 17.0349 14.6513 0
      vertex 16.85 14.5278 3
      vertex 17.0349 14.6513 3
    endloop
  endfacet
  facet normal -0.555426 0.831566 0
    outer loop
      vertex 16.85 14.5278 3
      vertex 17.0349 14.6513 0
      vertex 16.85 14.5278 0
    endloop
  endfacet
  facet normal -0.44253 -0.896754 0
    outer loop
      vertex 16.6506 17.5706 0
      vertex 16.85 17.4722 3
      vertex 16.6506 17.5706 3
    endloop
  endfacet
  facet normal -0.44253 -0.896754 -0
    outer loop
      vertex 16.85 17.4722 3
      vertex 16.6506 17.5706 0
      vertex 16.85 17.4722 0
    endloop
  endfacet
  facet normal 0.997872 -0.0652057 0
    outer loop
      vertex 14.3 16 3
      vertex 14.3145 16.2219 0
      vertex 14.3145 16.2219 3
    endloop
  endfacet
  facet normal 0.997872 -0.0652057 0
    outer loop
      vertex 14.3145 16.2219 0
      vertex 14.3 16 3
      vertex 14.3 16 0
    endloop
  endfacet
  facet normal 0.659268 0.751908 -0
    outer loop
      vertex 14.9651 14.6513 0
      vertex 14.7979 14.7979 3
      vertex 14.9651 14.6513 3
    endloop
  endfacet
  facet normal 0.659268 0.751908 0
    outer loop
      vertex 14.7979 14.7979 3
      vertex 14.9651 14.6513 0
      vertex 14.7979 14.7979 0
    endloop
  endfacet
  facet normal 0.751908 0.659268 0
    outer loop
      vertex 14.7979 14.7979 3
      vertex 14.6513 14.9651 0
      vertex 14.6513 14.9651 3
    endloop
  endfacet
  facet normal 0.751908 0.659268 0
    outer loop
      vertex 14.6513 14.9651 0
      vertex 14.7979 14.7979 3
      vertex 14.7979 14.7979 0
    endloop
  endfacet
  facet normal 0.831566 0.555426 0
    outer loop
      vertex 14.6513 14.9651 3
      vertex 14.5278 15.15 0
      vertex 14.5278 15.15 3
    endloop
  endfacet
  facet normal 0.831566 0.555426 0
    outer loop
      vertex 14.5278 15.15 0
      vertex 14.6513 14.9651 3
      vertex 14.6513 14.9651 0
    endloop
  endfacet
  facet normal -0.831566 -0.555426 0
    outer loop
      vertex 17.4722 16.85 0
      vertex 17.3487 17.0349 3
      vertex 17.3487 17.0349 0
    endloop
  endfacet
  facet normal -0.831566 -0.555426 0
    outer loop
      vertex 17.3487 17.0349 3
      vertex 17.4722 16.85 0
      vertex 17.4722 16.85 3
    endloop
  endfacet
  facet normal -0.195165 0.98077 0
    outer loop
      vertex 16.44 14.3579 0
      vertex 16.2219 14.3145 3
      vertex 16.44 14.3579 3
    endloop
  endfacet
  facet normal -0.195165 0.98077 0
    outer loop
      vertex 16.2219 14.3145 3
      vertex 16.44 14.3579 0
      vertex 16.2219 14.3145 0
    endloop
  endfacet
  facet normal -0.98077 0.195165 0
    outer loop
      vertex 17.6421 15.56 0
      vertex 17.6855 15.7781 3
      vertex 17.6855 15.7781 0
    endloop
  endfacet
  facet normal -0.98077 0.195165 0
    outer loop
      vertex 17.6855 15.7781 3
      vertex 17.6421 15.56 0
      vertex 17.6421 15.56 3
    endloop
  endfacet
  facet normal 0.946915 0.321484 0
    outer loop
      vertex 14.4294 15.3494 3
      vertex 14.3579 15.56 0
      vertex 14.3579 15.56 3
    endloop
  endfacet
  facet normal 0.946915 0.321484 0
    outer loop
      vertex 14.3579 15.56 0
      vertex 14.4294 15.3494 3
      vertex 14.4294 15.3494 0
    endloop
  endfacet
  facet normal -0.44253 0.896754 0
    outer loop
      vertex 16.85 14.5278 0
      vertex 16.6506 14.4294 3
      vertex 16.85 14.5278 3
    endloop
  endfacet
  facet normal -0.44253 0.896754 0
    outer loop
      vertex 16.6506 14.4294 3
      vertex 16.85 14.5278 0
      vertex 16.6506 14.4294 0
    endloop
  endfacet
  facet normal 0.555426 0.831566 -0
    outer loop
      vertex 15.15 14.5278 0
      vertex 14.9651 14.6513 3
      vertex 15.15 14.5278 3
    endloop
  endfacet
  facet normal 0.555426 0.831566 0
    outer loop
      vertex 14.9651 14.6513 3
      vertex 15.15 14.5278 0
      vertex 14.9651 14.6513 0
    endloop
  endfacet
  facet normal 0.831566 -0.555426 0
    outer loop
      vertex 14.5278 16.85 3
      vertex 14.6513 17.0349 0
      vertex 14.6513 17.0349 3
    endloop
  endfacet
  facet normal 0.831566 -0.555426 0
    outer loop
      vertex 14.6513 17.0349 0
      vertex 14.5278 16.85 3
      vertex 14.5278 16.85 0
    endloop
  endfacet
  facet normal 0.321484 -0.946915 0
    outer loop
      vertex 15.3494 17.5706 0
      vertex 15.56 17.6421 3
      vertex 15.3494 17.5706 3
    endloop
  endfacet
  facet normal 0.321484 -0.946915 0
    outer loop
      vertex 15.56 17.6421 3
      vertex 15.3494 17.5706 0
      vertex 15.56 17.6421 0
    endloop
  endfacet
  facet normal 0.195165 -0.98077 0
    outer loop
      vertex 15.56 17.6421 0
      vertex 15.7781 17.6855 3
      vertex 15.56 17.6421 3
    endloop
  endfacet
  facet normal 0.195165 -0.98077 0
    outer loop
      vertex 15.7781 17.6855 3
      vertex 15.56 17.6421 0
      vertex 15.7781 17.6855 0
    endloop
  endfacet
  facet normal -0.896754 -0.44253 0
    outer loop
      vertex 17.5706 16.6506 0
      vertex 17.4722 16.85 3
      vertex 17.4722 16.85 0
    endloop
  endfacet
  facet normal -0.896754 -0.44253 0
    outer loop
      vertex 17.4722 16.85 3
      vertex 17.5706 16.6506 0
      vertex 17.5706 16.6506 3
    endloop
  endfacet
  facet normal -0.997872 0.0652057 0
    outer loop
      vertex 17.6855 15.7781 0
      vertex 17.7 16 3
      vertex 17.7 16 0
    endloop
  endfacet
  facet normal -0.997872 0.0652057 0
    outer loop
      vertex 17.7 16 3
      vertex 17.6855 15.7781 0
      vertex 17.6855 15.7781 3
    endloop
  endfacet
  facet normal 0.44253 0.896754 -0
    outer loop
      vertex 15.3494 14.4294 0
      vertex 15.15 14.5278 3
      vertex 15.3494 14.4294 3
    endloop
  endfacet
  facet normal 0.44253 0.896754 0
    outer loop
      vertex 15.15 14.5278 3
      vertex 15.3494 14.4294 0
      vertex 15.15 14.5278 0
    endloop
  endfacet
  facet normal -0.0652057 0.997872 0
    outer loop
      vertex 16.2219 14.3145 0
      vertex 16 14.3 3
      vertex 16.2219 14.3145 3
    endloop
  endfacet
  facet normal -0.0652057 0.997872 0
    outer loop
      vertex 16 14.3 3
      vertex 16.2219 14.3145 0
      vertex 16 14.3 0
    endloop
  endfacet
  facet normal -0.0652057 -0.997872 0
    outer loop
      vertex 16 17.7 0
      vertex 16.2219 17.6855 3
      vertex 16 17.7 3
    endloop
  endfacet
  facet normal -0.0652057 -0.997872 -0
    outer loop
      vertex 16.2219 17.6855 3
      vertex 16 17.7 0
      vertex 16.2219 17.6855 0
    endloop
  endfacet
  facet normal -0.751908 -0.659268 0
    outer loop
      vertex 17.3487 17.0349 0
      vertex 17.2021 17.2021 3
      vertex 17.2021 17.2021 0
    endloop
  endfacet
  facet normal -0.751908 -0.659268 0
    outer loop
      vertex 17.2021 17.2021 3
      vertex 17.3487 17.0349 0
      vertex 17.3487 17.0349 3
    endloop
  endfacet
  facet normal 0.997872 0.0652057 0
    outer loop
      vertex 14.3145 15.7781 3
      vertex 14.3 16 0
      vertex 14.3 16 3
    endloop
  endfacet
  facet normal 0.997872 0.0652057 0
    outer loop
      vertex 14.3 16 0
      vertex 14.3145 15.7781 3
      vertex 14.3145 15.7781 0
    endloop
  endfacet
  facet normal -0.751908 0.659268 0
    outer loop
      vertex 17.2021 14.7979 0
      vertex 17.3487 14.9651 3
      vertex 17.3487 14.9651 0
    endloop
  endfacet
  facet normal -0.751908 0.659268 0
    outer loop
      vertex 17.3487 14.9651 3
      vertex 17.2021 14.7979 0
      vertex 17.2021 14.7979 3
    endloop
  endfacet
  facet normal 0.751908 -0.659268 0
    outer loop
      vertex 14.6513 17.0349 3
      vertex 14.7979 17.2021 0
      vertex 14.7979 17.2021 3
    endloop
  endfacet
  facet normal 0.751908 -0.659268 0
    outer loop
      vertex 14.7979 17.2021 0
      vertex 14.6513 17.0349 3
      vertex 14.6513 17.0349 0
    endloop
  endfacet
  facet normal 0.0652057 -0.997872 0
    outer loop
      vertex 15.7781 17.6855 0
      vertex 16 17.7 3
      vertex 15.7781 17.6855 3
    endloop
  endfacet
  facet normal 0.0652057 -0.997872 0
    outer loop
      vertex 16 17.7 3
      vertex 15.7781 17.6855 0
      vertex 16 17.7 0
    endloop
  endfacet
  facet normal 0.98077 0.195165 0
    outer loop
      vertex 14.3579 15.56 3
      vertex 14.3145 15.7781 0
      vertex 14.3145 15.7781 3
    endloop
  endfacet
  facet normal 0.98077 0.195165 0
    outer loop
      vertex 14.3145 15.7781 0
      vertex 14.3579 15.56 3
      vertex 14.3579 15.56 0
    endloop
  endfacet
  facet normal 0.321484 0.946915 -0
    outer loop
      vertex 15.56 14.3579 0
      vertex 15.3494 14.4294 3
      vertex 15.56 14.3579 3
    endloop
  endfacet
  facet normal 0.321484 0.946915 0
    outer loop
      vertex 15.3494 14.4294 3
      vertex 15.56 14.3579 0
      vertex 15.3494 14.4294 0
    endloop
  endfacet
  facet normal -0.946915 -0.321484 0
    outer loop
      vertex 17.6421 16.44 0
      vertex 17.5706 16.6506 3
      vertex 17.5706 16.6506 0
    endloop
  endfacet
  facet normal -0.946915 -0.321484 0
    outer loop
      vertex 17.5706 16.6506 3
      vertex 17.6421 16.44 0
      vertex 17.6421 16.44 3
    endloop
  endfacet
  facet normal -0.831566 0.555426 0
    outer loop
      vertex 17.3487 14.9651 0
      vertex 17.4722 15.15 3
      vertex 17.4722 15.15 0
    endloop
  endfacet
  facet normal -0.831566 0.555426 0
    outer loop
      vertex 17.4722 15.15 3
      vertex 17.3487 14.9651 0
      vertex 17.3487 14.9651 3
    endloop
  endfacet
  facet normal -0.195165 -0.98077 0
    outer loop
      vertex 16.2219 17.6855 0
      vertex 16.44 17.6421 3
      vertex 16.2219 17.6855 3
    endloop
  endfacet
  facet normal -0.195165 -0.98077 -0
    outer loop
      vertex 16.44 17.6421 3
      vertex 16.2219 17.6855 0
      vertex 16.44 17.6421 0
    endloop
  endfacet
  facet normal 0.896754 0.44253 0
    outer loop
      vertex 14.5278 15.15 3
      vertex 14.4294 15.3494 0
      vertex 14.4294 15.3494 3
    endloop
  endfacet
  facet normal 0.896754 0.44253 0
    outer loop
      vertex 14.4294 15.3494 0
      vertex 14.5278 15.15 3
      vertex 14.5278 15.15 0
    endloop
  endfacet
  facet normal 0.98077 -0.195165 0
    outer loop
      vertex 14.3145 16.2219 3
      vertex 14.3579 16.44 0
      vertex 14.3579 16.44 3
    endloop
  endfacet
  facet normal 0.98077 -0.195165 0
    outer loop
      vertex 14.3579 16.44 0
      vertex 14.3145 16.2219 3
      vertex 14.3145 16.2219 0
    endloop
  endfacet
  facet normal 0.946915 -0.321484 0
    outer loop
      vertex 14.3579 16.44 3
      vertex 14.4294 16.6506 0
      vertex 14.4294 16.6506 3
    endloop
  endfacet
  facet normal 0.946915 -0.321484 0
    outer loop
      vertex 14.4294 16.6506 0
      vertex 14.3579 16.44 3
      vertex 14.3579 16.44 0
    endloop
  endfacet
  facet normal -0.659268 0.751908 0
    outer loop
      vertex 17.2021 14.7979 0
      vertex 17.0349 14.6513 3
      vertex 17.2021 14.7979 3
    endloop
  endfacet
  facet normal -0.659268 0.751908 0
    outer loop
      vertex 17.0349 14.6513 3
      vertex 17.2021 14.7979 0
      vertex 17.0349 14.6513 0
    endloop
  endfacet
  facet normal 0.896754 -0.44253 0
    outer loop
      vertex 14.4294 16.6506 3
      vertex 14.5278 16.85 0
      vertex 14.5278 16.85 3
    endloop
  endfacet
  facet normal 0.896754 -0.44253 0
    outer loop
      vertex 14.5278 16.85 0
      vertex 14.4294 16.6506 3
      vertex 14.4294 16.6506 0
    endloop
  endfacet
  facet normal 0.195165 0.98077 -0
    outer loop
      vertex 15.7781 14.3145 0
      vertex 15.56 14.3579 3
      vertex 15.7781 14.3145 3
    endloop
  endfacet
  facet normal 0.195165 0.98077 0
    outer loop
      vertex 15.56 14.3579 3
      vertex 15.7781 14.3145 0
      vertex 15.56 14.3579 0
    endloop
  endfacet
endsolid OpenSCAD_Model
