solid OpenSCAD_Model
  facet normal 0 0.946933 -0.321432
    outer loop
      vertex 30.01 18.2004 9.16114
      vertex -30.01 19.0287 11.6013
      vertex 30.01 19.0287 11.6013
    endloop
  endfacet
  facet normal 0 0.946933 -0.321432
    outer loop
      vertex -30.01 19.0287 11.6013
      vertex 30.01 18.2004 9.16114
      vertex -30.01 18.2004 9.16114
    endloop
  endfacet
  facet normal 0 -0.065389 0.99786
    outer loop
      vertex -30.01 0 36.4
      vertex 30.01 -2.57137 36.2315
      vertex 30.01 0 36.4
    endloop
  endfacet
  facet normal 0 -0.065389 0.99786
    outer loop
      vertex 30.01 -2.57137 36.2315
      vertex -30.01 0 36.4
      vertex -30.01 -2.57137 36.2315
    endloop
  endfacet
  facet normal 0 0.751829 -0.659358
    outer loop
      vertex 30.01 15.6291 4.7074
      vertex 30 14.1317 3
      vertex -30.01 15.6291 4.7074
    endloop
  endfacet
  facet normal -0.000753616 0.751831 -0.659356
    outer loop
      vertex 30.01 13.93 2.77
      vertex 30 14.1317 3
      vertex 30.01 15.6291 4.7074
    endloop
  endfacet
  facet normal 0 0.751847 -0.659337
    outer loop
      vertex 30 14.1317 3
      vertex 30.01 13.93 2.77
      vertex 30 13.93 2.77
    endloop
  endfacet
  facet normal 0 0.751829 -0.659358
    outer loop
      vertex -30 14.1317 3
      vertex -30.01 15.6291 4.7074
      vertex 30 14.1317 3
    endloop
  endfacet
  facet normal 0 0.751847 -0.659337
    outer loop
      vertex -30.01 13.93 2.77
      vertex -30 14.1317 3
      vertex -30 13.93 2.77
    endloop
  endfacet
  facet normal 0.000753616 0.751831 -0.659356
    outer loop
      vertex -30 14.1317 3
      vertex -30.01 13.93 2.77
      vertex -30.01 15.6291 4.7074
    endloop
  endfacet
  facet normal -0.0014183 0.55557 -0.831469
    outer loop
      vertex 30.01 9.85 -0.3607
      vertex 30 10.3898 0
      vertex 30.01 11.9926 1.07094
    endloop
  endfacet
  facet normal 0 0.555589 -0.831457
    outer loop
      vertex 30.01 9.85 -0.3607
      vertex -30 10.3898 0
      vertex 30 10.3898 0
    endloop
  endfacet
  facet normal 0 0.555589 -0.831457
    outer loop
      vertex -30.01 9.85 -0.3607
      vertex -30 10.3898 0
      vertex 30.01 9.85 -0.3607
    endloop
  endfacet
  facet normal 0.0014183 0.55557 -0.831469
    outer loop
      vertex -30.01 11.9926 1.07094
      vertex -30 10.3898 0
      vertex -30.01 9.85 -0.3607
    endloop
  endfacet
  facet normal 0 0.555564 -0.831474
    outer loop
      vertex -30 10.3898 0
      vertex -30.01 11.9926 1.07094
      vertex -30 11.9926 1.07094
    endloop
  endfacet
  facet normal 0 0.555564 -0.831474
    outer loop
      vertex 30.01 11.9926 1.07094
      vertex 30 10.3898 0
      vertex 30 11.9926 1.07094
    endloop
  endfacet
  facet normal 0 0.659347 -0.751839
    outer loop
      vertex 30 11.9926 1.07094
      vertex 30.01 13.93 2.77
      vertex 30.01 11.9926 1.07094
    endloop
  endfacet
  facet normal 0 0.659347 -0.751839
    outer loop
      vertex 30.01 13.93 2.77
      vertex 30 11.9926 1.07094
      vertex 30 13.93 2.77
    endloop
  endfacet
  facet normal 0 0.659347 -0.751839
    outer loop
      vertex -30.01 11.9926 1.07094
      vertex -30 13.93 2.77
      vertex -30 11.9926 1.07094
    endloop
  endfacet
  facet normal 0 0.659347 -0.751839
    outer loop
      vertex -30 13.93 2.77
      vertex -30.01 11.9926 1.07094
      vertex -30.01 13.93 2.77
    endloop
  endfacet
  facet normal 0 0.896877 -0.44228
    outer loop
      vertex 30.01 17.0607 6.85
      vertex -30.01 18.2004 9.16114
      vertex 30.01 18.2004 9.16114
    endloop
  endfacet
  facet normal 0 0.896877 -0.44228
    outer loop
      vertex -30.01 18.2004 9.16114
      vertex 30.01 17.0607 6.85
      vertex -30.01 17.0607 6.85
    endloop
  endfacet
  facet normal -0 0.44228 0.896877
    outer loop
      vertex -30.01 9.85 33.7607
      vertex 30.01 7.53886 34.9004
      vertex 30.01 9.85 33.7607
    endloop
  endfacet
  facet normal 0 0.44228 0.896877
    outer loop
      vertex 30.01 7.53886 34.9004
      vertex -30.01 9.85 33.7607
      vertex -30.01 7.53886 34.9004
    endloop
  endfacet
  facet normal 0 0.0654045 -0.997859
    outer loop
      vertex -30.01 0 -3
      vertex 30.01 2.57137 -2.83146
      vertex 30.01 0 -3
    endloop
  endfacet
  facet normal 0 0.0654045 -0.997859
    outer loop
      vertex 30.01 2.57137 -2.83146
      vertex -30.01 0 -3
      vertex -30.01 2.57137 -2.83146
    endloop
  endfacet
  facet normal 0 -0.659356 0.751831
    outer loop
      vertex -30.01 -11.9926 32.3291
      vertex 30.01 -13.93 30.63
      vertex 30.01 -11.9926 32.3291
    endloop
  endfacet
  facet normal 0 -0.659356 0.751831
    outer loop
      vertex 30.01 -13.93 30.63
      vertex -30.01 -11.9926 32.3291
      vertex -30.01 -13.93 30.63
    endloop
  endfacet
  facet normal 0 -0.980779 0.195123
    outer loop
      vertex -30.01 -19.5315 19.2714
      vertex 30.01 -19.0287 21.7987
      vertex -30.01 -19.0287 21.7987
    endloop
  endfacet
  facet normal 0 -0.980779 0.195123
    outer loop
      vertex 30.01 -19.0287 21.7987
      vertex -30.01 -19.5315 19.2714
      vertex 30.01 -19.5315 19.2714
    endloop
  endfacet
  facet normal 0 -0.195119 0.98078
    outer loop
      vertex -30.01 -2.57137 36.2315
      vertex 30.01 -5.09873 35.7287
      vertex 30.01 -2.57137 36.2315
    endloop
  endfacet
  facet normal 0 -0.195119 0.98078
    outer loop
      vertex 30.01 -5.09873 35.7287
      vertex -30.01 -2.57137 36.2315
      vertex -30.01 -5.09873 35.7287
    endloop
  endfacet
  facet normal 0 0.946934 0.321427
    outer loop
      vertex 30.01 19.0287 21.7987
      vertex -30.01 18.2004 24.2389
      vertex 30.01 18.2004 24.2389
    endloop
  endfacet
  facet normal 0 0.946934 0.321427
    outer loop
      vertex -30.01 18.2004 24.2389
      vertex 30.01 19.0287 21.7987
      vertex -30.01 19.0287 21.7987
    endloop
  endfacet
  facet normal 0 -0.99786 0.0653883
    outer loop
      vertex -30.01 -19.7 16.7
      vertex 30.01 -19.5315 19.2714
      vertex -30.01 -19.5315 19.2714
    endloop
  endfacet
  facet normal 0 -0.99786 0.0653883
    outer loop
      vertex 30.01 -19.5315 19.2714
      vertex -30.01 -19.7 16.7
      vertex 30.01 -19.7 16.7
    endloop
  endfacet
  facet normal 0 0.99786 0.0653883
    outer loop
      vertex 30.01 19.7 16.7
      vertex -30.01 19.5315 19.2714
      vertex 30.01 19.5315 19.2714
    endloop
  endfacet
  facet normal 0 0.99786 0.0653883
    outer loop
      vertex -30.01 19.5315 19.2714
      vertex 30.01 19.7 16.7
      vertex -30.01 19.7 16.7
    endloop
  endfacet
  facet normal 0 -0.980779 -0.195123
    outer loop
      vertex -30.01 -19.0287 11.6013
      vertex 30.01 -19.5315 14.1286
      vertex -30.01 -19.5315 14.1286
    endloop
  endfacet
  facet normal 0 -0.980779 -0.195123
    outer loop
      vertex 30.01 -19.5315 14.1286
      vertex -30.01 -19.0287 11.6013
      vertex 30.01 -19.0287 11.6013
    endloop
  endfacet
  facet normal 0 0.195089 -0.980786
    outer loop
      vertex -30.01 2.57137 -2.83146
      vertex 30.01 5.09873 -2.32874
      vertex 30.01 2.57137 -2.83146
    endloop
  endfacet
  facet normal 0 0.195089 -0.980786
    outer loop
      vertex 30.01 5.09873 -2.32874
      vertex -30.01 2.57137 -2.83146
      vertex -30.01 5.09873 -2.32874
    endloop
  endfacet
  facet normal 0 -0.195089 -0.980786
    outer loop
      vertex -30.01 -5.09873 -2.32874
      vertex 30.01 -2.57137 -2.83146
      vertex 30.01 -5.09873 -2.32874
    endloop
  endfacet
  facet normal -0 -0.195089 -0.980786
    outer loop
      vertex 30.01 -2.57137 -2.83146
      vertex -30.01 -5.09873 -2.32874
      vertex -30.01 -2.57137 -2.83146
    endloop
  endfacet
  facet normal 0 0.831477 0.55556
    outer loop
      vertex 30.01 17.0607 26.55
      vertex -30.01 15.6291 28.6926
      vertex 30.01 15.6291 28.6926
    endloop
  endfacet
  facet normal 0 0.831477 0.55556
    outer loop
      vertex -30.01 15.6291 28.6926
      vertex 30.01 17.0607 26.55
      vertex -30.01 17.0607 26.55
    endloop
  endfacet
  facet normal 0 0.980779 -0.195123
    outer loop
      vertex 30.01 19.0287 11.6013
      vertex -30.01 19.5315 14.1286
      vertex 30.01 19.5315 14.1286
    endloop
  endfacet
  facet normal 0 0.980779 -0.195123
    outer loop
      vertex -30.01 19.5315 14.1286
      vertex 30.01 19.0287 11.6013
      vertex -30.01 19.0287 11.6013
    endloop
  endfacet
  facet normal 0 0.442289 -0.896872
    outer loop
      vertex -30.01 7.53886 -1.50043
      vertex 30.01 9.85 -0.3607
      vertex 30.01 7.53886 -1.50043
    endloop
  endfacet
  facet normal 0 0.442289 -0.896872
    outer loop
      vertex 30.01 9.85 -0.3607
      vertex -30.01 7.53886 -1.50043
      vertex -30.01 9.85 -0.3607
    endloop
  endfacet
  facet normal 0 -0.321435 0.946932
    outer loop
      vertex -30.01 -5.09873 35.7287
      vertex 30.01 -7.53886 34.9004
      vertex 30.01 -5.09873 35.7287
    endloop
  endfacet
  facet normal 0 -0.321435 0.946932
    outer loop
      vertex 30.01 -7.53886 34.9004
      vertex -30.01 -5.09873 35.7287
      vertex -30.01 -7.53886 34.9004
    endloop
  endfacet
  facet normal 0 0.831477 -0.55556
    outer loop
      vertex 30.01 15.6291 4.7074
      vertex -30.01 17.0607 6.85
      vertex 30.01 17.0607 6.85
    endloop
  endfacet
  facet normal 0 0.831477 -0.55556
    outer loop
      vertex -30.01 17.0607 6.85
      vertex 30.01 15.6291 4.7074
      vertex -30.01 15.6291 4.7074
    endloop
  endfacet
  facet normal 0 -0.321439 -0.94693
    outer loop
      vertex -30.01 -7.53886 -1.50043
      vertex 30.01 -5.09873 -2.32874
      vertex 30.01 -7.53886 -1.50043
    endloop
  endfacet
  facet normal -0 -0.321439 -0.94693
    outer loop
      vertex 30.01 -5.09873 -2.32874
      vertex -30.01 -7.53886 -1.50043
      vertex -30.01 -5.09873 -2.32874
    endloop
  endfacet
  facet normal 0 -0.831477 -0.55556
    outer loop
      vertex -30.01 -15.6291 4.7074
      vertex 30.01 -17.0607 6.85
      vertex -30.01 -17.0607 6.85
    endloop
  endfacet
  facet normal 0 -0.831477 -0.55556
    outer loop
      vertex 30.01 -17.0607 6.85
      vertex -30.01 -15.6291 4.7074
      vertex 30.01 -15.6291 4.7074
    endloop
  endfacet
  facet normal 0 -0.896874 0.442286
    outer loop
      vertex -30.01 -18.2004 24.2389
      vertex 30.01 -17.0607 26.55
      vertex -30.01 -17.0607 26.55
    endloop
  endfacet
  facet normal 0 -0.896874 0.442286
    outer loop
      vertex 30.01 -17.0607 26.55
      vertex -30.01 -18.2004 24.2389
      vertex 30.01 -18.2004 24.2389
    endloop
  endfacet
  facet normal -0 0.321435 0.946932
    outer loop
      vertex -30.01 7.53886 34.9004
      vertex 30.01 5.09873 35.7287
      vertex 30.01 7.53886 34.9004
    endloop
  endfacet
  facet normal 0 0.321435 0.946932
    outer loop
      vertex 30.01 5.09873 35.7287
      vertex -30.01 7.53886 34.9004
      vertex -30.01 5.09873 35.7287
    endloop
  endfacet
  facet normal -0 0.065389 0.99786
    outer loop
      vertex -30.01 2.57137 36.2315
      vertex 30.01 0 36.4
      vertex 30.01 2.57137 36.2315
    endloop
  endfacet
  facet normal 0 0.065389 0.99786
    outer loop
      vertex 30.01 0 36.4
      vertex -30.01 2.57137 36.2315
      vertex -30.01 0 36.4
    endloop
  endfacet
  facet normal 0 0.751831 0.659356
    outer loop
      vertex 30.01 15.6291 28.6926
      vertex -30.01 13.93 30.63
      vertex 30.01 13.93 30.63
    endloop
  endfacet
  facet normal 0 0.751831 0.659356
    outer loop
      vertex -30.01 13.93 30.63
      vertex 30.01 15.6291 28.6926
      vertex -30.01 15.6291 28.6926
    endloop
  endfacet
  facet normal 0 0.980779 0.195123
    outer loop
      vertex 30.01 19.5315 19.2714
      vertex -30.01 19.0287 21.7987
      vertex 30.01 19.0287 21.7987
    endloop
  endfacet
  facet normal 0 0.980779 0.195123
    outer loop
      vertex -30.01 19.0287 21.7987
      vertex 30.01 19.5315 19.2714
      vertex -30.01 19.5315 19.2714
    endloop
  endfacet
  facet normal 0 -0.55556 0.831477
    outer loop
      vertex -30.01 -9.85 33.7607
      vertex 30.01 -11.9926 32.3291
      vertex 30.01 -9.85 33.7607
    endloop
  endfacet
  facet normal 0 -0.55556 0.831477
    outer loop
      vertex 30.01 -11.9926 32.3291
      vertex -30.01 -9.85 33.7607
      vertex -30.01 -11.9926 32.3291
    endloop
  endfacet
  facet normal 0 -0.442289 -0.896872
    outer loop
      vertex -30.01 -9.85 -0.3607
      vertex 30.01 -7.53886 -1.50043
      vertex 30.01 -9.85 -0.3607
    endloop
  endfacet
  facet normal -0 -0.442289 -0.896872
    outer loop
      vertex 30.01 -7.53886 -1.50043
      vertex -30.01 -9.85 -0.3607
      vertex -30.01 -7.53886 -1.50043
    endloop
  endfacet
  facet normal -0 0.195119 0.98078
    outer loop
      vertex -30.01 5.09873 35.7287
      vertex 30.01 2.57137 36.2315
      vertex 30.01 5.09873 35.7287
    endloop
  endfacet
  facet normal 0 0.195119 0.98078
    outer loop
      vertex 30.01 2.57137 36.2315
      vertex -30.01 5.09873 35.7287
      vertex -30.01 2.57137 36.2315
    endloop
  endfacet
  facet normal 0 -0.831477 0.55556
    outer loop
      vertex -30.01 -17.0607 26.55
      vertex 30.01 -15.6291 28.6926
      vertex -30.01 -15.6291 28.6926
    endloop
  endfacet
  facet normal 0 -0.831477 0.55556
    outer loop
      vertex 30.01 -15.6291 28.6926
      vertex -30.01 -17.0607 26.55
      vertex 30.01 -17.0607 26.55
    endloop
  endfacet
  facet normal 0 -0.751829 -0.659358
    outer loop
      vertex -30.01 -15.6291 4.7074
      vertex -30 -14.1317 3
      vertex 30.01 -15.6291 4.7074
    endloop
  endfacet
  facet normal 0.000753616 -0.751831 -0.659356
    outer loop
      vertex -30.01 -13.93 2.77
      vertex -30 -14.1317 3
      vertex -30.01 -15.6291 4.7074
    endloop
  endfacet
  facet normal 0 -0.751847 -0.659337
    outer loop
      vertex -30 -14.1317 3
      vertex -30.01 -13.93 2.77
      vertex -30 -13.93 2.77
    endloop
  endfacet
  facet normal -0 -0.751829 -0.659358
    outer loop
      vertex 30 -14.1317 3
      vertex 30.01 -15.6291 4.7074
      vertex -30 -14.1317 3
    endloop
  endfacet
  facet normal -0 -0.751847 -0.659337
    outer loop
      vertex 30.01 -13.93 2.77
      vertex 30 -14.1317 3
      vertex 30 -13.93 2.77
    endloop
  endfacet
  facet normal -0.000753616 -0.751831 -0.659356
    outer loop
      vertex 30 -14.1317 3
      vertex 30.01 -13.93 2.77
      vertex 30.01 -15.6291 4.7074
    endloop
  endfacet
  facet normal 0 -0.659347 -0.751839
    outer loop
      vertex -30.01 -13.93 2.77
      vertex -30 -11.9926 1.07094
      vertex -30 -13.93 2.77
    endloop
  endfacet
  facet normal -0 -0.659347 -0.751839
    outer loop
      vertex -30 -11.9926 1.07094
      vertex -30.01 -13.93 2.77
      vertex -30.01 -11.9926 1.07094
    endloop
  endfacet
  facet normal 0 -0.659347 -0.751839
    outer loop
      vertex 30 -13.93 2.77
      vertex 30.01 -11.9926 1.07094
      vertex 30.01 -13.93 2.77
    endloop
  endfacet
  facet normal -0 -0.659347 -0.751839
    outer loop
      vertex 30.01 -11.9926 1.07094
      vertex 30 -13.93 2.77
      vertex 30 -11.9926 1.07094
    endloop
  endfacet
  facet normal 0 -0.946934 0.321427
    outer loop
      vertex -30.01 -19.0287 21.7987
      vertex 30.01 -18.2004 24.2389
      vertex -30.01 -18.2004 24.2389
    endloop
  endfacet
  facet normal 0 -0.946934 0.321427
    outer loop
      vertex 30.01 -18.2004 24.2389
      vertex -30.01 -19.0287 21.7987
      vertex 30.01 -19.0287 21.7987
    endloop
  endfacet
  facet normal -0 -0.555564 -0.831474
    outer loop
      vertex -30 -11.9926 1.07094
      vertex -30.01 -11.9926 1.07094
      vertex -30 -10.3898 0
    endloop
  endfacet
  facet normal 0 -0.555564 -0.831474
    outer loop
      vertex 30 -10.3898 0
      vertex 30.01 -11.9926 1.07094
      vertex 30 -11.9926 1.07094
    endloop
  endfacet
  facet normal -0.0014183 -0.55557 -0.831469
    outer loop
      vertex 30.01 -11.9926 1.07094
      vertex 30 -10.3898 0
      vertex 30.01 -9.85 -0.3607
    endloop
  endfacet
  facet normal 0 -0.555589 -0.831457
    outer loop
      vertex -30 -10.3898 0
      vertex 30.01 -9.85 -0.3607
      vertex 30 -10.3898 0
    endloop
  endfacet
  facet normal 0 -0.555589 -0.831457
    outer loop
      vertex -30 -10.3898 0
      vertex -30.01 -9.85 -0.3607
      vertex 30.01 -9.85 -0.3607
    endloop
  endfacet
  facet normal 0.0014183 -0.55557 -0.831469
    outer loop
      vertex -30.01 -9.85 -0.3607
      vertex -30 -10.3898 0
      vertex -30.01 -11.9926 1.07094
    endloop
  endfacet
  facet normal 0 -0.0654045 -0.997859
    outer loop
      vertex -30.01 -2.57137 -2.83146
      vertex 30.01 0 -3
      vertex 30.01 -2.57137 -2.83146
    endloop
  endfacet
  facet normal -0 -0.0654045 -0.997859
    outer loop
      vertex 30.01 0 -3
      vertex -30.01 -2.57137 -2.83146
      vertex -30.01 0 -3
    endloop
  endfacet
  facet normal 1 -0 0
    outer loop
      vertex 30.01 16.5571 17.5202
      vertex 30.01 19.7 16.7
      vertex 30.01 19.5315 19.2714
    endloop
  endfacet
  facet normal 1 -0 0
    outer loop
      vertex 30.01 16.7 19.7
      vertex 30.01 19.5315 19.2714
      vertex 30.01 19.0287 21.7987
    endloop
  endfacet
  facet normal 1 0 0
    outer loop
      vertex 30.01 16.131 15.3777
      vertex 30.01 19.7 16.7
      vertex 30.01 16.5571 17.5202
    endloop
  endfacet
  facet normal 1 -0 0
    outer loop
      vertex 30.01 16.5571 21.8798
      vertex 30.01 19.0287 21.7987
      vertex 30.01 18.2004 24.2389
    endloop
  endfacet
  facet normal 1 0 0
    outer loop
      vertex 30.01 19.5315 19.2714
      vertex 30.01 16.7 19.7
      vertex 30.01 16.5571 17.5202
    endloop
  endfacet
  facet normal 1 0 0
    outer loop
      vertex 30.01 16.131 24.0223
      vertex 30.01 18.2004 24.2389
      vertex 30.01 17.0607 26.55
    endloop
  endfacet
  facet normal 1 0 0
    outer loop
      vertex 30.01 19.7 16.7
      vertex 30.01 16.131 15.3777
      vertex 30.01 19.5315 14.1286
    endloop
  endfacet
  facet normal 1 0 0
    outer loop
      vertex 30.01 15.4288 13.3092
      vertex 30.01 19.5315 14.1286
      vertex 30.01 16.131 15.3777
    endloop
  endfacet
  facet normal 1 0 0
    outer loop
      vertex 30.01 19.0287 21.7987
      vertex 30.01 16.5571 21.8798
      vertex 30.01 16.7 19.7
    endloop
  endfacet
  facet normal 1 0 0
    outer loop
      vertex 30.01 18.2004 24.2389
      vertex 30.01 16.131 24.0223
      vertex 30.01 16.5571 21.8798
    endloop
  endfacet
  facet normal 1 0 0
    outer loop
      vertex 30.01 15.4288 26.0908
      vertex 30.01 17.0607 26.55
      vertex 30.01 15.6291 28.6926
    endloop
  endfacet
  facet normal 1 0 0
    outer loop
      vertex 30.01 17.0607 26.55
      vertex 30.01 15.4288 26.0908
      vertex 30.01 16.131 24.0223
    endloop
  endfacet
  facet normal 1 0 0
    outer loop
      vertex 30.01 15.6291 28.6926
      vertex 30.01 14.4626 28.05
      vertex 30.01 15.4288 26.0908
    endloop
  endfacet
  facet normal 1 -0 0
    outer loop
      vertex 30.01 13.249 29.8663
      vertex 30.01 15.6291 28.6926
      vertex 30.01 13.93 30.63
    endloop
  endfacet
  facet normal 1 0 0
    outer loop
      vertex 30.01 15.6291 28.6926
      vertex 30.01 13.249 29.8663
      vertex 30.01 14.4626 28.05
    endloop
  endfacet
  facet normal 1 -0 0
    outer loop
      vertex 30.01 11.8087 31.5087
      vertex 30.01 13.93 30.63
      vertex 30.01 11.9926 32.3291
    endloop
  endfacet
  facet normal 1 0 0
    outer loop
      vertex 30.01 13.93 30.63
      vertex 30.01 11.8087 31.5087
      vertex 30.01 13.249 29.8663
    endloop
  endfacet
  facet normal 1 0 0
    outer loop
      vertex 30.01 11.9926 32.3291
      vertex 30.01 10.1663 32.949
      vertex 30.01 11.8087 31.5087
    endloop
  endfacet
  facet normal 1 0 0
    outer loop
      vertex 30.01 9.85 33.7607
      vertex 30.01 10.1663 32.949
      vertex 30.01 11.9926 32.3291
    endloop
  endfacet
  facet normal 1 0 0
    outer loop
      vertex 30.01 9.85 33.7607
      vertex 30.01 8.35 34.1626
      vertex 30.01 10.1663 32.949
    endloop
  endfacet
  facet normal 1 0 0
    outer loop
      vertex 30.01 7.53886 34.9004
      vertex 30.01 8.35 34.1626
      vertex 30.01 9.85 33.7607
    endloop
  endfacet
  facet normal 1 0 0
    outer loop
      vertex 30.01 7.53886 34.9004
      vertex 30.01 6.39081 35.1288
      vertex 30.01 8.35 34.1626
    endloop
  endfacet
  facet normal 1 0 0
    outer loop
      vertex 30.01 5.09873 35.7287
      vertex 30.01 6.39081 35.1288
      vertex 30.01 7.53886 34.9004
    endloop
  endfacet
  facet normal 1 0 0
    outer loop
      vertex 30.01 5.09873 35.7287
      vertex 30.01 4.32228 35.831
      vertex 30.01 6.39081 35.1288
    endloop
  endfacet
  facet normal 1 0 0
    outer loop
      vertex 30.01 2.57137 36.2315
      vertex 30.01 4.32228 35.831
      vertex 30.01 5.09873 35.7287
    endloop
  endfacet
  facet normal 1 0 0
    outer loop
      vertex 30.01 2.57137 36.2315
      vertex 30.01 2.17979 36.2571
      vertex 30.01 4.32228 35.831
    endloop
  endfacet
  facet normal 1 -0 -0
    outer loop
      vertex 30.01 2.17979 36.2571
      vertex 30.01 2.57137 36.2315
      vertex 30.01 0 36.4
    endloop
  endfacet
  facet normal 1 0 0
    outer loop
      vertex 30.01 19.5315 14.1286
      vertex 30.01 15.4288 13.3092
      vertex 30.01 19.0287 11.6013
    endloop
  endfacet
  facet normal 1 0 0
    outer loop
      vertex 30.01 14.4626 11.35
      vertex 30.01 19.0287 11.6013
      vertex 30.01 15.4288 13.3092
    endloop
  endfacet
  facet normal 1 0 0
    outer loop
      vertex 30.01 19.0287 11.6013
      vertex 30.01 14.4626 11.35
      vertex 30.01 18.2004 9.16114
    endloop
  endfacet
  facet normal 1 -0 0
    outer loop
      vertex 30.01 13.249 9.53368
      vertex 30.01 18.2004 9.16114
      vertex 30.01 14.4626 11.35
    endloop
  endfacet
  facet normal 1 0 0
    outer loop
      vertex 30.01 18.2004 9.16114
      vertex 30.01 13.249 9.53368
      vertex 30.01 17.0607 6.85
    endloop
  endfacet
  facet normal 1 0 0
    outer loop
      vertex 30.01 17.0607 6.85
      vertex 30.01 13.249 9.53368
      vertex 30.01 15.6291 4.7074
    endloop
  endfacet
  facet normal 1 -0 0
    outer loop
      vertex 30.01 11.8087 7.89132
      vertex 30.01 15.6291 4.7074
      vertex 30.01 13.249 9.53368
    endloop
  endfacet
  facet normal 1 0 0
    outer loop
      vertex 30.01 15.6291 4.7074
      vertex 30.01 11.8087 7.89132
      vertex 30.01 13.93 2.77
    endloop
  endfacet
  facet normal 1 -0 0
    outer loop
      vertex 30.01 10.1663 6.451
      vertex 30.01 13.93 2.77
      vertex 30.01 11.8087 7.89132
    endloop
  endfacet
  facet normal 1 0 0
    outer loop
      vertex 30.01 13.93 2.77
      vertex 30.01 10.1663 6.451
      vertex 30.01 11.9926 1.07094
    endloop
  endfacet
  facet normal 1 -0 0
    outer loop
      vertex 30.01 8.35 5.23738
      vertex 30.01 11.9926 1.07094
      vertex 30.01 10.1663 6.451
    endloop
  endfacet
  facet normal 1 0 0
    outer loop
      vertex 30.01 11.9926 1.07094
      vertex 30.01 8.35 5.23738
      vertex 30.01 9.85 -0.3607
    endloop
  endfacet
  facet normal 1 -0 0
    outer loop
      vertex 30.01 6.39081 4.27121
      vertex 30.01 9.85 -0.3607
      vertex 30.01 8.35 5.23738
    endloop
  endfacet
  facet normal 1 0 0
    outer loop
      vertex 30.01 9.85 -0.3607
      vertex 30.01 6.39081 4.27121
      vertex 30.01 7.53886 -1.50043
    endloop
  endfacet
  facet normal 1 -0 0
    outer loop
      vertex 30.01 4.32228 3.56904
      vertex 30.01 7.53886 -1.50043
      vertex 30.01 6.39081 4.27121
    endloop
  endfacet
  facet normal 1 0 0
    outer loop
      vertex 30.01 7.53886 -1.50043
      vertex 30.01 4.32228 3.56904
      vertex 30.01 5.09873 -2.32874
    endloop
  endfacet
  facet normal 1 -0 0
    outer loop
      vertex 30.01 2.17979 3.14287
      vertex 30.01 5.09873 -2.32874
      vertex 30.01 4.32228 3.56904
    endloop
  endfacet
  facet normal 1 0 0
    outer loop
      vertex 30.01 5.09873 -2.32874
      vertex 30.01 2.17979 3.14287
      vertex 30.01 2.57137 -2.83146
    endloop
  endfacet
  facet normal 1 -0 0
    outer loop
      vertex 30.01 0 3
      vertex 30.01 2.57137 -2.83146
      vertex 30.01 2.17979 3.14287
    endloop
  endfacet
  facet normal 1 0 0
    outer loop
      vertex 30.01 0 3
      vertex 30.01 0 -3
      vertex 30.01 2.57137 -2.83146
    endloop
  endfacet
  facet normal 1 0 0
    outer loop
      vertex 30.01 -2.57137 -2.83146
      vertex 30.01 0 3
      vertex 30.01 -2.17979 3.14287
    endloop
  endfacet
  facet normal 1 0 0
    outer loop
      vertex 30.01 0 3
      vertex 30.01 -2.57137 -2.83146
      vertex 30.01 0 -3
    endloop
  endfacet
  facet normal 1 0 0
    outer loop
      vertex 30.01 -5.09873 -2.32874
      vertex 30.01 -2.17979 3.14287
      vertex 30.01 -4.32228 3.56904
    endloop
  endfacet
  facet normal 1 0 0
    outer loop
      vertex 30.01 -2.17979 3.14287
      vertex 30.01 -5.09873 -2.32874
      vertex 30.01 -2.57137 -2.83146
    endloop
  endfacet
  facet normal 1 0 0
    outer loop
      vertex 30.01 -7.53886 -1.50043
      vertex 30.01 -4.32228 3.56904
      vertex 30.01 -6.39081 4.27121
    endloop
  endfacet
  facet normal 1 0 0
    outer loop
      vertex 30.01 -4.32228 3.56904
      vertex 30.01 -7.53886 -1.50043
      vertex 30.01 -5.09873 -2.32874
    endloop
  endfacet
  facet normal 1 0 0
    outer loop
      vertex 30.01 -9.85 -0.3607
      vertex 30.01 -6.39081 4.27121
      vertex 30.01 -8.35 5.23738
    endloop
  endfacet
  facet normal 1 0 0
    outer loop
      vertex 30.01 -6.39081 4.27121
      vertex 30.01 -9.85 -0.3607
      vertex 30.01 -7.53886 -1.50043
    endloop
  endfacet
  facet normal 1 0 0
    outer loop
      vertex 30.01 -11.9926 1.07094
      vertex 30.01 -8.35 5.23738
      vertex 30.01 -10.1663 6.451
    endloop
  endfacet
  facet normal 1 0 0
    outer loop
      vertex 30.01 -13.93 2.77
      vertex 30.01 -10.1663 6.451
      vertex 30.01 -11.8087 7.89132
    endloop
  endfacet
  facet normal 1 0 0
    outer loop
      vertex 30.01 -8.35 5.23738
      vertex 30.01 -11.9926 1.07094
      vertex 30.01 -9.85 -0.3607
    endloop
  endfacet
  facet normal 1 0 0
    outer loop
      vertex 30.01 -15.6291 4.7074
      vertex 30.01 -11.8087 7.89132
      vertex 30.01 -13.249 9.53368
    endloop
  endfacet
  facet normal 1 0 0
    outer loop
      vertex 30.01 -10.1663 6.451
      vertex 30.01 -13.93 2.77
      vertex 30.01 -11.9926 1.07094
    endloop
  endfacet
  facet normal 1 0 0
    outer loop
      vertex 30.01 -18.2004 9.16114
      vertex 30.01 -13.249 9.53368
      vertex 30.01 -14.4626 11.35
    endloop
  endfacet
  facet normal 1 -0 0
    outer loop
      vertex 30.01 -19.0287 11.6013
      vertex 30.01 -14.4626 11.35
      vertex 30.01 -15.4288 13.3092
    endloop
  endfacet
  facet normal 1 0 0
    outer loop
      vertex 30.01 -11.8087 7.89132
      vertex 30.01 -15.6291 4.7074
      vertex 30.01 -13.93 2.77
    endloop
  endfacet
  facet normal 1 -0 0
    outer loop
      vertex 30.01 -19.5315 14.1286
      vertex 30.01 -15.4288 13.3092
      vertex 30.01 -16.131 15.3777
    endloop
  endfacet
  facet normal 1 -0 0
    outer loop
      vertex 30.01 -19.7 16.7
      vertex 30.01 -16.131 15.3777
      vertex 30.01 -16.5571 17.5202
    endloop
  endfacet
  facet normal 1 0 0
    outer loop
      vertex 30.01 -13.249 9.53368
      vertex 30.01 -17.0607 6.85
      vertex 30.01 -15.6291 4.7074
    endloop
  endfacet
  facet normal 1 -0 0
    outer loop
      vertex 30.01 -19.5315 19.2714
      vertex 30.01 -16.5571 17.5202
      vertex 30.01 -16.7 19.7
    endloop
  endfacet
  facet normal 1 0 0
    outer loop
      vertex 30.01 -19.0287 21.7987
      vertex 30.01 -16.5571 21.8798
      vertex 30.01 -18.2004 24.2389
    endloop
  endfacet
  facet normal 1 0 0
    outer loop
      vertex 30.01 -16.5571 21.8798
      vertex 30.01 -19.0287 21.7987
      vertex 30.01 -16.7 19.7
    endloop
  endfacet
  facet normal 1 0 0
    outer loop
      vertex 30.01 -13.249 9.53368
      vertex 30.01 -18.2004 9.16114
      vertex 30.01 -17.0607 6.85
    endloop
  endfacet
  facet normal 1 0 0
    outer loop
      vertex 30.01 -19.5315 19.2714
      vertex 30.01 -16.7 19.7
      vertex 30.01 -19.0287 21.7987
    endloop
  endfacet
  facet normal 1 0 0
    outer loop
      vertex 30.01 -14.4626 11.35
      vertex 30.01 -19.0287 11.6013
      vertex 30.01 -18.2004 9.16114
    endloop
  endfacet
  facet normal 1 0 0
    outer loop
      vertex 30.01 -16.5571 17.5202
      vertex 30.01 -19.5315 19.2714
      vertex 30.01 -19.7 16.7
    endloop
  endfacet
  facet normal 1 0 0
    outer loop
      vertex 30.01 -15.4288 13.3092
      vertex 30.01 -19.5315 14.1286
      vertex 30.01 -19.0287 11.6013
    endloop
  endfacet
  facet normal 1 0 0
    outer loop
      vertex 30.01 -16.131 15.3777
      vertex 30.01 -19.7 16.7
      vertex 30.01 -19.5315 14.1286
    endloop
  endfacet
  facet normal 1 0 0
    outer loop
      vertex 30.01 -2.57137 36.2315
      vertex 30.01 -2.17979 36.2571
      vertex 30.01 0 36.4
    endloop
  endfacet
  facet normal 1 -0 0
    outer loop
      vertex 30.01 -2.57137 36.2315
      vertex 30.01 -4.32228 35.831
      vertex 30.01 -2.17979 36.2571
    endloop
  endfacet
  facet normal 1 0 0
    outer loop
      vertex 30.01 -5.09873 35.7287
      vertex 30.01 -4.32228 35.831
      vertex 30.01 -2.57137 36.2315
    endloop
  endfacet
  facet normal 1 -0 0
    outer loop
      vertex 30.01 -5.09873 35.7287
      vertex 30.01 -6.39081 35.1288
      vertex 30.01 -4.32228 35.831
    endloop
  endfacet
  facet normal 1 0 0
    outer loop
      vertex 30.01 -7.53886 34.9004
      vertex 30.01 -6.39081 35.1288
      vertex 30.01 -5.09873 35.7287
    endloop
  endfacet
  facet normal 1 -0 0
    outer loop
      vertex 30.01 -7.53886 34.9004
      vertex 30.01 -8.35 34.1626
      vertex 30.01 -6.39081 35.1288
    endloop
  endfacet
  facet normal 1 0 0
    outer loop
      vertex 30.01 -9.85 33.7607
      vertex 30.01 -8.35 34.1626
      vertex 30.01 -7.53886 34.9004
    endloop
  endfacet
  facet normal 1 -0 0
    outer loop
      vertex 30.01 -9.85 33.7607
      vertex 30.01 -10.1663 32.949
      vertex 30.01 -8.35 34.1626
    endloop
  endfacet
  facet normal 1 0 0
    outer loop
      vertex 30.01 -11.9926 32.3291
      vertex 30.01 -10.1663 32.949
      vertex 30.01 -9.85 33.7607
    endloop
  endfacet
  facet normal 1 0 0
    outer loop
      vertex 30.01 -10.1663 32.949
      vertex 30.01 -11.9926 32.3291
      vertex 30.01 -11.8087 31.5087
    endloop
  endfacet
  facet normal 1 0 0
    outer loop
      vertex 30.01 -13.93 30.63
      vertex 30.01 -11.8087 31.5087
      vertex 30.01 -11.9926 32.3291
    endloop
  endfacet
  facet normal 1 0 0
    outer loop
      vertex 30.01 -11.8087 31.5087
      vertex 30.01 -13.93 30.63
      vertex 30.01 -13.249 29.8663
    endloop
  endfacet
  facet normal 1 0 0
    outer loop
      vertex 30.01 -15.6291 28.6926
      vertex 30.01 -13.249 29.8663
      vertex 30.01 -13.93 30.63
    endloop
  endfacet
  facet normal 1 0 0
    outer loop
      vertex 30.01 -13.249 29.8663
      vertex 30.01 -15.6291 28.6926
      vertex 30.01 -14.4626 28.05
    endloop
  endfacet
  facet normal 1 0 0
    outer loop
      vertex 30.01 -14.4626 28.05
      vertex 30.01 -15.6291 28.6926
      vertex 30.01 -15.4288 26.0908
    endloop
  endfacet
  facet normal 1 -0 0
    outer loop
      vertex 30.01 -17.0607 26.55
      vertex 30.01 -15.4288 26.0908
      vertex 30.01 -15.6291 28.6926
    endloop
  endfacet
  facet normal 1 0 0
    outer loop
      vertex 30.01 -15.4288 26.0908
      vertex 30.01 -17.0607 26.55
      vertex 30.01 -16.131 24.0223
    endloop
  endfacet
  facet normal 1 0 0
    outer loop
      vertex 30.01 -16.131 24.0223
      vertex 30.01 -18.2004 24.2389
      vertex 30.01 -16.5571 21.8798
    endloop
  endfacet
  facet normal 1 -0 0
    outer loop
      vertex 30.01 -18.2004 24.2389
      vertex 30.01 -16.131 24.0223
      vertex 30.01 -17.0607 26.55
    endloop
  endfacet
  facet normal 0 0.321439 -0.94693
    outer loop
      vertex -30.01 5.09873 -2.32874
      vertex 30.01 7.53886 -1.50043
      vertex 30.01 5.09873 -2.32874
    endloop
  endfacet
  facet normal 0 0.321439 -0.94693
    outer loop
      vertex 30.01 7.53886 -1.50043
      vertex -30.01 5.09873 -2.32874
      vertex -30.01 7.53886 -1.50043
    endloop
  endfacet
  facet normal 0 0.896874 0.442286
    outer loop
      vertex 30.01 18.2004 24.2389
      vertex -30.01 17.0607 26.55
      vertex 30.01 17.0607 26.55
    endloop
  endfacet
  facet normal 0 0.896874 0.442286
    outer loop
      vertex -30.01 17.0607 26.55
      vertex 30.01 18.2004 24.2389
      vertex -30.01 18.2004 24.2389
    endloop
  endfacet
  facet normal -0 0.55556 0.831477
    outer loop
      vertex -30.01 11.9926 32.3291
      vertex 30.01 9.85 33.7607
      vertex 30.01 11.9926 32.3291
    endloop
  endfacet
  facet normal 0 0.55556 0.831477
    outer loop
      vertex 30.01 9.85 33.7607
      vertex -30.01 11.9926 32.3291
      vertex -30.01 9.85 33.7607
    endloop
  endfacet
  facet normal 0 0.99786 -0.0653883
    outer loop
      vertex 30.01 19.5315 14.1286
      vertex -30.01 19.7 16.7
      vertex 30.01 19.7 16.7
    endloop
  endfacet
  facet normal 0 0.99786 -0.0653883
    outer loop
      vertex -30.01 19.7 16.7
      vertex 30.01 19.5315 14.1286
      vertex -30.01 19.5315 14.1286
    endloop
  endfacet
  facet normal 0 -0.896877 -0.44228
    outer loop
      vertex -30.01 -17.0607 6.85
      vertex 30.01 -18.2004 9.16114
      vertex -30.01 -18.2004 9.16114
    endloop
  endfacet
  facet normal 0 -0.896877 -0.44228
    outer loop
      vertex 30.01 -18.2004 9.16114
      vertex -30.01 -17.0607 6.85
      vertex 30.01 -17.0607 6.85
    endloop
  endfacet
  facet normal 0 -0.946933 -0.321432
    outer loop
      vertex -30.01 -18.2004 9.16114
      vertex 30.01 -19.0287 11.6013
      vertex -30.01 -19.0287 11.6013
    endloop
  endfacet
  facet normal 0 -0.946933 -0.321432
    outer loop
      vertex 30.01 -19.0287 11.6013
      vertex -30.01 -18.2004 9.16114
      vertex 30.01 -18.2004 9.16114
    endloop
  endfacet
  facet normal -0 0.659356 0.751831
    outer loop
      vertex -30.01 13.93 30.63
      vertex 30.01 11.9926 32.3291
      vertex 30.01 13.93 30.63
    endloop
  endfacet
  facet normal 0 0.659356 0.751831
    outer loop
      vertex 30.01 11.9926 32.3291
      vertex -30.01 13.93 30.63
      vertex -30.01 11.9926 32.3291
    endloop
  endfacet
  facet normal 0 -0.99786 -0.0653883
    outer loop
      vertex -30.01 -19.5315 14.1286
      vertex 30.01 -19.7 16.7
      vertex -30.01 -19.7 16.7
    endloop
  endfacet
  facet normal 0 -0.99786 -0.0653883
    outer loop
      vertex 30.01 -19.7 16.7
      vertex -30.01 -19.5315 14.1286
      vertex 30.01 -19.5315 14.1286
    endloop
  endfacet
  facet normal 0 -0.751831 0.659356
    outer loop
      vertex -30.01 -15.6291 28.6926
      vertex 30.01 -13.93 30.63
      vertex -30.01 -13.93 30.63
    endloop
  endfacet
  facet normal 0 -0.751831 0.659356
    outer loop
      vertex 30.01 -13.93 30.63
      vertex -30.01 -15.6291 28.6926
      vertex 30.01 -15.6291 28.6926
    endloop
  endfacet
  facet normal 0 -0.44228 0.896877
    outer loop
      vertex -30.01 -7.53886 34.9004
      vertex 30.01 -9.85 33.7607
      vertex 30.01 -7.53886 34.9004
    endloop
  endfacet
  facet normal 0 -0.44228 0.896877
    outer loop
      vertex 30.01 -9.85 33.7607
      vertex -30.01 -7.53886 34.9004
      vertex -30.01 -9.85 33.7607
    endloop
  endfacet
  facet normal -1 0 0
    outer loop
      vertex -30.01 16.131 15.3777
      vertex -30.01 19.7 16.7
      vertex -30.01 19.5315 14.1286
    endloop
  endfacet
  facet normal -1 0 0
    outer loop
      vertex -30.01 15.4288 13.3092
      vertex -30.01 19.5315 14.1286
      vertex -30.01 19.0287 11.6013
    endloop
  endfacet
  facet normal -1 -0 0
    outer loop
      vertex -30.01 19.7 16.7
      vertex -30.01 16.131 15.3777
      vertex -30.01 16.5571 17.5202
    endloop
  endfacet
  facet normal -1 0 0
    outer loop
      vertex -30.01 14.4626 11.35
      vertex -30.01 19.0287 11.6013
      vertex -30.01 18.2004 9.16114
    endloop
  endfacet
  facet normal -1 0 -0
    outer loop
      vertex -30.01 16.7 19.7
      vertex -30.01 19.5315 19.2714
      vertex -30.01 16.5571 17.5202
    endloop
  endfacet
  facet normal -1 0 0
    outer loop
      vertex -30.01 13.249 9.53368
      vertex -30.01 18.2004 9.16114
      vertex -30.01 17.0607 6.85
    endloop
  endfacet
  facet normal -1 0 0
    outer loop
      vertex -30.01 19.5315 19.2714
      vertex -30.01 16.7 19.7
      vertex -30.01 19.0287 21.7987
    endloop
  endfacet
  facet normal -1 0 0
    outer loop
      vertex -30.01 19.0287 21.7987
      vertex -30.01 16.5571 21.8798
      vertex -30.01 18.2004 24.2389
    endloop
  endfacet
  facet normal -1 0 0
    outer loop
      vertex -30.01 16.5571 21.8798
      vertex -30.01 19.0287 21.7987
      vertex -30.01 16.7 19.7
    endloop
  endfacet
  facet normal -1 0 0
    outer loop
      vertex -30.01 19.7 16.7
      vertex -30.01 16.5571 17.5202
      vertex -30.01 19.5315 19.2714
    endloop
  endfacet
  facet normal -1 0 0
    outer loop
      vertex -30.01 13.249 9.53368
      vertex -30.01 17.0607 6.85
      vertex -30.01 15.6291 4.7074
    endloop
  endfacet
  facet normal -1 -0 0
    outer loop
      vertex -30.01 19.5315 14.1286
      vertex -30.01 15.4288 13.3092
      vertex -30.01 16.131 15.3777
    endloop
  endfacet
  facet normal -1 -0 0
    outer loop
      vertex -30.01 19.0287 11.6013
      vertex -30.01 14.4626 11.35
      vertex -30.01 15.4288 13.3092
    endloop
  endfacet
  facet normal -1 0 0
    outer loop
      vertex -30.01 11.8087 7.89132
      vertex -30.01 15.6291 4.7074
      vertex -30.01 13.93 2.77
    endloop
  endfacet
  facet normal -1 0 0
    outer loop
      vertex -30.01 18.2004 9.16114
      vertex -30.01 13.249 9.53368
      vertex -30.01 14.4626 11.35
    endloop
  endfacet
  facet normal -1 0 0
    outer loop
      vertex -30.01 10.1663 6.451
      vertex -30.01 13.93 2.77
      vertex -30.01 11.9926 1.07094
    endloop
  endfacet
  facet normal -1 0 0
    outer loop
      vertex -30.01 15.6291 4.7074
      vertex -30.01 11.8087 7.89132
      vertex -30.01 13.249 9.53368
    endloop
  endfacet
  facet normal -1 0 0
    outer loop
      vertex -30.01 13.93 2.77
      vertex -30.01 10.1663 6.451
      vertex -30.01 11.8087 7.89132
    endloop
  endfacet
  facet normal -1 0 0
    outer loop
      vertex -30.01 8.35 5.23738
      vertex -30.01 11.9926 1.07094
      vertex -30.01 9.85 -0.3607
    endloop
  endfacet
  facet normal -1 0 0
    outer loop
      vertex -30.01 11.9926 1.07094
      vertex -30.01 8.35 5.23738
      vertex -30.01 10.1663 6.451
    endloop
  endfacet
  facet normal -1 0 0
    outer loop
      vertex -30.01 6.39081 4.27121
      vertex -30.01 9.85 -0.3607
      vertex -30.01 7.53886 -1.50043
    endloop
  endfacet
  facet normal -1 0 0
    outer loop
      vertex -30.01 9.85 -0.3607
      vertex -30.01 6.39081 4.27121
      vertex -30.01 8.35 5.23738
    endloop
  endfacet
  facet normal -1 0 0
    outer loop
      vertex -30.01 4.32228 3.56904
      vertex -30.01 7.53886 -1.50043
      vertex -30.01 5.09873 -2.32874
    endloop
  endfacet
  facet normal -1 0 0
    outer loop
      vertex -30.01 7.53886 -1.50043
      vertex -30.01 4.32228 3.56904
      vertex -30.01 6.39081 4.27121
    endloop
  endfacet
  facet normal -1 0 0
    outer loop
      vertex -30.01 2.17979 3.14287
      vertex -30.01 5.09873 -2.32874
      vertex -30.01 2.57137 -2.83146
    endloop
  endfacet
  facet normal -1 0 0
    outer loop
      vertex -30.01 5.09873 -2.32874
      vertex -30.01 2.17979 3.14287
      vertex -30.01 4.32228 3.56904
    endloop
  endfacet
  facet normal -1 0 0
    outer loop
      vertex -30.01 0 3
      vertex -30.01 2.57137 -2.83146
      vertex -30.01 0 -3
    endloop
  endfacet
  facet normal -1 0 0
    outer loop
      vertex -30.01 2.57137 -2.83146
      vertex -30.01 0 3
      vertex -30.01 2.17979 3.14287
    endloop
  endfacet
  facet normal -1 0 0
    outer loop
      vertex -30.01 -2.57137 -2.83146
      vertex -30.01 0 3
      vertex -30.01 0 -3
    endloop
  endfacet
  facet normal -1 -0 0
    outer loop
      vertex -30.01 0 3
      vertex -30.01 -2.57137 -2.83146
      vertex -30.01 -2.17979 3.14287
    endloop
  endfacet
  facet normal -1 0 0
    outer loop
      vertex -30.01 -5.09873 -2.32874
      vertex -30.01 -2.17979 3.14287
      vertex -30.01 -2.57137 -2.83146
    endloop
  endfacet
  facet normal -1 -0 0
    outer loop
      vertex -30.01 -2.17979 3.14287
      vertex -30.01 -5.09873 -2.32874
      vertex -30.01 -4.32228 3.56904
    endloop
  endfacet
  facet normal -1 0 0
    outer loop
      vertex -30.01 -7.53886 -1.50043
      vertex -30.01 -4.32228 3.56904
      vertex -30.01 -5.09873 -2.32874
    endloop
  endfacet
  facet normal -1 -0 0
    outer loop
      vertex -30.01 -4.32228 3.56904
      vertex -30.01 -7.53886 -1.50043
      vertex -30.01 -6.39081 4.27121
    endloop
  endfacet
  facet normal -1 0 0
    outer loop
      vertex -30.01 -9.85 -0.3607
      vertex -30.01 -6.39081 4.27121
      vertex -30.01 -7.53886 -1.50043
    endloop
  endfacet
  facet normal -1 -0 0
    outer loop
      vertex -30.01 -6.39081 4.27121
      vertex -30.01 -9.85 -0.3607
      vertex -30.01 -8.35 5.23738
    endloop
  endfacet
  facet normal -1 0 0
    outer loop
      vertex -30.01 -11.9926 1.07094
      vertex -30.01 -8.35 5.23738
      vertex -30.01 -9.85 -0.3607
    endloop
  endfacet
  facet normal -1 -0 0
    outer loop
      vertex -30.01 -8.35 5.23738
      vertex -30.01 -11.9926 1.07094
      vertex -30.01 -10.1663 6.451
    endloop
  endfacet
  facet normal -1 0 0
    outer loop
      vertex -30.01 -13.93 2.77
      vertex -30.01 -10.1663 6.451
      vertex -30.01 -11.9926 1.07094
    endloop
  endfacet
  facet normal -1 -0 0
    outer loop
      vertex -30.01 -10.1663 6.451
      vertex -30.01 -13.93 2.77
      vertex -30.01 -11.8087 7.89132
    endloop
  endfacet
  facet normal -1 0 0
    outer loop
      vertex -30.01 -15.6291 4.7074
      vertex -30.01 -11.8087 7.89132
      vertex -30.01 -13.93 2.77
    endloop
  endfacet
  facet normal -1 -0 0
    outer loop
      vertex -30.01 -11.8087 7.89132
      vertex -30.01 -15.6291 4.7074
      vertex -30.01 -13.249 9.53368
    endloop
  endfacet
  facet normal -1 0 0
    outer loop
      vertex -30.01 -17.0607 6.85
      vertex -30.01 -13.249 9.53368
      vertex -30.01 -15.6291 4.7074
    endloop
  endfacet
  facet normal -1 0 0
    outer loop
      vertex -30.01 -18.2004 9.16114
      vertex -30.01 -13.249 9.53368
      vertex -30.01 -17.0607 6.85
    endloop
  endfacet
  facet normal -1 -0 0
    outer loop
      vertex -30.01 -13.249 9.53368
      vertex -30.01 -18.2004 9.16114
      vertex -30.01 -14.4626 11.35
    endloop
  endfacet
  facet normal -1 0 0
    outer loop
      vertex -30.01 -19.0287 11.6013
      vertex -30.01 -14.4626 11.35
      vertex -30.01 -18.2004 9.16114
    endloop
  endfacet
  facet normal -1 0 0
    outer loop
      vertex -30.01 -19.5315 14.1286
      vertex -30.01 -15.4288 13.3092
      vertex -30.01 -19.0287 11.6013
    endloop
  endfacet
  facet normal -1 0 0
    outer loop
      vertex -30.01 -14.4626 11.35
      vertex -30.01 -19.0287 11.6013
      vertex -30.01 -15.4288 13.3092
    endloop
  endfacet
  facet normal -1 0 0
    outer loop
      vertex -30.01 16.131 24.0223
      vertex -30.01 18.2004 24.2389
      vertex -30.01 16.5571 21.8798
    endloop
  endfacet
  facet normal -1 -0 0
    outer loop
      vertex -30.01 18.2004 24.2389
      vertex -30.01 16.131 24.0223
      vertex -30.01 17.0607 26.55
    endloop
  endfacet
  facet normal -1 0 0
    outer loop
      vertex -30.01 15.4288 26.0908
      vertex -30.01 17.0607 26.55
      vertex -30.01 16.131 24.0223
    endloop
  endfacet
  facet normal -1 -0 0
    outer loop
      vertex -30.01 17.0607 26.55
      vertex -30.01 15.4288 26.0908
      vertex -30.01 15.6291 28.6926
    endloop
  endfacet
  facet normal -1 0 0
    outer loop
      vertex -30.01 14.4626 28.05
      vertex -30.01 15.6291 28.6926
      vertex -30.01 15.4288 26.0908
    endloop
  endfacet
  facet normal -1 0 0
    outer loop
      vertex -30.01 13.249 29.8663
      vertex -30.01 15.6291 28.6926
      vertex -30.01 14.4626 28.05
    endloop
  endfacet
  facet normal -1 0 0
    outer loop
      vertex -30.01 15.6291 28.6926
      vertex -30.01 13.249 29.8663
      vertex -30.01 13.93 30.63
    endloop
  endfacet
  facet normal -1 0 0
    outer loop
      vertex -30.01 11.8087 31.5087
      vertex -30.01 13.93 30.63
      vertex -30.01 13.249 29.8663
    endloop
  endfacet
  facet normal -1 0 0
    outer loop
      vertex -30.01 13.93 30.63
      vertex -30.01 11.8087 31.5087
      vertex -30.01 11.9926 32.3291
    endloop
  endfacet
  facet normal -1 0 0
    outer loop
      vertex -30.01 10.1663 32.949
      vertex -30.01 11.9926 32.3291
      vertex -30.01 11.8087 31.5087
    endloop
  endfacet
  facet normal -1 0 0
    outer loop
      vertex -30.01 10.1663 32.949
      vertex -30.01 9.85 33.7607
      vertex -30.01 11.9926 32.3291
    endloop
  endfacet
  facet normal -1 0 0
    outer loop
      vertex -30.01 8.35 34.1626
      vertex -30.01 9.85 33.7607
      vertex -30.01 10.1663 32.949
    endloop
  endfacet
  facet normal -1 0 0
    outer loop
      vertex -30.01 8.35 34.1626
      vertex -30.01 7.53886 34.9004
      vertex -30.01 9.85 33.7607
    endloop
  endfacet
  facet normal -1 0 0
    outer loop
      vertex -30.01 6.39081 35.1288
      vertex -30.01 7.53886 34.9004
      vertex -30.01 8.35 34.1626
    endloop
  endfacet
  facet normal -1 0 0
    outer loop
      vertex -30.01 6.39081 35.1288
      vertex -30.01 5.09873 35.7287
      vertex -30.01 7.53886 34.9004
    endloop
  endfacet
  facet normal -1 0 0
    outer loop
      vertex -30.01 4.32228 35.831
      vertex -30.01 5.09873 35.7287
      vertex -30.01 6.39081 35.1288
    endloop
  endfacet
  facet normal -1 0 0
    outer loop
      vertex -30.01 4.32228 35.831
      vertex -30.01 2.57137 36.2315
      vertex -30.01 5.09873 35.7287
    endloop
  endfacet
  facet normal -1 0 0
    outer loop
      vertex -30.01 2.17979 36.2571
      vertex -30.01 2.57137 36.2315
      vertex -30.01 4.32228 35.831
    endloop
  endfacet
  facet normal -1 0 0
    outer loop
      vertex -30.01 2.57137 36.2315
      vertex -30.01 2.17979 36.2571
      vertex -30.01 0 36.4
    endloop
  endfacet
  facet normal -1 -0 0
    outer loop
      vertex -30.01 -2.17979 36.2571
      vertex -30.01 -2.57137 36.2315
      vertex -30.01 0 36.4
    endloop
  endfacet
  facet normal -1 0 0
    outer loop
      vertex -30.01 -4.32228 35.831
      vertex -30.01 -2.57137 36.2315
      vertex -30.01 -2.17979 36.2571
    endloop
  endfacet
  facet normal -1 -0 0
    outer loop
      vertex -30.01 -4.32228 35.831
      vertex -30.01 -5.09873 35.7287
      vertex -30.01 -2.57137 36.2315
    endloop
  endfacet
  facet normal -1 0 0
    outer loop
      vertex -30.01 -6.39081 35.1288
      vertex -30.01 -5.09873 35.7287
      vertex -30.01 -4.32228 35.831
    endloop
  endfacet
  facet normal -1 -0 0
    outer loop
      vertex -30.01 -6.39081 35.1288
      vertex -30.01 -7.53886 34.9004
      vertex -30.01 -5.09873 35.7287
    endloop
  endfacet
  facet normal -1 0 0
    outer loop
      vertex -30.01 -8.35 34.1626
      vertex -30.01 -7.53886 34.9004
      vertex -30.01 -6.39081 35.1288
    endloop
  endfacet
  facet normal -1 -0 0
    outer loop
      vertex -30.01 -8.35 34.1626
      vertex -30.01 -9.85 33.7607
      vertex -30.01 -7.53886 34.9004
    endloop
  endfacet
  facet normal -1 0 0
    outer loop
      vertex -30.01 -10.1663 32.949
      vertex -30.01 -9.85 33.7607
      vertex -30.01 -8.35 34.1626
    endloop
  endfacet
  facet normal -1 0 0
    outer loop
      vertex -30.01 -11.9926 32.3291
      vertex -30.01 -10.1663 32.949
      vertex -30.01 -11.8087 31.5087
    endloop
  endfacet
  facet normal -1 -0 0
    outer loop
      vertex -30.01 -10.1663 32.949
      vertex -30.01 -11.9926 32.3291
      vertex -30.01 -9.85 33.7607
    endloop
  endfacet
  facet normal -1 0 0
    outer loop
      vertex -30.01 -13.93 30.63
      vertex -30.01 -11.8087 31.5087
      vertex -30.01 -13.249 29.8663
    endloop
  endfacet
  facet normal -1 -0 0
    outer loop
      vertex -30.01 -11.8087 31.5087
      vertex -30.01 -13.93 30.63
      vertex -30.01 -11.9926 32.3291
    endloop
  endfacet
  facet normal -1 0 0
    outer loop
      vertex -30.01 -15.6291 28.6926
      vertex -30.01 -13.249 29.8663
      vertex -30.01 -14.4626 28.05
    endloop
  endfacet
  facet normal -1 0 0
    outer loop
      vertex -30.01 -15.6291 28.6926
      vertex -30.01 -14.4626 28.05
      vertex -30.01 -15.4288 26.0908
    endloop
  endfacet
  facet normal -1 -0 0
    outer loop
      vertex -30.01 -13.249 29.8663
      vertex -30.01 -15.6291 28.6926
      vertex -30.01 -13.93 30.63
    endloop
  endfacet
  facet normal -1 0 0
    outer loop
      vertex -30.01 -17.0607 26.55
      vertex -30.01 -15.4288 26.0908
      vertex -30.01 -16.131 24.0223
    endloop
  endfacet
  facet normal -1 0 0
    outer loop
      vertex -30.01 -18.2004 24.2389
      vertex -30.01 -16.131 24.0223
      vertex -30.01 -16.5571 21.8798
    endloop
  endfacet
  facet normal -1 0 0
    outer loop
      vertex -30.01 -15.4288 26.0908
      vertex -30.01 -17.0607 26.55
      vertex -30.01 -15.6291 28.6926
    endloop
  endfacet
  facet normal -1 0 0
    outer loop
      vertex -30.01 -19.0287 21.7987
      vertex -30.01 -16.5571 21.8798
      vertex -30.01 -16.7 19.7
    endloop
  endfacet
  facet normal -1 0 0
    outer loop
      vertex -30.01 -15.4288 13.3092
      vertex -30.01 -19.5315 14.1286
      vertex -30.01 -16.131 15.3777
    endloop
  endfacet
  facet normal -1 0 0
    outer loop
      vertex -30.01 -19.7 16.7
      vertex -30.01 -16.131 15.3777
      vertex -30.01 -19.5315 14.1286
    endloop
  endfacet
  facet normal -1 0 0
    outer loop
      vertex -30.01 -16.131 24.0223
      vertex -30.01 -18.2004 24.2389
      vertex -30.01 -17.0607 26.55
    endloop
  endfacet
  facet normal -1 0 0
    outer loop
      vertex -30.01 -16.131 15.3777
      vertex -30.01 -19.7 16.7
      vertex -30.01 -16.5571 17.5202
    endloop
  endfacet
  facet normal -1 -0 0
    outer loop
      vertex -30.01 -16.5571 21.8798
      vertex -30.01 -19.0287 21.7987
      vertex -30.01 -18.2004 24.2389
    endloop
  endfacet
  facet normal -1 0 -0
    outer loop
      vertex -30.01 -19.5315 19.2714
      vertex -30.01 -16.5571 17.5202
      vertex -30.01 -19.7 16.7
    endloop
  endfacet
  facet normal -1 -0 0
    outer loop
      vertex -30.01 -16.7 19.7
      vertex -30.01 -19.5315 19.2714
      vertex -30.01 -19.0287 21.7987
    endloop
  endfacet
  facet normal -1 0 0
    outer loop
      vertex -30.01 -16.5571 17.5202
      vertex -30.01 -19.5315 19.2714
      vertex -30.01 -16.7 19.7
    endloop
  endfacet
  facet normal 1 -0 0
    outer loop
      vertex 30 14.1317 3
      vertex 30 19.7 0
      vertex 30 19.7 3
    endloop
  endfacet
  facet normal 1 -0 0
    outer loop
      vertex 30 13.93 2.77
      vertex 30 19.7 0
      vertex 30 14.1317 3
    endloop
  endfacet
  facet normal 1 -0 0
    outer loop
      vertex 30 11.9926 1.07094
      vertex 30 19.7 0
      vertex 30 13.93 2.77
    endloop
  endfacet
  facet normal 1 0 0
    outer loop
      vertex 30 19.7 0
      vertex 30 11.9926 1.07094
      vertex 30 10.3898 0
    endloop
  endfacet
  facet normal 1 0 0
    outer loop
      vertex 30 -19.7 0
      vertex 30 -14.1317 3
      vertex 30 -19.7 3
    endloop
  endfacet
  facet normal 1 0 0
    outer loop
      vertex 30 -14.1317 3
      vertex 30 -19.7 0
      vertex 30 -13.93 2.77
    endloop
  endfacet
  facet normal 1 0 0
    outer loop
      vertex 30 -13.93 2.77
      vertex 30 -19.7 0
      vertex 30 -11.9926 1.07094
    endloop
  endfacet
  facet normal 1 0 0
    outer loop
      vertex 30 -11.9926 1.07094
      vertex 30 -19.7 0
      vertex 30 -10.3898 0
    endloop
  endfacet
  facet normal -0 0 1
    outer loop
      vertex -30 19.7 3
      vertex 30 14.1317 3
      vertex 30 19.7 3
    endloop
  endfacet
  facet normal 0 0 1
    outer loop
      vertex 30 14.1317 3
      vertex -30 19.7 3
      vertex -30 14.1317 3
    endloop
  endfacet
  facet normal -0 0 1
    outer loop
      vertex -30 -14.1317 3
      vertex 30 -19.7 3
      vertex 30 -14.1317 3
    endloop
  endfacet
  facet normal 0 0 1
    outer loop
      vertex 30 -19.7 3
      vertex -30 -14.1317 3
      vertex -30 -19.7 3
    endloop
  endfacet
  facet normal 0 0 -1
    outer loop
      vertex -30 10.3898 0
      vertex 30 19.7 0
      vertex 30 10.3898 0
    endloop
  endfacet
  facet normal -0 0 -1
    outer loop
      vertex 30 19.7 0
      vertex -30 10.3898 0
      vertex -30 19.7 0
    endloop
  endfacet
  facet normal 0 0 -1
    outer loop
      vertex -30 -19.7 0
      vertex 30 -10.3898 0
      vertex 30 -19.7 0
    endloop
  endfacet
  facet normal -0 0 -1
    outer loop
      vertex 30 -10.3898 0
      vertex -30 -19.7 0
      vertex -30 -10.3898 0
    endloop
  endfacet
  facet normal -1 0 0
    outer loop
      vertex -30 19.7 0
      vertex -30 14.1317 3
      vertex -30 19.7 3
    endloop
  endfacet
  facet normal -1 0 0
    outer loop
      vertex -30 19.7 0
      vertex -30 13.93 2.77
      vertex -30 14.1317 3
    endloop
  endfacet
  facet normal -1 0 0
    outer loop
      vertex -30 19.7 0
      vertex -30 11.9926 1.07094
      vertex -30 13.93 2.77
    endloop
  endfacet
  facet normal -1 0 -0
    outer loop
      vertex -30 11.9926 1.07094
      vertex -30 19.7 0
      vertex -30 10.3898 0
    endloop
  endfacet
  facet normal -1 0 0
    outer loop
      vertex -30 -19.7 0
      vertex -30 -11.9926 1.07094
      vertex -30 -10.3898 0
    endloop
  endfacet
  facet normal -1 0 0
    outer loop
      vertex -30 -19.7 0
      vertex -30 -13.93 2.77
      vertex -30 -11.9926 1.07094
    endloop
  endfacet
  facet normal -1 0 0
    outer loop
      vertex -30 -19.7 0
      vertex -30 -14.1317 3
      vertex -30 -13.93 2.77
    endloop
  endfacet
  facet normal -1 -0 0
    outer loop
      vertex -30 -14.1317 3
      vertex -30 -19.7 0
      vertex -30 -19.7 3
    endloop
  endfacet
  facet normal 0 1 -0
    outer loop
      vertex 30 19.7 0
      vertex -30 19.7 3
      vertex 30 19.7 3
    endloop
  endfacet
  facet normal 0 1 0
    outer loop
      vertex -30 19.7 3
      vertex 30 19.7 0
      vertex -30 19.7 0
    endloop
  endfacet
  facet normal 0 -1 0
    outer loop
      vertex -30 -19.7 0
      vertex 30 -19.7 3
      vertex -30 -19.7 3
    endloop
  endfacet
  facet normal 0 -1 -0
    outer loop
      vertex 30 -19.7 3
      vertex -30 -19.7 0
      vertex 30 -19.7 0
    endloop
  endfacet
  facet normal 0 0.997858 0.0654161
    outer loop
      vertex 30.01 -16.5571 17.5202
      vertex -30.01 -16.7 19.7
      vertex 30.01 -16.7 19.7
    endloop
  endfacet
  facet normal 0 0.997858 0.0654161
    outer loop
      vertex -30.01 -16.7 19.7
      vertex 30.01 -16.5571 17.5202
      vertex -30.01 -16.5571 17.5202
    endloop
  endfacet
  facet normal -0 0.321439 0.94693
    outer loop
      vertex -30.01 -4.32228 3.56904
      vertex 30.01 -6.39081 4.27121
      vertex 30.01 -4.32228 3.56904
    endloop
  endfacet
  facet normal 0 0.321439 0.94693
    outer loop
      vertex 30.01 -6.39081 4.27121
      vertex -30.01 -4.32228 3.56904
      vertex -30.01 -6.39081 4.27121
    endloop
  endfacet
  facet normal -0 0.659339 0.751846
    outer loop
      vertex -30.01 -10.1663 6.451
      vertex 30.01 -11.8087 7.89132
      vertex 30.01 -10.1663 6.451
    endloop
  endfacet
  facet normal 0 0.659339 0.751846
    outer loop
      vertex 30.01 -11.8087 7.89132
      vertex -30.01 -10.1663 6.451
      vertex -30.01 -11.8087 7.89132
    endloop
  endfacet
  facet normal 0 0.980791 -0.19506
    outer loop
      vertex 30.01 -16.5571 21.8798
      vertex -30.01 -16.131 24.0223
      vertex 30.01 -16.131 24.0223
    endloop
  endfacet
  facet normal 0 0.980791 -0.19506
    outer loop
      vertex -30.01 -16.131 24.0223
      vertex 30.01 -16.5571 21.8798
      vertex -30.01 -16.5571 21.8798
    endloop
  endfacet
  facet normal 0 -0.0654027 0.997859
    outer loop
      vertex 30.01 2.17979 3.14287
      vertex 5.15 0 3
      vertex 30.01 0 3
    endloop
  endfacet
  facet normal 1.72455e-07 -0.0654046 0.997859
    outer loop
      vertex 30.01 2.17979 3.14287
      vertex 5.10594 0.67221 3.04406
      vertex 5.15 0 3
    endloop
  endfacet
  facet normal -3.91959e-07 -0.0653954 0.997859
    outer loop
      vertex 30.01 2.17979 3.14287
      vertex 4.97452 1.33292 3.08736
      vertex 5.10594 0.67221 3.04406
    endloop
  endfacet
  facet normal 5.44487e-07 -0.0654229 0.997858
    outer loop
      vertex 30.01 2.17979 3.14287
      vertex 4.90908 1.52571 3.1
      vertex 4.97452 1.33292 3.08736
    endloop
  endfacet
  facet normal 0 -0.0654021 0.997859
    outer loop
      vertex 30.01 2.17979 3.14287
      vertex -4.90908 1.52571 3.1
      vertex 4.90908 1.52571 3.1
    endloop
  endfacet
  facet normal 0 -0.0654021 0.997859
    outer loop
      vertex -30.01 2.17979 3.14287
      vertex -4.90908 1.52571 3.1
      vertex 30.01 2.17979 3.14287
    endloop
  endfacet
  facet normal -5.44487e-07 -0.0654229 0.997858
    outer loop
      vertex -30.01 2.17979 3.14287
      vertex -4.97452 1.33292 3.08736
      vertex -4.90908 1.52571 3.1
    endloop
  endfacet
  facet normal 3.91959e-07 -0.0653954 0.997859
    outer loop
      vertex -30.01 2.17979 3.14287
      vertex -5.10594 0.67221 3.04406
      vertex -4.97452 1.33292 3.08736
    endloop
  endfacet
  facet normal -1.72455e-07 -0.0654046 0.997859
    outer loop
      vertex -30.01 2.17979 3.14287
      vertex -5.15 0 3
      vertex -5.10594 0.67221 3.04406
    endloop
  endfacet
  facet normal 0 -0.0654027 0.997859
    outer loop
      vertex -5.15 0 3
      vertex -30.01 2.17979 3.14287
      vertex -30.01 0 3
    endloop
  endfacet
  facet normal -0 0.195091 0.980785
    outer loop
      vertex -30.01 -2.17979 3.14287
      vertex 30.01 -4.32228 3.56904
      vertex 30.01 -2.17979 3.14287
    endloop
  endfacet
  facet normal 0 0.195091 0.980785
    outer loop
      vertex 30.01 -4.32228 3.56904
      vertex -30.01 -2.17979 3.14287
      vertex -30.01 -4.32228 3.56904
    endloop
  endfacet
  facet normal 0 -0.442301 -0.896866
    outer loop
      vertex -30.01 6.39081 35.1288
      vertex 30.01 8.35 34.1626
      vertex 30.01 6.39081 35.1288
    endloop
  endfacet
  facet normal -0 -0.442301 -0.896866
    outer loop
      vertex 30.01 8.35 34.1626
      vertex -30.01 6.39081 35.1288
      vertex -30.01 8.35 34.1626
    endloop
  endfacet
  facet normal 0 -0.659339 0.751846
    outer loop
      vertex -30.01 11.8087 7.89132
      vertex 30.01 10.1663 6.451
      vertex 30.01 11.8087 7.89132
    endloop
  endfacet
  facet normal 0 -0.659339 0.751846
    outer loop
      vertex 30.01 10.1663 6.451
      vertex -30.01 11.8087 7.89132
      vertex -30.01 10.1663 6.451
    endloop
  endfacet
  facet normal 0 -0.75185 -0.659334
    outer loop
      vertex -30.01 13.249 29.8663
      vertex 30.01 11.8087 31.5087
      vertex -30.01 11.8087 31.5087
    endloop
  endfacet
  facet normal 0 -0.75185 -0.659334
    outer loop
      vertex 30.01 11.8087 31.5087
      vertex -30.01 13.249 29.8663
      vertex 30.01 13.249 29.8663
    endloop
  endfacet
  facet normal 0 -0.896867 0.4423
    outer loop
      vertex -30.01 14.4626 11.35
      vertex 30.01 15.4288 13.3092
      vertex -30.01 15.4288 13.3092
    endloop
  endfacet
  facet normal 0 -0.896867 0.4423
    outer loop
      vertex 30.01 15.4288 13.3092
      vertex -30.01 14.4626 11.35
      vertex 30.01 14.4626 11.35
    endloop
  endfacet
  facet normal 0 -0.19506 -0.980791
    outer loop
      vertex -30.01 2.17979 36.2571
      vertex 30.01 4.32228 35.831
      vertex 30.01 2.17979 36.2571
    endloop
  endfacet
  facet normal -0 -0.19506 -0.980791
    outer loop
      vertex 30.01 4.32228 35.831
      vertex -30.01 2.17979 36.2571
      vertex -30.01 4.32228 35.831
    endloop
  endfacet
  facet normal 0 -0.555566 -0.831472
    outer loop
      vertex -30.01 8.35 34.1626
      vertex 30.01 10.1663 32.949
      vertex 30.01 8.35 34.1626
    endloop
  endfacet
  facet normal -0 -0.555566 -0.831472
    outer loop
      vertex 30.01 10.1663 32.949
      vertex -30.01 8.35 34.1626
      vertex -30.01 10.1663 32.949
    endloop
  endfacet
  facet normal 0 -0.0654164 -0.997858
    outer loop
      vertex -30.01 0 36.4
      vertex 30.01 2.17979 36.2571
      vertex 30.01 0 36.4
    endloop
  endfacet
  facet normal -0 -0.0654164 -0.997858
    outer loop
      vertex 30.01 2.17979 36.2571
      vertex -30.01 0 36.4
      vertex -30.01 2.17979 36.2571
    endloop
  endfacet
  facet normal 0 0.751842 0.659343
    outer loop
      vertex 30.01 -11.8087 7.89132
      vertex -30.01 -13.249 9.53368
      vertex 30.01 -13.249 9.53368
    endloop
  endfacet
  facet normal 0 0.751842 0.659343
    outer loop
      vertex -30.01 -13.249 9.53368
      vertex 30.01 -11.8087 7.89132
      vertex -30.01 -11.8087 7.89132
    endloop
  endfacet
  facet normal 0 -0.980791 -0.19506
    outer loop
      vertex -30.01 16.5571 21.8798
      vertex 30.01 16.131 24.0223
      vertex -30.01 16.131 24.0223
    endloop
  endfacet
  facet normal 0 -0.980791 -0.19506
    outer loop
      vertex 30.01 16.131 24.0223
      vertex -30.01 16.5571 21.8798
      vertex 30.01 16.5571 21.8798
    endloop
  endfacet
  facet normal 0 0.442301 -0.896866
    outer loop
      vertex -30.01 -8.35 34.1626
      vertex 30.01 -6.39081 35.1288
      vertex 30.01 -8.35 34.1626
    endloop
  endfacet
  facet normal 0 0.442301 -0.896866
    outer loop
      vertex 30.01 -6.39081 35.1288
      vertex -30.01 -8.35 34.1626
      vertex -30.01 -6.39081 35.1288
    endloop
  endfacet
  facet normal 0 -0.831472 -0.555566
    outer loop
      vertex -30.01 14.4626 28.05
      vertex 30.01 13.249 29.8663
      vertex -30.01 13.249 29.8663
    endloop
  endfacet
  facet normal 0 -0.831472 -0.555566
    outer loop
      vertex 30.01 13.249 29.8663
      vertex -30.01 14.4626 28.05
      vertex 30.01 14.4626 28.05
    endloop
  endfacet
  facet normal -0 0.555572 0.831468
    outer loop
      vertex -30.01 -8.35 5.23738
      vertex 30.01 -10.1663 6.451
      vertex 30.01 -8.35 5.23738
    endloop
  endfacet
  facet normal 0 0.555572 0.831468
    outer loop
      vertex 30.01 -10.1663 6.451
      vertex -30.01 -8.35 5.23738
      vertex -30.01 -10.1663 6.451
    endloop
  endfacet
  facet normal 0 0.896867 0.4423
    outer loop
      vertex 30.01 -14.4626 11.35
      vertex -30.01 -15.4288 13.3092
      vertex 30.01 -15.4288 13.3092
    endloop
  endfacet
  facet normal 0 0.896867 0.4423
    outer loop
      vertex -30.01 -15.4288 13.3092
      vertex 30.01 -14.4626 11.35
      vertex -30.01 -14.4626 11.35
    endloop
  endfacet
  facet normal 0 0.19506 -0.980791
    outer loop
      vertex -30.01 -4.32228 35.831
      vertex 30.01 -2.17979 36.2571
      vertex 30.01 -4.32228 35.831
    endloop
  endfacet
  facet normal 0 0.19506 -0.980791
    outer loop
      vertex 30.01 -2.17979 36.2571
      vertex -30.01 -4.32228 35.831
      vertex -30.01 -2.17979 36.2571
    endloop
  endfacet
  facet normal 0 -0.195091 0.980785
    outer loop
      vertex -30.01 4.32228 3.56904
      vertex 30.01 2.17979 3.14287
      vertex 30.01 4.32228 3.56904
    endloop
  endfacet
  facet normal 0 -0.195091 0.980785
    outer loop
      vertex 30.01 2.17979 3.14287
      vertex -30.01 4.32228 3.56904
      vertex -30.01 2.17979 3.14287
    endloop
  endfacet
  facet normal 0 -0.44229 0.896872
    outer loop
      vertex -30.01 8.35 5.23738
      vertex 30.01 6.39081 4.27121
      vertex 30.01 8.35 5.23738
    endloop
  endfacet
  facet normal 0 -0.44229 0.896872
    outer loop
      vertex 30.01 6.39081 4.27121
      vertex -30.01 8.35 5.23738
      vertex -30.01 6.39081 4.27121
    endloop
  endfacet
  facet normal 0 -0.555572 0.831468
    outer loop
      vertex -30.01 10.1663 6.451
      vertex 30.01 8.35 5.23738
      vertex 30.01 10.1663 6.451
    endloop
  endfacet
  facet normal 0 -0.555572 0.831468
    outer loop
      vertex 30.01 8.35 5.23738
      vertex -30.01 10.1663 6.451
      vertex -30.01 8.35 5.23738
    endloop
  endfacet
  facet normal -0 0.0654027 0.997859
    outer loop
      vertex 5.15 0 3
      vertex 30.01 -2.17979 3.14287
      vertex 30.01 0 3
    endloop
  endfacet
  facet normal 1.72455e-07 0.0654046 0.997859
    outer loop
      vertex 5.10594 -0.67221 3.04406
      vertex 30.01 -2.17979 3.14287
      vertex 5.15 0 3
    endloop
  endfacet
  facet normal -3.91959e-07 0.0653954 0.997859
    outer loop
      vertex 4.97452 -1.33292 3.08736
      vertex 30.01 -2.17979 3.14287
      vertex 5.10594 -0.67221 3.04406
    endloop
  endfacet
  facet normal 5.44487e-07 0.0654229 0.997858
    outer loop
      vertex 4.90908 -1.52571 3.1
      vertex 30.01 -2.17979 3.14287
      vertex 4.97452 -1.33292 3.08736
    endloop
  endfacet
  facet normal -0 0.0654021 0.997859
    outer loop
      vertex -4.90908 -1.52571 3.1
      vertex 30.01 -2.17979 3.14287
      vertex 4.90908 -1.52571 3.1
    endloop
  endfacet
  facet normal -0 0.0654046 0.997859
    outer loop
      vertex -30.01 0 3
      vertex -5.10594 -0.67221 3.04406
      vertex -5.15 0 3
    endloop
  endfacet
  facet normal -5.33932e-08 0.0654027 0.997859
    outer loop
      vertex -30.01 -2.17979 3.14287
      vertex -5.10594 -0.67221 3.04406
      vertex -30.01 0 3
    endloop
  endfacet
  facet normal 3.91959e-07 0.0653954 0.997859
    outer loop
      vertex -5.10594 -0.67221 3.04406
      vertex -30.01 -2.17979 3.14287
      vertex -4.97452 -1.33292 3.08736
    endloop
  endfacet
  facet normal 0 0.0654021 0.997859
    outer loop
      vertex -4.90908 -1.52571 3.1
      vertex -30.01 -2.17979 3.14287
      vertex 30.01 -2.17979 3.14287
    endloop
  endfacet
  facet normal -5.44487e-07 0.0654229 0.997858
    outer loop
      vertex -4.97452 -1.33292 3.08736
      vertex -30.01 -2.17979 3.14287
      vertex -4.90908 -1.52571 3.1
    endloop
  endfacet
  facet normal 0 0.946925 -0.321455
    outer loop
      vertex 30.01 -16.131 24.0223
      vertex -30.01 -15.4288 26.0908
      vertex 30.01 -15.4288 26.0908
    endloop
  endfacet
  facet normal 0 0.946925 -0.321455
    outer loop
      vertex -30.01 -15.4288 26.0908
      vertex 30.01 -16.131 24.0223
      vertex -30.01 -16.131 24.0223
    endloop
  endfacet
  facet normal 0 -0.831475 0.555562
    outer loop
      vertex -30.01 13.249 9.53368
      vertex 30.01 14.4626 11.35
      vertex -30.01 14.4626 11.35
    endloop
  endfacet
  facet normal 0 -0.831475 0.555562
    outer loop
      vertex 30.01 14.4626 11.35
      vertex -30.01 13.249 9.53368
      vertex 30.01 13.249 9.53368
    endloop
  endfacet
  facet normal 0 -0.997858 -0.0654161
    outer loop
      vertex -30.01 16.7 19.7
      vertex 30.01 16.5571 21.8798
      vertex -30.01 16.5571 21.8798
    endloop
  endfacet
  facet normal 0 -0.997858 -0.0654161
    outer loop
      vertex 30.01 16.5571 21.8798
      vertex -30.01 16.7 19.7
      vertex 30.01 16.7 19.7
    endloop
  endfacet
  facet normal 0 -0.896867 -0.4423
    outer loop
      vertex -30.01 15.4288 26.0908
      vertex 30.01 14.4626 28.05
      vertex -30.01 14.4626 28.05
    endloop
  endfacet
  facet normal 0 -0.896867 -0.4423
    outer loop
      vertex 30.01 14.4626 28.05
      vertex -30.01 15.4288 26.0908
      vertex 30.01 15.4288 26.0908
    endloop
  endfacet
  facet normal 0 0.321451 -0.946926
    outer loop
      vertex -30.01 -6.39081 35.1288
      vertex 30.01 -4.32228 35.831
      vertex 30.01 -6.39081 35.1288
    endloop
  endfacet
  facet normal 0 0.321451 -0.946926
    outer loop
      vertex 30.01 -4.32228 35.831
      vertex -30.01 -6.39081 35.1288
      vertex -30.01 -4.32228 35.831
    endloop
  endfacet
  facet normal 0 -0.997858 0.0654161
    outer loop
      vertex -30.01 16.5571 17.5202
      vertex 30.01 16.7 19.7
      vertex -30.01 16.7 19.7
    endloop
  endfacet
  facet normal 0 -0.997858 0.0654161
    outer loop
      vertex 30.01 16.7 19.7
      vertex -30.01 16.5571 17.5202
      vertex 30.01 16.5571 17.5202
    endloop
  endfacet
  facet normal 0 0.555566 -0.831472
    outer loop
      vertex -30.01 -10.1663 32.949
      vertex 30.01 -8.35 34.1626
      vertex 30.01 -10.1663 32.949
    endloop
  endfacet
  facet normal 0 0.555566 -0.831472
    outer loop
      vertex 30.01 -8.35 34.1626
      vertex -30.01 -10.1663 32.949
      vertex -30.01 -8.35 34.1626
    endloop
  endfacet
  facet normal 0 0.659334 -0.75185
    outer loop
      vertex -30.01 -11.8087 31.5087
      vertex 30.01 -10.1663 32.949
      vertex 30.01 -11.8087 31.5087
    endloop
  endfacet
  facet normal 0 0.659334 -0.75185
    outer loop
      vertex 30.01 -10.1663 32.949
      vertex -30.01 -11.8087 31.5087
      vertex -30.01 -10.1663 32.949
    endloop
  endfacet
  facet normal 0 -0.659334 -0.75185
    outer loop
      vertex -30.01 10.1663 32.949
      vertex 30.01 11.8087 31.5087
      vertex 30.01 10.1663 32.949
    endloop
  endfacet
  facet normal -0 -0.659334 -0.75185
    outer loop
      vertex 30.01 11.8087 31.5087
      vertex -30.01 10.1663 32.949
      vertex -30.01 11.8087 31.5087
    endloop
  endfacet
  facet normal 0 -0.751842 0.659343
    outer loop
      vertex -30.01 11.8087 7.89132
      vertex 30.01 13.249 9.53368
      vertex -30.01 13.249 9.53368
    endloop
  endfacet
  facet normal 0 -0.751842 0.659343
    outer loop
      vertex 30.01 13.249 9.53368
      vertex -30.01 11.8087 7.89132
      vertex 30.01 11.8087 7.89132
    endloop
  endfacet
  facet normal 0 -0.946925 -0.321455
    outer loop
      vertex -30.01 16.131 24.0223
      vertex 30.01 15.4288 26.0908
      vertex -30.01 15.4288 26.0908
    endloop
  endfacet
  facet normal 0 -0.946925 -0.321455
    outer loop
      vertex 30.01 15.4288 26.0908
      vertex -30.01 16.131 24.0223
      vertex 30.01 16.131 24.0223
    endloop
  endfacet
  facet normal 0 -0.980791 0.19506
    outer loop
      vertex -30.01 16.131 15.3777
      vertex 30.01 16.5571 17.5202
      vertex -30.01 16.5571 17.5202
    endloop
  endfacet
  facet normal 0 -0.980791 0.19506
    outer loop
      vertex 30.01 16.5571 17.5202
      vertex -30.01 16.131 15.3777
      vertex 30.01 16.131 15.3777
    endloop
  endfacet
  facet normal 0 0.75185 -0.659334
    outer loop
      vertex 30.01 -13.249 29.8663
      vertex -30.01 -11.8087 31.5087
      vertex 30.01 -11.8087 31.5087
    endloop
  endfacet
  facet normal 0 0.75185 -0.659334
    outer loop
      vertex -30.01 -11.8087 31.5087
      vertex 30.01 -13.249 29.8663
      vertex -30.01 -13.249 29.8663
    endloop
  endfacet
  facet normal 0 -0.321451 -0.946926
    outer loop
      vertex -30.01 4.32228 35.831
      vertex 30.01 6.39081 35.1288
      vertex 30.01 4.32228 35.831
    endloop
  endfacet
  facet normal -0 -0.321451 -0.946926
    outer loop
      vertex 30.01 6.39081 35.1288
      vertex -30.01 4.32228 35.831
      vertex -30.01 6.39081 35.1288
    endloop
  endfacet
  facet normal 0 0.997858 -0.0654161
    outer loop
      vertex 30.01 -16.7 19.7
      vertex -30.01 -16.5571 21.8798
      vertex 30.01 -16.5571 21.8798
    endloop
  endfacet
  facet normal 0 0.997858 -0.0654161
    outer loop
      vertex -30.01 -16.5571 21.8798
      vertex 30.01 -16.7 19.7
      vertex -30.01 -16.7 19.7
    endloop
  endfacet
  facet normal 0 -0.321439 0.94693
    outer loop
      vertex -30.01 6.39081 4.27121
      vertex 30.01 4.32228 3.56904
      vertex 30.01 6.39081 4.27121
    endloop
  endfacet
  facet normal 0 -0.321439 0.94693
    outer loop
      vertex 30.01 4.32228 3.56904
      vertex -30.01 6.39081 4.27121
      vertex -30.01 4.32228 3.56904
    endloop
  endfacet
  facet normal 0 0.831472 -0.555566
    outer loop
      vertex 30.01 -14.4626 28.05
      vertex -30.01 -13.249 29.8663
      vertex 30.01 -13.249 29.8663
    endloop
  endfacet
  facet normal 0 0.831472 -0.555566
    outer loop
      vertex -30.01 -13.249 29.8663
      vertex 30.01 -14.4626 28.05
      vertex -30.01 -14.4626 28.05
    endloop
  endfacet
  facet normal 0 0.946925 0.321455
    outer loop
      vertex 30.01 -15.4288 13.3092
      vertex -30.01 -16.131 15.3777
      vertex 30.01 -16.131 15.3777
    endloop
  endfacet
  facet normal 0 0.946925 0.321455
    outer loop
      vertex -30.01 -16.131 15.3777
      vertex 30.01 -15.4288 13.3092
      vertex -30.01 -15.4288 13.3092
    endloop
  endfacet
  facet normal 0 0.0654164 -0.997858
    outer loop
      vertex -30.01 -2.17979 36.2571
      vertex 30.01 0 36.4
      vertex 30.01 -2.17979 36.2571
    endloop
  endfacet
  facet normal 0 0.0654164 -0.997858
    outer loop
      vertex 30.01 0 36.4
      vertex -30.01 -2.17979 36.2571
      vertex -30.01 0 36.4
    endloop
  endfacet
  facet normal 0 0.980791 0.19506
    outer loop
      vertex 30.01 -16.131 15.3777
      vertex -30.01 -16.5571 17.5202
      vertex 30.01 -16.5571 17.5202
    endloop
  endfacet
  facet normal 0 0.980791 0.19506
    outer loop
      vertex -30.01 -16.5571 17.5202
      vertex 30.01 -16.131 15.3777
      vertex -30.01 -16.131 15.3777
    endloop
  endfacet
  facet normal 0 0.831475 0.555562
    outer loop
      vertex 30.01 -13.249 9.53368
      vertex -30.01 -14.4626 11.35
      vertex 30.01 -14.4626 11.35
    endloop
  endfacet
  facet normal 0 0.831475 0.555562
    outer loop
      vertex -30.01 -14.4626 11.35
      vertex 30.01 -13.249 9.53368
      vertex -30.01 -13.249 9.53368
    endloop
  endfacet
  facet normal -0 0.44229 0.896872
    outer loop
      vertex -30.01 -6.39081 4.27121
      vertex 30.01 -8.35 5.23738
      vertex 30.01 -6.39081 4.27121
    endloop
  endfacet
  facet normal 0 0.44229 0.896872
    outer loop
      vertex 30.01 -8.35 5.23738
      vertex -30.01 -6.39081 4.27121
      vertex -30.01 -8.35 5.23738
    endloop
  endfacet
  facet normal 0 -0.946925 0.321455
    outer loop
      vertex -30.01 15.4288 13.3092
      vertex 30.01 16.131 15.3777
      vertex -30.01 16.131 15.3777
    endloop
  endfacet
  facet normal 0 -0.946925 0.321455
    outer loop
      vertex 30.01 16.131 15.3777
      vertex -30.01 15.4288 13.3092
      vertex 30.01 15.4288 13.3092
    endloop
  endfacet
  facet normal 0 0.896867 -0.4423
    outer loop
      vertex 30.01 -15.4288 26.0908
      vertex -30.01 -14.4626 28.05
      vertex 30.01 -14.4626 28.05
    endloop
  endfacet
  facet normal 0 0.896867 -0.4423
    outer loop
      vertex -30.01 -14.4626 28.05
      vertex 30.01 -15.4288 26.0908
      vertex -30.01 -15.4288 26.0908
    endloop
  endfacet
  facet normal -0.195085 -0.980786 0
    outer loop
      vertex 0.67221 5.10594 -0.0999994
      vertex 1.33292 4.97452 3.1
      vertex 0.67221 5.10594 3.1
    endloop
  endfacet
  facet normal -0.195085 -0.980786 -0
    outer loop
      vertex 1.33292 4.97452 3.1
      vertex 0.67221 5.10594 -0.0999994
      vertex 1.33292 4.97452 -0.0999994
    endloop
  endfacet
  facet normal -0.980786 -0.195085 -0
    outer loop
      vertex 5.10594 0.67221 3.04406
      vertex 4.97452 1.33292 -0.0999994
      vertex 5.10594 0.67221 -0.0999994
    endloop
  endfacet
  facet normal -0.980786 -0.195085 0
    outer loop
      vertex 4.97452 1.33292 -0.0999994
      vertex 5.10594 0.67221 3.04406
      vertex 4.97452 1.33292 3.08736
    endloop
  endfacet
  facet normal -0.997859 -0.0654046 -0
    outer loop
      vertex 5.15 0 3
      vertex 5.10594 0.67221 -0.0999994
      vertex 5.15 0 -0.0999994
    endloop
  endfacet
  facet normal -0.997859 -0.0654046 0
    outer loop
      vertex 5.10594 0.67221 -0.0999994
      vertex 5.15 0 3
      vertex 5.10594 0.67221 3.04406
    endloop
  endfacet
  facet normal -0.946927 -0.32145 0
    outer loop
      vertex 4.75798 1.97082 -0.0999994
      vertex 4.90908 1.52571 3.1
      vertex 4.75798 1.97082 3.1
    endloop
  endfacet
  facet normal -0.946929 -0.321442 1.19248e-06
    outer loop
      vertex 4.97452 1.33292 -0.0999994
      vertex 4.90908 1.52571 3.1
      vertex 4.75798 1.97082 -0.0999994
    endloop
  endfacet
  facet normal -0.946935 -0.321425 0
    outer loop
      vertex 4.90908 1.52571 3.1
      vertex 4.97452 1.33292 -0.0999994
      vertex 4.97452 1.33292 3.08736
    endloop
  endfacet
  facet normal -0.83147 -0.55557 0
    outer loop
      vertex 4.46003 2.575 -0.0999994
      vertex 4.08577 3.13512 3.1
      vertex 4.08577 3.13512 -0.0999994
    endloop
  endfacet
  facet normal -0.83147 -0.55557 0
    outer loop
      vertex 4.08577 3.13512 3.1
      vertex 4.46003 2.575 -0.0999994
      vertex 4.46003 2.575 3.1
    endloop
  endfacet
  facet normal -0.321442 -0.946929 0
    outer loop
      vertex 1.33292 4.97452 -0.0999994
      vertex 1.97082 4.75798 3.1
      vertex 1.33292 4.97452 3.1
    endloop
  endfacet
  facet normal -0.321442 -0.946929 -0
    outer loop
      vertex 1.97082 4.75798 3.1
      vertex 1.33292 4.97452 -0.0999994
      vertex 1.97082 4.75798 -0.0999994
    endloop
  endfacet
  facet normal 0.980786 0.195085 -0
    outer loop
      vertex -4.97452 -1.33292 -0.0999994
      vertex -5.10594 -0.67221 3.04406
      vertex -4.97452 -1.33292 3.08736
    endloop
  endfacet
  facet normal 0.980786 0.195085 0
    outer loop
      vertex -5.10594 -0.67221 3.04406
      vertex -4.97452 -1.33292 -0.0999994
      vertex -5.10594 -0.67221 -0.0999994
    endloop
  endfacet
  facet normal -0.997859 0.0654046 0
    outer loop
      vertex 5.10594 -0.67221 -0.0999994
      vertex 5.15 0 3
      vertex 5.15 0 -0.0999994
    endloop
  endfacet
  facet normal -0.997859 0.0654046 0
    outer loop
      vertex 5.15 0 3
      vertex 5.10594 -0.67221 -0.0999994
      vertex 5.10594 -0.67221 3.04406
    endloop
  endfacet
  facet normal 0.55557 0.83147 -0
    outer loop
      vertex -2.575 -4.46003 -0.0999994
      vertex -3.13512 -4.08577 3.1
      vertex -2.575 -4.46003 3.1
    endloop
  endfacet
  facet normal 0.55557 0.83147 0
    outer loop
      vertex -3.13512 -4.08577 3.1
      vertex -2.575 -4.46003 -0.0999994
      vertex -3.13512 -4.08577 -0.0999994
    endloop
  endfacet
  facet normal 0.997859 0.0654046 -0
    outer loop
      vertex -5.10594 -0.67221 -0.0999994
      vertex -5.15 0 3
      vertex -5.10594 -0.67221 3.04406
    endloop
  endfacet
  facet normal 0.997859 0.0654046 0
    outer loop
      vertex -5.15 0 3
      vertex -5.10594 -0.67221 -0.0999994
      vertex -5.15 0 -0.0999994
    endloop
  endfacet
  facet normal 0.321442 0.946929 -0
    outer loop
      vertex -1.33292 -4.97452 -0.0999994
      vertex -1.97082 -4.75798 3.1
      vertex -1.33292 -4.97452 3.1
    endloop
  endfacet
  facet normal 0.321442 0.946929 0
    outer loop
      vertex -1.97082 -4.75798 3.1
      vertex -1.33292 -4.97452 -0.0999994
      vertex -1.97082 -4.75798 -0.0999994
    endloop
  endfacet
  facet normal -0.896872 -0.44229 0
    outer loop
      vertex 4.75798 1.97082 -0.0999994
      vertex 4.46003 2.575 3.1
      vertex 4.46003 2.575 -0.0999994
    endloop
  endfacet
  facet normal -0.896872 -0.44229 0
    outer loop
      vertex 4.46003 2.575 3.1
      vertex 4.75798 1.97082 -0.0999994
      vertex 4.75798 1.97082 3.1
    endloop
  endfacet
  facet normal -0.751841 -0.659345 0
    outer loop
      vertex 4.08577 3.13512 -0.0999994
      vertex 3.6416 3.6416 3.1
      vertex 3.6416 3.6416 -0.0999994
    endloop
  endfacet
  facet normal -0.751841 -0.659345 0
    outer loop
      vertex 3.6416 3.6416 3.1
      vertex 4.08577 3.13512 -0.0999994
      vertex 4.08577 3.13512 3.1
    endloop
  endfacet
  facet normal -0.946935 0.321425 0
    outer loop
      vertex 4.97452 -1.33292 -0.0999994
      vertex 4.90908 -1.52571 3.1
      vertex 4.97452 -1.33292 3.08736
    endloop
  endfacet
  facet normal -0.946929 0.321442 1.19248e-06
    outer loop
      vertex 4.75798 -1.97082 -0.0999994
      vertex 4.90908 -1.52571 3.1
      vertex 4.97452 -1.33292 -0.0999994
    endloop
  endfacet
  facet normal -0.946927 0.32145 0
    outer loop
      vertex 4.90908 -1.52571 3.1
      vertex 4.75798 -1.97082 -0.0999994
      vertex 4.75798 -1.97082 3.1
    endloop
  endfacet
  facet normal 0.751841 0.659345 0
    outer loop
      vertex -3.6416 -3.6416 3.1
      vertex -4.08577 -3.13512 -0.0999994
      vertex -4.08577 -3.13512 3.1
    endloop
  endfacet
  facet normal 0.751841 0.659345 0
    outer loop
      vertex -4.08577 -3.13512 -0.0999994
      vertex -3.6416 -3.6416 3.1
      vertex -3.6416 -3.6416 -0.0999994
    endloop
  endfacet
  facet normal -0.980786 0.195085 0
    outer loop
      vertex 4.97452 -1.33292 -0.0999994
      vertex 5.10594 -0.67221 3.04406
      vertex 5.10594 -0.67221 -0.0999994
    endloop
  endfacet
  facet normal -0.980786 0.195085 0
    outer loop
      vertex 5.10594 -0.67221 3.04406
      vertex 4.97452 -1.33292 -0.0999994
      vertex 4.97452 -1.33292 3.08736
    endloop
  endfacet
  facet normal -0.0654046 0.997859 0
    outer loop
      vertex 0.67221 -5.10594 -0.0999994
      vertex 0 -5.15 3.1
      vertex 0.67221 -5.10594 3.1
    endloop
  endfacet
  facet normal -0.0654046 0.997859 0
    outer loop
      vertex 0 -5.15 3.1
      vertex 0.67221 -5.10594 -0.0999994
      vertex 0 -5.15 -0.0999994
    endloop
  endfacet
  facet normal 0.946935 0.321425 0
    outer loop
      vertex -4.90908 -1.52571 3.1
      vertex -4.97452 -1.33292 -0.0999994
      vertex -4.97452 -1.33292 3.08736
    endloop
  endfacet
  facet normal 0.946927 0.32145 -0
    outer loop
      vertex -4.75798 -1.97082 -0.0999994
      vertex -4.90908 -1.52571 3.1
      vertex -4.75798 -1.97082 3.1
    endloop
  endfacet
  facet normal 0.946929 0.321442 1.19248e-06
    outer loop
      vertex -4.90908 -1.52571 3.1
      vertex -4.75798 -1.97082 -0.0999994
      vertex -4.97452 -1.33292 -0.0999994
    endloop
  endfacet
  facet normal -0.83147 0.55557 0
    outer loop
      vertex 4.08577 -3.13512 -0.0999994
      vertex 4.46003 -2.575 3.1
      vertex 4.46003 -2.575 -0.0999994
    endloop
  endfacet
  facet normal -0.83147 0.55557 0
    outer loop
      vertex 4.46003 -2.575 3.1
      vertex 4.08577 -3.13512 -0.0999994
      vertex 4.08577 -3.13512 3.1
    endloop
  endfacet
  facet normal -0.44229 -0.896872 0
    outer loop
      vertex 1.97082 4.75798 -0.0999994
      vertex 2.575 4.46003 3.1
      vertex 1.97082 4.75798 3.1
    endloop
  endfacet
  facet normal -0.44229 -0.896872 -0
    outer loop
      vertex 2.575 4.46003 3.1
      vertex 1.97082 4.75798 -0.0999994
      vertex 2.575 4.46003 -0.0999994
    endloop
  endfacet
  facet normal 0.44229 -0.896872 0
    outer loop
      vertex -2.575 4.46003 -0.0999994
      vertex -1.97082 4.75798 3.1
      vertex -2.575 4.46003 3.1
    endloop
  endfacet
  facet normal 0.44229 -0.896872 0
    outer loop
      vertex -1.97082 4.75798 3.1
      vertex -2.575 4.46003 -0.0999994
      vertex -1.97082 4.75798 -0.0999994
    endloop
  endfacet
  facet normal -0.44229 0.896872 0
    outer loop
      vertex 2.575 -4.46003 -0.0999994
      vertex 1.97082 -4.75798 3.1
      vertex 2.575 -4.46003 3.1
    endloop
  endfacet
  facet normal -0.44229 0.896872 0
    outer loop
      vertex 1.97082 -4.75798 3.1
      vertex 2.575 -4.46003 -0.0999994
      vertex 1.97082 -4.75798 -0.0999994
    endloop
  endfacet
  facet normal -0.321442 0.946929 0
    outer loop
      vertex 1.97082 -4.75798 -0.0999994
      vertex 1.33292 -4.97452 3.1
      vertex 1.97082 -4.75798 3.1
    endloop
  endfacet
  facet normal -0.321442 0.946929 0
    outer loop
      vertex 1.33292 -4.97452 3.1
      vertex 1.97082 -4.75798 -0.0999994
      vertex 1.33292 -4.97452 -0.0999994
    endloop
  endfacet
  facet normal 0.195085 0.980786 -0
    outer loop
      vertex -0.67221 -5.10594 -0.0999994
      vertex -1.33292 -4.97452 3.1
      vertex -0.67221 -5.10594 3.1
    endloop
  endfacet
  facet normal 0.195085 0.980786 0
    outer loop
      vertex -1.33292 -4.97452 3.1
      vertex -0.67221 -5.10594 -0.0999994
      vertex -1.33292 -4.97452 -0.0999994
    endloop
  endfacet
  facet normal 0.946927 -0.32145 0
    outer loop
      vertex -4.90908 1.52571 3.1
      vertex -4.75798 1.97082 -0.0999994
      vertex -4.75798 1.97082 3.1
    endloop
  endfacet
  facet normal 0.946935 -0.321425 0
    outer loop
      vertex -4.97452 1.33292 -0.0999994
      vertex -4.90908 1.52571 3.1
      vertex -4.97452 1.33292 3.08736
    endloop
  endfacet
  facet normal 0.946929 -0.321442 1.19248e-06
    outer loop
      vertex -4.90908 1.52571 3.1
      vertex -4.97452 1.33292 -0.0999994
      vertex -4.75798 1.97082 -0.0999994
    endloop
  endfacet
  facet normal 0.195085 -0.980786 0
    outer loop
      vertex -1.33292 4.97452 -0.0999994
      vertex -0.67221 5.10594 3.1
      vertex -1.33292 4.97452 3.1
    endloop
  endfacet
  facet normal 0.195085 -0.980786 0
    outer loop
      vertex -0.67221 5.10594 3.1
      vertex -1.33292 4.97452 -0.0999994
      vertex -0.67221 5.10594 -0.0999994
    endloop
  endfacet
  facet normal 0.55557 -0.83147 0
    outer loop
      vertex -3.13512 4.08577 -0.0999994
      vertex -2.575 4.46003 3.1
      vertex -3.13512 4.08577 3.1
    endloop
  endfacet
  facet normal 0.55557 -0.83147 0
    outer loop
      vertex -2.575 4.46003 3.1
      vertex -3.13512 4.08577 -0.0999994
      vertex -2.575 4.46003 -0.0999994
    endloop
  endfacet
  facet normal -0.55557 0.83147 0
    outer loop
      vertex 3.13512 -4.08577 -0.0999994
      vertex 2.575 -4.46003 3.1
      vertex 3.13512 -4.08577 3.1
    endloop
  endfacet
  facet normal -0.55557 0.83147 0
    outer loop
      vertex 2.575 -4.46003 3.1
      vertex 3.13512 -4.08577 -0.0999994
      vertex 2.575 -4.46003 -0.0999994
    endloop
  endfacet
  facet normal -0.195085 0.980786 0
    outer loop
      vertex 1.33292 -4.97452 -0.0999994
      vertex 0.67221 -5.10594 3.1
      vertex 1.33292 -4.97452 3.1
    endloop
  endfacet
  facet normal -0.195085 0.980786 0
    outer loop
      vertex 0.67221 -5.10594 3.1
      vertex 1.33292 -4.97452 -0.0999994
      vertex 0.67221 -5.10594 -0.0999994
    endloop
  endfacet
  facet normal 0.896872 -0.44229 0
    outer loop
      vertex -4.75798 1.97082 3.1
      vertex -4.46003 2.575 -0.0999994
      vertex -4.46003 2.575 3.1
    endloop
  endfacet
  facet normal 0.896872 -0.44229 0
    outer loop
      vertex -4.46003 2.575 -0.0999994
      vertex -4.75798 1.97082 3.1
      vertex -4.75798 1.97082 -0.0999994
    endloop
  endfacet
  facet normal 0.83147 -0.55557 0
    outer loop
      vertex -4.46003 2.575 3.1
      vertex -4.08577 3.13512 -0.0999994
      vertex -4.08577 3.13512 3.1
    endloop
  endfacet
  facet normal 0.83147 -0.55557 0
    outer loop
      vertex -4.08577 3.13512 -0.0999994
      vertex -4.46003 2.575 3.1
      vertex -4.46003 2.575 -0.0999994
    endloop
  endfacet
  facet normal 0.0654046 0.997859 -0
    outer loop
      vertex 0 -5.15 -0.0999994
      vertex -0.67221 -5.10594 3.1
      vertex 0 -5.15 3.1
    endloop
  endfacet
  facet normal 0.0654046 0.997859 0
    outer loop
      vertex -0.67221 -5.10594 3.1
      vertex 0 -5.15 -0.0999994
      vertex -0.67221 -5.10594 -0.0999994
    endloop
  endfacet
  facet normal 0.659345 -0.751841 0
    outer loop
      vertex -3.6416 3.6416 -0.0999994
      vertex -3.13512 4.08577 3.1
      vertex -3.6416 3.6416 3.1
    endloop
  endfacet
  facet normal 0.659345 -0.751841 0
    outer loop
      vertex -3.13512 4.08577 3.1
      vertex -3.6416 3.6416 -0.0999994
      vertex -3.13512 4.08577 -0.0999994
    endloop
  endfacet
  facet normal 0.659345 0.751841 -0
    outer loop
      vertex -3.13512 -4.08577 -0.0999994
      vertex -3.6416 -3.6416 3.1
      vertex -3.13512 -4.08577 3.1
    endloop
  endfacet
  facet normal 0.659345 0.751841 0
    outer loop
      vertex -3.6416 -3.6416 3.1
      vertex -3.13512 -4.08577 -0.0999994
      vertex -3.6416 -3.6416 -0.0999994
    endloop
  endfacet
  facet normal 0 0 1
    outer loop
      vertex 5.10594 0.67221 -0.0999994
      vertex 5.10594 -0.67221 -0.0999994
      vertex 5.15 0 -0.0999994
    endloop
  endfacet
  facet normal 0 0 1
    outer loop
      vertex 4.97452 1.33292 -0.0999994
      vertex 5.10594 -0.67221 -0.0999994
      vertex 5.10594 0.67221 -0.0999994
    endloop
  endfacet
  facet normal 0 0 1
    outer loop
      vertex 4.97452 1.33292 -0.0999994
      vertex 4.97452 -1.33292 -0.0999994
      vertex 5.10594 -0.67221 -0.0999994
    endloop
  endfacet
  facet normal 0 0 1
    outer loop
      vertex 4.75798 1.97082 -0.0999994
      vertex 4.97452 -1.33292 -0.0999994
      vertex 4.97452 1.33292 -0.0999994
    endloop
  endfacet
  facet normal 0 0 1
    outer loop
      vertex 4.75798 1.97082 -0.0999994
      vertex 4.75798 -1.97082 -0.0999994
      vertex 4.97452 -1.33292 -0.0999994
    endloop
  endfacet
  facet normal 0 0 1
    outer loop
      vertex 4.46003 2.575 -0.0999994
      vertex 4.75798 -1.97082 -0.0999994
      vertex 4.75798 1.97082 -0.0999994
    endloop
  endfacet
  facet normal 0 0 1
    outer loop
      vertex 4.46003 2.575 -0.0999994
      vertex 4.46003 -2.575 -0.0999994
      vertex 4.75798 -1.97082 -0.0999994
    endloop
  endfacet
  facet normal 0 0 1
    outer loop
      vertex 4.08577 3.13512 -0.0999994
      vertex 4.46003 -2.575 -0.0999994
      vertex 4.46003 2.575 -0.0999994
    endloop
  endfacet
  facet normal 0 0 1
    outer loop
      vertex 4.08577 3.13512 -0.0999994
      vertex 4.08577 -3.13512 -0.0999994
      vertex 4.46003 -2.575 -0.0999994
    endloop
  endfacet
  facet normal 0 0 1
    outer loop
      vertex 3.6416 3.6416 -0.0999994
      vertex 4.08577 -3.13512 -0.0999994
      vertex 4.08577 3.13512 -0.0999994
    endloop
  endfacet
  facet normal 0 0 1
    outer loop
      vertex 3.6416 3.6416 -0.0999994
      vertex 3.6416 -3.6416 -0.0999994
      vertex 4.08577 -3.13512 -0.0999994
    endloop
  endfacet
  facet normal 0 0 1
    outer loop
      vertex 3.13512 4.08577 -0.0999994
      vertex 3.6416 -3.6416 -0.0999994
      vertex 3.6416 3.6416 -0.0999994
    endloop
  endfacet
  facet normal 0 0 1
    outer loop
      vertex 3.13512 4.08577 -0.0999994
      vertex 3.13512 -4.08577 -0.0999994
      vertex 3.6416 -3.6416 -0.0999994
    endloop
  endfacet
  facet normal 0 0 1
    outer loop
      vertex 2.575 4.46003 -0.0999994
      vertex 3.13512 -4.08577 -0.0999994
      vertex 3.13512 4.08577 -0.0999994
    endloop
  endfacet
  facet normal 0 0 1
    outer loop
      vertex 2.575 4.46003 -0.0999994
      vertex 2.575 -4.46003 -0.0999994
      vertex 3.13512 -4.08577 -0.0999994
    endloop
  endfacet
  facet normal 0 0 1
    outer loop
      vertex 1.97082 4.75798 -0.0999994
      vertex 2.575 -4.46003 -0.0999994
      vertex 2.575 4.46003 -0.0999994
    endloop
  endfacet
  facet normal 0 0 1
    outer loop
      vertex 1.97082 4.75798 -0.0999994
      vertex 1.97082 -4.75798 -0.0999994
      vertex 2.575 -4.46003 -0.0999994
    endloop
  endfacet
  facet normal 0 0 1
    outer loop
      vertex 1.33292 4.97452 -0.0999994
      vertex 1.97082 -4.75798 -0.0999994
      vertex 1.97082 4.75798 -0.0999994
    endloop
  endfacet
  facet normal 0 0 1
    outer loop
      vertex 1.33292 4.97452 -0.0999994
      vertex 1.33292 -4.97452 -0.0999994
      vertex 1.97082 -4.75798 -0.0999994
    endloop
  endfacet
  facet normal 0 0 1
    outer loop
      vertex 0.67221 5.10594 -0.0999994
      vertex 1.33292 -4.97452 -0.0999994
      vertex 1.33292 4.97452 -0.0999994
    endloop
  endfacet
  facet normal 0 0 1
    outer loop
      vertex 0.67221 5.10594 -0.0999994
      vertex 0.67221 -5.10594 -0.0999994
      vertex 1.33292 -4.97452 -0.0999994
    endloop
  endfacet
  facet normal 0 0 1
    outer loop
      vertex 0 5.15 -0.0999994
      vertex 0.67221 -5.10594 -0.0999994
      vertex 0.67221 5.10594 -0.0999994
    endloop
  endfacet
  facet normal 0 0 1
    outer loop
      vertex 0 5.15 -0.0999994
      vertex 0 -5.15 -0.0999994
      vertex 0.67221 -5.10594 -0.0999994
    endloop
  endfacet
  facet normal -0 0 1
    outer loop
      vertex -0.67221 5.10594 -0.0999994
      vertex 0 -5.15 -0.0999994
      vertex 0 5.15 -0.0999994
    endloop
  endfacet
  facet normal 0 0 1
    outer loop
      vertex -0.67221 5.10594 -0.0999994
      vertex -0.67221 -5.10594 -0.0999994
      vertex 0 -5.15 -0.0999994
    endloop
  endfacet
  facet normal -0 0 1
    outer loop
      vertex -1.33292 4.97452 -0.0999994
      vertex -0.67221 -5.10594 -0.0999994
      vertex -0.67221 5.10594 -0.0999994
    endloop
  endfacet
  facet normal 0 0 1
    outer loop
      vertex -1.33292 4.97452 -0.0999994
      vertex -1.33292 -4.97452 -0.0999994
      vertex -0.67221 -5.10594 -0.0999994
    endloop
  endfacet
  facet normal -0 0 1
    outer loop
      vertex -1.97082 4.75798 -0.0999994
      vertex -1.33292 -4.97452 -0.0999994
      vertex -1.33292 4.97452 -0.0999994
    endloop
  endfacet
  facet normal 0 0 1
    outer loop
      vertex -1.97082 4.75798 -0.0999994
      vertex -1.97082 -4.75798 -0.0999994
      vertex -1.33292 -4.97452 -0.0999994
    endloop
  endfacet
  facet normal -0 0 1
    outer loop
      vertex -2.575 4.46003 -0.0999994
      vertex -1.97082 -4.75798 -0.0999994
      vertex -1.97082 4.75798 -0.0999994
    endloop
  endfacet
  facet normal 0 0 1
    outer loop
      vertex -2.575 4.46003 -0.0999994
      vertex -2.575 -4.46003 -0.0999994
      vertex -1.97082 -4.75798 -0.0999994
    endloop
  endfacet
  facet normal -0 0 1
    outer loop
      vertex -3.13512 4.08577 -0.0999994
      vertex -2.575 -4.46003 -0.0999994
      vertex -2.575 4.46003 -0.0999994
    endloop
  endfacet
  facet normal 0 0 1
    outer loop
      vertex -3.13512 4.08577 -0.0999994
      vertex -3.13512 -4.08577 -0.0999994
      vertex -2.575 -4.46003 -0.0999994
    endloop
  endfacet
  facet normal -0 0 1
    outer loop
      vertex -3.6416 3.6416 -0.0999994
      vertex -3.13512 -4.08577 -0.0999994
      vertex -3.13512 4.08577 -0.0999994
    endloop
  endfacet
  facet normal 0 0 1
    outer loop
      vertex -3.6416 3.6416 -0.0999994
      vertex -3.6416 -3.6416 -0.0999994
      vertex -3.13512 -4.08577 -0.0999994
    endloop
  endfacet
  facet normal -0 0 1
    outer loop
      vertex -4.08577 3.13512 -0.0999994
      vertex -3.6416 -3.6416 -0.0999994
      vertex -3.6416 3.6416 -0.0999994
    endloop
  endfacet
  facet normal 0 0 1
    outer loop
      vertex -4.08577 3.13512 -0.0999994
      vertex -4.08577 -3.13512 -0.0999994
      vertex -3.6416 -3.6416 -0.0999994
    endloop
  endfacet
  facet normal -0 0 1
    outer loop
      vertex -4.46003 2.575 -0.0999994
      vertex -4.08577 -3.13512 -0.0999994
      vertex -4.08577 3.13512 -0.0999994
    endloop
  endfacet
  facet normal 0 0 1
    outer loop
      vertex -4.46003 2.575 -0.0999994
      vertex -4.46003 -2.575 -0.0999994
      vertex -4.08577 -3.13512 -0.0999994
    endloop
  endfacet
  facet normal -0 0 1
    outer loop
      vertex -4.75798 1.97082 -0.0999994
      vertex -4.46003 -2.575 -0.0999994
      vertex -4.46003 2.575 -0.0999994
    endloop
  endfacet
  facet normal 0 0 1
    outer loop
      vertex -4.75798 1.97082 -0.0999994
      vertex -4.75798 -1.97082 -0.0999994
      vertex -4.46003 -2.575 -0.0999994
    endloop
  endfacet
  facet normal -0 0 1
    outer loop
      vertex -4.97452 1.33292 -0.0999994
      vertex -4.75798 -1.97082 -0.0999994
      vertex -4.75798 1.97082 -0.0999994
    endloop
  endfacet
  facet normal 0 0 1
    outer loop
      vertex -4.97452 1.33292 -0.0999994
      vertex -4.97452 -1.33292 -0.0999994
      vertex -4.75798 -1.97082 -0.0999994
    endloop
  endfacet
  facet normal -0 0 1
    outer loop
      vertex -5.10594 0.67221 -0.0999994
      vertex -4.97452 -1.33292 -0.0999994
      vertex -4.97452 1.33292 -0.0999994
    endloop
  endfacet
  facet normal 0 0 1
    outer loop
      vertex -5.10594 0.67221 -0.0999994
      vertex -5.10594 -0.67221 -0.0999994
      vertex -4.97452 -1.33292 -0.0999994
    endloop
  endfacet
  facet normal 0 -0 1
    outer loop
      vertex -5.10594 -0.67221 -0.0999994
      vertex -5.10594 0.67221 -0.0999994
      vertex -5.15 0 -0.0999994
    endloop
  endfacet
  facet normal 0.751841 -0.659345 0
    outer loop
      vertex -4.08577 3.13512 3.1
      vertex -3.6416 3.6416 -0.0999994
      vertex -3.6416 3.6416 3.1
    endloop
  endfacet
  facet normal 0.751841 -0.659345 0
    outer loop
      vertex -3.6416 3.6416 -0.0999994
      vertex -4.08577 3.13512 3.1
      vertex -4.08577 3.13512 -0.0999994
    endloop
  endfacet
  facet normal -0.751841 0.659345 0
    outer loop
      vertex 3.6416 -3.6416 -0.0999994
      vertex 4.08577 -3.13512 3.1
      vertex 4.08577 -3.13512 -0.0999994
    endloop
  endfacet
  facet normal -0.751841 0.659345 0
    outer loop
      vertex 4.08577 -3.13512 3.1
      vertex 3.6416 -3.6416 -0.0999994
      vertex 3.6416 -3.6416 3.1
    endloop
  endfacet
  facet normal -0.896872 0.44229 0
    outer loop
      vertex 4.46003 -2.575 -0.0999994
      vertex 4.75798 -1.97082 3.1
      vertex 4.75798 -1.97082 -0.0999994
    endloop
  endfacet
  facet normal -0.896872 0.44229 0
    outer loop
      vertex 4.75798 -1.97082 3.1
      vertex 4.46003 -2.575 -0.0999994
      vertex 4.46003 -2.575 3.1
    endloop
  endfacet
  facet normal 0.980786 -0.195085 0
    outer loop
      vertex -5.10594 0.67221 3.04406
      vertex -4.97452 1.33292 -0.0999994
      vertex -4.97452 1.33292 3.08736
    endloop
  endfacet
  facet normal 0.980786 -0.195085 0
    outer loop
      vertex -4.97452 1.33292 -0.0999994
      vertex -5.10594 0.67221 3.04406
      vertex -5.10594 0.67221 -0.0999994
    endloop
  endfacet
  facet normal -0.0654046 -0.997859 0
    outer loop
      vertex 0 5.15 -0.0999994
      vertex 0.67221 5.10594 3.1
      vertex 0 5.15 3.1
    endloop
  endfacet
  facet normal -0.0654046 -0.997859 -0
    outer loop
      vertex 0.67221 5.10594 3.1
      vertex 0 5.15 -0.0999994
      vertex 0.67221 5.10594 -0.0999994
    endloop
  endfacet
  facet normal -0.55557 -0.83147 0
    outer loop
      vertex 2.575 4.46003 -0.0999994
      vertex 3.13512 4.08577 3.1
      vertex 2.575 4.46003 3.1
    endloop
  endfacet
  facet normal -0.55557 -0.83147 -0
    outer loop
      vertex 3.13512 4.08577 3.1
      vertex 2.575 4.46003 -0.0999994
      vertex 3.13512 4.08577 -0.0999994
    endloop
  endfacet
  facet normal 0.321442 -0.946929 0
    outer loop
      vertex -1.97082 4.75798 -0.0999994
      vertex -1.33292 4.97452 3.1
      vertex -1.97082 4.75798 3.1
    endloop
  endfacet
  facet normal 0.321442 -0.946929 0
    outer loop
      vertex -1.33292 4.97452 3.1
      vertex -1.97082 4.75798 -0.0999994
      vertex -1.33292 4.97452 -0.0999994
    endloop
  endfacet
  facet normal 0.0654046 -0.997859 0
    outer loop
      vertex -0.67221 5.10594 -0.0999994
      vertex 0 5.15 3.1
      vertex -0.67221 5.10594 3.1
    endloop
  endfacet
  facet normal 0.0654046 -0.997859 0
    outer loop
      vertex 0 5.15 3.1
      vertex -0.67221 5.10594 -0.0999994
      vertex 0 5.15 -0.0999994
    endloop
  endfacet
  facet normal 0.997859 -0.0654046 0
    outer loop
      vertex -5.15 0 3
      vertex -5.10594 0.67221 -0.0999994
      vertex -5.10594 0.67221 3.04406
    endloop
  endfacet
  facet normal 0.997859 -0.0654046 0
    outer loop
      vertex -5.10594 0.67221 -0.0999994
      vertex -5.15 0 3
      vertex -5.15 0 -0.0999994
    endloop
  endfacet
  facet normal -0.659345 -0.751841 0
    outer loop
      vertex 3.13512 4.08577 -0.0999994
      vertex 3.6416 3.6416 3.1
      vertex 3.13512 4.08577 3.1
    endloop
  endfacet
  facet normal -0.659345 -0.751841 -0
    outer loop
      vertex 3.6416 3.6416 3.1
      vertex 3.13512 4.08577 -0.0999994
      vertex 3.6416 3.6416 -0.0999994
    endloop
  endfacet
  facet normal 0 0 -1
    outer loop
      vertex 4.46003 -2.575 3.1
      vertex 4.90908 -1.52571 3.1
      vertex 4.75798 -1.97082 3.1
    endloop
  endfacet
  facet normal 0 0 -1
    outer loop
      vertex 4.08577 -3.13512 3.1
      vertex 4.90908 -1.52571 3.1
      vertex 4.46003 -2.575 3.1
    endloop
  endfacet
  facet normal 0 0 -1
    outer loop
      vertex 3.6416 -3.6416 3.1
      vertex 4.90908 -1.52571 3.1
      vertex 4.08577 -3.13512 3.1
    endloop
  endfacet
  facet normal 0 0 -1
    outer loop
      vertex 3.13512 -4.08577 3.1
      vertex 4.90908 -1.52571 3.1
      vertex 3.6416 -3.6416 3.1
    endloop
  endfacet
  facet normal 0 0 -1
    outer loop
      vertex 2.575 -4.46003 3.1
      vertex 4.90908 -1.52571 3.1
      vertex 3.13512 -4.08577 3.1
    endloop
  endfacet
  facet normal 0 0 -1
    outer loop
      vertex 1.97082 -4.75798 3.1
      vertex 4.90908 -1.52571 3.1
      vertex 2.575 -4.46003 3.1
    endloop
  endfacet
  facet normal 0 0 -1
    outer loop
      vertex 1.33292 -4.97452 3.1
      vertex 4.90908 -1.52571 3.1
      vertex 1.97082 -4.75798 3.1
    endloop
  endfacet
  facet normal 0 0 -1
    outer loop
      vertex 0.67221 -5.10594 3.1
      vertex 4.90908 -1.52571 3.1
      vertex 1.33292 -4.97452 3.1
    endloop
  endfacet
  facet normal 0 0 -1
    outer loop
      vertex 0 -5.15 3.1
      vertex 4.90908 -1.52571 3.1
      vertex 0.67221 -5.10594 3.1
    endloop
  endfacet
  facet normal 0 0 -1
    outer loop
      vertex -0.67221 -5.10594 3.1
      vertex 4.90908 -1.52571 3.1
      vertex 0 -5.15 3.1
    endloop
  endfacet
  facet normal 0 0 -1
    outer loop
      vertex -1.33292 -4.97452 3.1
      vertex 4.90908 -1.52571 3.1
      vertex -0.67221 -5.10594 3.1
    endloop
  endfacet
  facet normal 0 0 -1
    outer loop
      vertex -1.97082 -4.75798 3.1
      vertex 4.90908 -1.52571 3.1
      vertex -1.33292 -4.97452 3.1
    endloop
  endfacet
  facet normal 0 0 -1
    outer loop
      vertex -2.575 -4.46003 3.1
      vertex 4.90908 -1.52571 3.1
      vertex -1.97082 -4.75798 3.1
    endloop
  endfacet
  facet normal 0 0 -1
    outer loop
      vertex -3.13512 -4.08577 3.1
      vertex 4.90908 -1.52571 3.1
      vertex -2.575 -4.46003 3.1
    endloop
  endfacet
  facet normal 0 0 -1
    outer loop
      vertex -3.6416 -3.6416 3.1
      vertex 4.90908 -1.52571 3.1
      vertex -3.13512 -4.08577 3.1
    endloop
  endfacet
  facet normal 0 0 -1
    outer loop
      vertex -4.08577 -3.13512 3.1
      vertex 4.90908 -1.52571 3.1
      vertex -3.6416 -3.6416 3.1
    endloop
  endfacet
  facet normal 0 0 -1
    outer loop
      vertex -4.46003 -2.575 3.1
      vertex 4.90908 -1.52571 3.1
      vertex -4.08577 -3.13512 3.1
    endloop
  endfacet
  facet normal 0 0 -1
    outer loop
      vertex -4.90908 -1.52571 3.1
      vertex -4.46003 -2.575 3.1
      vertex -4.75798 -1.97082 3.1
    endloop
  endfacet
  facet normal 0 0 -1
    outer loop
      vertex -4.46003 -2.575 3.1
      vertex -4.90908 -1.52571 3.1
      vertex 4.90908 -1.52571 3.1
    endloop
  endfacet
  facet normal 0 0 -1
    outer loop
      vertex 4.90908 1.52571 3.1
      vertex 4.46003 2.575 3.1
      vertex 4.75798 1.97082 3.1
    endloop
  endfacet
  facet normal 0 0 -1
    outer loop
      vertex 4.90908 1.52571 3.1
      vertex 4.08577 3.13512 3.1
      vertex 4.46003 2.575 3.1
    endloop
  endfacet
  facet normal 0 0 -1
    outer loop
      vertex 4.90908 1.52571 3.1
      vertex 3.6416 3.6416 3.1
      vertex 4.08577 3.13512 3.1
    endloop
  endfacet
  facet normal 0 0 -1
    outer loop
      vertex 4.90908 1.52571 3.1
      vertex 3.13512 4.08577 3.1
      vertex 3.6416 3.6416 3.1
    endloop
  endfacet
  facet normal 0 0 -1
    outer loop
      vertex 4.90908 1.52571 3.1
      vertex 2.575 4.46003 3.1
      vertex 3.13512 4.08577 3.1
    endloop
  endfacet
  facet normal 0 0 -1
    outer loop
      vertex 4.90908 1.52571 3.1
      vertex 1.97082 4.75798 3.1
      vertex 2.575 4.46003 3.1
    endloop
  endfacet
  facet normal 0 0 -1
    outer loop
      vertex 4.90908 1.52571 3.1
      vertex 1.33292 4.97452 3.1
      vertex 1.97082 4.75798 3.1
    endloop
  endfacet
  facet normal 0 0 -1
    outer loop
      vertex 4.90908 1.52571 3.1
      vertex 0.67221 5.10594 3.1
      vertex 1.33292 4.97452 3.1
    endloop
  endfacet
  facet normal 0 0 -1
    outer loop
      vertex 4.90908 1.52571 3.1
      vertex 0 5.15 3.1
      vertex 0.67221 5.10594 3.1
    endloop
  endfacet
  facet normal 0 0 -1
    outer loop
      vertex 4.90908 1.52571 3.1
      vertex -0.67221 5.10594 3.1
      vertex 0 5.15 3.1
    endloop
  endfacet
  facet normal 0 0 -1
    outer loop
      vertex 4.90908 1.52571 3.1
      vertex -1.33292 4.97452 3.1
      vertex -0.67221 5.10594 3.1
    endloop
  endfacet
  facet normal 0 0 -1
    outer loop
      vertex 4.90908 1.52571 3.1
      vertex -1.97082 4.75798 3.1
      vertex -1.33292 4.97452 3.1
    endloop
  endfacet
  facet normal 0 0 -1
    outer loop
      vertex 4.90908 1.52571 3.1
      vertex -2.575 4.46003 3.1
      vertex -1.97082 4.75798 3.1
    endloop
  endfacet
  facet normal 0 0 -1
    outer loop
      vertex 4.90908 1.52571 3.1
      vertex -3.13512 4.08577 3.1
      vertex -2.575 4.46003 3.1
    endloop
  endfacet
  facet normal 0 0 -1
    outer loop
      vertex 4.90908 1.52571 3.1
      vertex -3.6416 3.6416 3.1
      vertex -3.13512 4.08577 3.1
    endloop
  endfacet
  facet normal 0 0 -1
    outer loop
      vertex 4.90908 1.52571 3.1
      vertex -4.08577 3.13512 3.1
      vertex -3.6416 3.6416 3.1
    endloop
  endfacet
  facet normal 0 0 -1
    outer loop
      vertex 4.90908 1.52571 3.1
      vertex -4.46003 2.575 3.1
      vertex -4.08577 3.13512 3.1
    endloop
  endfacet
  facet normal 0 0 -1
    outer loop
      vertex -4.90908 1.52571 3.1
      vertex -4.46003 2.575 3.1
      vertex 4.90908 1.52571 3.1
    endloop
  endfacet
  facet normal 0 0 -1
    outer loop
      vertex -4.46003 2.575 3.1
      vertex -4.90908 1.52571 3.1
      vertex -4.75798 1.97082 3.1
    endloop
  endfacet
  facet normal 0.896872 0.44229 0
    outer loop
      vertex -4.46003 -2.575 3.1
      vertex -4.75798 -1.97082 -0.0999994
      vertex -4.75798 -1.97082 3.1
    endloop
  endfacet
  facet normal 0.896872 0.44229 0
    outer loop
      vertex -4.75798 -1.97082 -0.0999994
      vertex -4.46003 -2.575 3.1
      vertex -4.46003 -2.575 -0.0999994
    endloop
  endfacet
  facet normal 0.44229 0.896872 -0
    outer loop
      vertex -1.97082 -4.75798 -0.0999994
      vertex -2.575 -4.46003 3.1
      vertex -1.97082 -4.75798 3.1
    endloop
  endfacet
  facet normal 0.44229 0.896872 0
    outer loop
      vertex -2.575 -4.46003 3.1
      vertex -1.97082 -4.75798 -0.0999994
      vertex -2.575 -4.46003 -0.0999994
    endloop
  endfacet
  facet normal -0.659345 0.751841 0
    outer loop
      vertex 3.6416 -3.6416 -0.0999994
      vertex 3.13512 -4.08577 3.1
      vertex 3.6416 -3.6416 3.1
    endloop
  endfacet
  facet normal -0.659345 0.751841 0
    outer loop
      vertex 3.13512 -4.08577 3.1
      vertex 3.6416 -3.6416 -0.0999994
      vertex 3.13512 -4.08577 -0.0999994
    endloop
  endfacet
  facet normal 0.83147 0.55557 0
    outer loop
      vertex -4.08577 -3.13512 3.1
      vertex -4.46003 -2.575 -0.0999994
      vertex -4.46003 -2.575 3.1
    endloop
  endfacet
  facet normal 0.83147 0.55557 0
    outer loop
      vertex -4.46003 -2.575 -0.0999994
      vertex -4.08577 -3.13512 3.1
      vertex -4.08577 -3.13512 -0.0999994
    endloop
  endfacet
endsolid OpenSCAD_Model
