solid OpenSCAD_Model
  facet normal 0.896871 0 -0.442291
    outer loop
      vertex 20.9721 0 4.61309
      vertex 19.6588 40 1.95
      vertex 20.9721 40 4.61309
    endloop
  endfacet
  facet normal 0.896871 0 -0.442291
    outer loop
      vertex 19.6588 40 1.95
      vertex 20.9721 0 4.61309
      vertex 19.6588 0 1.95
    endloop
  endfacet
  facet normal 0.980785 0 -0.195093
    outer loop
      vertex 22.5058 0 10.3371
      vertex 21.9265 40 7.42481
      vertex 22.5058 40 10.3371
    endloop
  endfacet
  facet normal 0.980785 0 -0.195093
    outer loop
      vertex 21.9265 40 7.42481
      vertex 22.5058 0 10.3371
      vertex 21.9265 0 7.42481
    endloop
  endfacet
  facet normal -0.980785 0 -0.195093
    outer loop
      vertex -21.9265 0 7.42481
      vertex -22.5058 40 10.3371
      vertex -21.9265 40 7.42481
    endloop
  endfacet
  facet normal -0.980785 -0 -0.195093
    outer loop
      vertex -22.5058 40 10.3371
      vertex -21.9265 0 7.42481
      vertex -22.5058 0 10.3371
    endloop
  endfacet
  facet normal -0.896871 0 -0.442291
    outer loop
      vertex -19.6588 0 1.95
      vertex -20.9721 40 4.61309
      vertex -19.6588 40 1.95
    endloop
  endfacet
  facet normal -0.896871 -0 -0.442291
    outer loop
      vertex -20.9721 40 4.61309
      vertex -19.6588 0 1.95
      vertex -20.9721 0 4.61309
    endloop
  endfacet
  facet normal -0.321442 0 -0.946929
    outer loop
      vertex -8.68691 0 -7.67206
      vertex -5.87519 40 -8.62652
      vertex -5.87519 0 -8.62652
    endloop
  endfacet
  facet normal -0.321442 0 -0.946929
    outer loop
      vertex -5.87519 40 -8.62652
      vertex -8.68691 0 -7.67206
      vertex -8.68691 40 -7.67206
    endloop
  endfacet
  facet normal 0.946935 0 -0.321424
    outer loop
      vertex 21.9265 0 7.42481
      vertex 20.9721 40 4.61309
      vertex 21.9265 40 7.42481
    endloop
  endfacet
  facet normal 0.946935 0 -0.321424
    outer loop
      vertex 20.9721 40 4.61309
      vertex 21.9265 0 7.42481
      vertex 20.9721 0 4.61309
    endloop
  endfacet
  facet normal 0.0654027 0 -0.997859
    outer loop
      vertex 0 0 -9.4
      vertex 2.96294 40 -9.2058
      vertex 2.96294 0 -9.2058
    endloop
  endfacet
  facet normal 0.0654027 0 -0.997859
    outer loop
      vertex 2.96294 40 -9.2058
      vertex 0 0 -9.4
      vertex 0 40 -9.4
    endloop
  endfacet
  facet normal 0.555569 0 -0.831471
    outer loop
      vertex 11.35 0 -6.35878
      vertex 13.8189 40 -4.70912
      vertex 13.8189 0 -4.70912
    endloop
  endfacet
  facet normal 0.555569 0 -0.831471
    outer loop
      vertex 13.8189 40 -4.70912
      vertex 11.35 0 -6.35878
      vertex 11.35 40 -6.35878
    endloop
  endfacet
  facet normal 0.195089 0 -0.980785
    outer loop
      vertex 2.96294 0 -9.2058
      vertex 5.87519 40 -8.62652
      vertex 5.87519 0 -8.62652
    endloop
  endfacet
  facet normal 0.195089 0 -0.980785
    outer loop
      vertex 5.87519 40 -8.62652
      vertex 2.96294 0 -9.2058
      vertex 2.96294 40 -9.2058
    endloop
  endfacet
  facet normal -0.831463 0 -0.555581
    outer loop
      vertex -18.0091 0 -0.518884
      vertex -19.6588 40 1.95
      vertex -18.0091 40 -0.518884
    endloop
  endfacet
  facet normal -0.831463 -0 -0.555581
    outer loop
      vertex -19.6588 40 1.95
      vertex -18.0091 0 -0.518884
      vertex -19.6588 0 1.95
    endloop
  endfacet
  facet normal 0.831463 0 -0.555581
    outer loop
      vertex 19.6588 0 1.95
      vertex 18.0091 40 -0.518884
      vertex 19.6588 40 1.95
    endloop
  endfacet
  facet normal 0.831463 0 -0.555581
    outer loop
      vertex 18.0091 40 -0.518884
      vertex 19.6588 0 1.95
      vertex 18.0091 0 -0.518884
    endloop
  endfacet
  facet normal 0 1 0
    outer loop
      vertex 22.7 40 13.3
      vertex 16.5571 40 11.1202
      vertex 16.7 40 13.3
    endloop
  endfacet
  facet normal 0 1 -0
    outer loop
      vertex 22.5058 40 10.3371
      vertex 16.5571 40 11.1202
      vertex 22.7 40 13.3
    endloop
  endfacet
  facet normal 0 1 0
    outer loop
      vertex 22.5058 40 10.3371
      vertex 16.131 40 8.97772
      vertex 16.5571 40 11.1202
    endloop
  endfacet
  facet normal 0 1 -0
    outer loop
      vertex 21.9265 40 7.42481
      vertex 16.131 40 8.97772
      vertex 22.5058 40 10.3371
    endloop
  endfacet
  facet normal 0 1 0
    outer loop
      vertex 21.9265 40 7.42481
      vertex 15.4288 40 6.90919
      vertex 16.131 40 8.97772
    endloop
  endfacet
  facet normal 0 1 -0
    outer loop
      vertex 20.9721 40 4.61309
      vertex 15.4288 40 6.90919
      vertex 21.9265 40 7.42481
    endloop
  endfacet
  facet normal 0 1 0
    outer loop
      vertex 15.4288 40 6.90919
      vertex 20.9721 40 4.61309
      vertex 14.4626 40 4.95
    endloop
  endfacet
  facet normal 0 1 -0
    outer loop
      vertex 19.6588 40 1.95
      vertex 14.4626 40 4.95
      vertex 20.9721 40 4.61309
    endloop
  endfacet
  facet normal 0 1 0
    outer loop
      vertex 14.4626 40 4.95
      vertex 19.6588 40 1.95
      vertex 13.249 40 3.13368
    endloop
  endfacet
  facet normal 0 1 -0
    outer loop
      vertex 18.0091 40 -0.518884
      vertex 13.249 40 3.13368
      vertex 19.6588 40 1.95
    endloop
  endfacet
  facet normal 0 1 0
    outer loop
      vertex 13.249 40 3.13368
      vertex 18.0091 40 -0.518884
      vertex 11.8087 40 1.49132
    endloop
  endfacet
  facet normal 0 1 -0
    outer loop
      vertex 16.0513 40 -2.75132
      vertex 11.8087 40 1.49132
      vertex 18.0091 40 -0.518884
    endloop
  endfacet
  facet normal 0 1 0
    outer loop
      vertex 11.8087 40 1.49132
      vertex 16.0513 40 -2.75132
      vertex 10.1663 40 0.0509995
    endloop
  endfacet
  facet normal 0 1 -0
    outer loop
      vertex 13.8189 40 -4.70912
      vertex 10.1663 40 0.0509995
      vertex 16.0513 40 -2.75132
    endloop
  endfacet
  facet normal 0 1 0
    outer loop
      vertex 10.1663 40 0.0509995
      vertex 13.8189 40 -4.70912
      vertex 8.35 40 -1.16262
    endloop
  endfacet
  facet normal 0 1 -0
    outer loop
      vertex 11.35 40 -6.35878
      vertex 8.35 40 -1.16262
      vertex 13.8189 40 -4.70912
    endloop
  endfacet
  facet normal 0 1 0
    outer loop
      vertex 8.35 40 -1.16262
      vertex 11.35 40 -6.35878
      vertex 6.39081 40 -2.12879
    endloop
  endfacet
  facet normal 0 1 -0
    outer loop
      vertex 8.68691 40 -7.67206
      vertex 6.39081 40 -2.12879
      vertex 11.35 40 -6.35878
    endloop
  endfacet
  facet normal 0 1 0
    outer loop
      vertex 6.39081 40 -2.12879
      vertex 8.68691 40 -7.67206
      vertex 4.32228 40 -2.83096
    endloop
  endfacet
  facet normal 0 1 0
    outer loop
      vertex -16.5571 40 11.1202
      vertex -22.7 40 13.3
      vertex -16.7 40 13.3
    endloop
  endfacet
  facet normal 0 1 0
    outer loop
      vertex -16.5571 40 11.1202
      vertex -22.5058 40 10.3371
      vertex -22.7 40 13.3
    endloop
  endfacet
  facet normal 0 1 0
    outer loop
      vertex -16.131 40 8.97772
      vertex -22.5058 40 10.3371
      vertex -16.5571 40 11.1202
    endloop
  endfacet
  facet normal 0 1 0
    outer loop
      vertex -16.131 40 8.97772
      vertex -21.9265 40 7.42481
      vertex -22.5058 40 10.3371
    endloop
  endfacet
  facet normal 0 1 0
    outer loop
      vertex -15.4288 40 6.90919
      vertex -21.9265 40 7.42481
      vertex -16.131 40 8.97772
    endloop
  endfacet
  facet normal 0 1 0
    outer loop
      vertex -20.9721 40 4.61309
      vertex -15.4288 40 6.90919
      vertex -14.4626 40 4.95
    endloop
  endfacet
  facet normal 0 1 0
    outer loop
      vertex -15.4288 40 6.90919
      vertex -20.9721 40 4.61309
      vertex -21.9265 40 7.42481
    endloop
  endfacet
  facet normal 0 1 0
    outer loop
      vertex -19.6588 40 1.95
      vertex -14.4626 40 4.95
      vertex -13.249 40 3.13368
    endloop
  endfacet
  facet normal 0 1 0
    outer loop
      vertex -14.4626 40 4.95
      vertex -19.6588 40 1.95
      vertex -20.9721 40 4.61309
    endloop
  endfacet
  facet normal 0 1 0
    outer loop
      vertex -18.0091 40 -0.518884
      vertex -13.249 40 3.13368
      vertex -11.8087 40 1.49132
    endloop
  endfacet
  facet normal 0 1 0
    outer loop
      vertex -16.0513 40 -2.75132
      vertex -11.8087 40 1.49132
      vertex -10.1663 40 0.0509995
    endloop
  endfacet
  facet normal 0 1 0
    outer loop
      vertex -13.249 40 3.13368
      vertex -18.0091 40 -0.518884
      vertex -19.6588 40 1.95
    endloop
  endfacet
  facet normal 0 1 0
    outer loop
      vertex -13.8189 40 -4.70912
      vertex -10.1663 40 0.0509995
      vertex -8.35 40 -1.16262
    endloop
  endfacet
  facet normal 0 1 0
    outer loop
      vertex -11.35 40 -6.35878
      vertex -8.35 40 -1.16262
      vertex -6.39081 40 -2.12879
    endloop
  endfacet
  facet normal 0 1 0
    outer loop
      vertex -11.8087 40 1.49132
      vertex -16.0513 40 -2.75132
      vertex -18.0091 40 -0.518884
    endloop
  endfacet
  facet normal 0 1 0
    outer loop
      vertex -8.68691 40 -7.67206
      vertex -6.39081 40 -2.12879
      vertex -4.32228 40 -2.83096
    endloop
  endfacet
  facet normal 0 1 0
    outer loop
      vertex -5.87519 40 -8.62652
      vertex -4.32228 40 -2.83096
      vertex -2.17979 40 -3.25713
    endloop
  endfacet
  facet normal 0 1 0
    outer loop
      vertex -2.96294 40 -9.2058
      vertex -2.17979 40 -3.25713
      vertex 0 40 -3.4
    endloop
  endfacet
  facet normal 0 1 -0
    outer loop
      vertex 5.87519 40 -8.62652
      vertex 4.32228 40 -2.83096
      vertex 8.68691 40 -7.67206
    endloop
  endfacet
  facet normal 0 1 0
    outer loop
      vertex -10.1663 40 0.0509995
      vertex -13.8189 40 -4.70912
      vertex -16.0513 40 -2.75132
    endloop
  endfacet
  facet normal 0 1 0
    outer loop
      vertex 4.32228 40 -2.83096
      vertex 5.87519 40 -8.62652
      vertex 2.17979 40 -3.25713
    endloop
  endfacet
  facet normal 0 1 0
    outer loop
      vertex -8.35 40 -1.16262
      vertex -11.35 40 -6.35878
      vertex -13.8189 40 -4.70912
    endloop
  endfacet
  facet normal 0 1 -0
    outer loop
      vertex 2.96294 40 -9.2058
      vertex 2.17979 40 -3.25713
      vertex 5.87519 40 -8.62652
    endloop
  endfacet
  facet normal 0 1 0
    outer loop
      vertex -6.39081 40 -2.12879
      vertex -8.68691 40 -7.67206
      vertex -11.35 40 -6.35878
    endloop
  endfacet
  facet normal 0 1 0
    outer loop
      vertex 2.17979 40 -3.25713
      vertex 2.96294 40 -9.2058
      vertex 0 40 -3.4
    endloop
  endfacet
  facet normal 0 1 0
    outer loop
      vertex -4.32228 40 -2.83096
      vertex -5.87519 40 -8.62652
      vertex -8.68691 40 -7.67206
    endloop
  endfacet
  facet normal 0 1 0
    outer loop
      vertex 0 40 -9.4
      vertex 0 40 -3.4
      vertex 2.96294 40 -9.2058
    endloop
  endfacet
  facet normal 0 1 0
    outer loop
      vertex -2.17979 40 -3.25713
      vertex -2.96294 40 -9.2058
      vertex -5.87519 40 -8.62652
    endloop
  endfacet
  facet normal 0 1 0
    outer loop
      vertex 0 40 -3.4
      vertex 0 40 -9.4
      vertex -2.96294 40 -9.2058
    endloop
  endfacet
  facet normal 0.997859 0 -0.0654036
    outer loop
      vertex 22.7 0 13.3
      vertex 22.5058 40 10.3371
      vertex 22.7 40 13.3
    endloop
  endfacet
  facet normal 0.997859 0 -0.0654036
    outer loop
      vertex 22.5058 40 10.3371
      vertex 22.7 0 13.3
      vertex 22.5058 0 10.3371
    endloop
  endfacet
  facet normal 0.442286 0 -0.896874
    outer loop
      vertex 8.68691 0 -7.67206
      vertex 11.35 40 -6.35878
      vertex 11.35 0 -6.35878
    endloop
  endfacet
  facet normal 0.442286 0 -0.896874
    outer loop
      vertex 11.35 40 -6.35878
      vertex 8.68691 0 -7.67206
      vertex 8.68691 40 -7.67206
    endloop
  endfacet
  facet normal 0.321442 0 -0.946929
    outer loop
      vertex 5.87519 0 -8.62652
      vertex 8.68691 40 -7.67206
      vertex 8.68691 0 -7.67206
    endloop
  endfacet
  facet normal 0.321442 0 -0.946929
    outer loop
      vertex 8.68691 40 -7.67206
      vertex 5.87519 0 -8.62652
      vertex 5.87519 40 -8.62652
    endloop
  endfacet
  facet normal -0.997859 0 -0.0654036
    outer loop
      vertex -22.5058 0 10.3371
      vertex -22.7 40 13.3
      vertex -22.5058 40 10.3371
    endloop
  endfacet
  facet normal -0.997859 -0 -0.0654036
    outer loop
      vertex -22.7 40 13.3
      vertex -22.5058 0 10.3371
      vertex -22.7 0 13.3
    endloop
  endfacet
  facet normal -0.946935 0 -0.321424
    outer loop
      vertex -20.9721 0 4.61309
      vertex -21.9265 40 7.42481
      vertex -20.9721 40 4.61309
    endloop
  endfacet
  facet normal -0.946935 -0 -0.321424
    outer loop
      vertex -21.9265 40 7.42481
      vertex -20.9721 0 4.61309
      vertex -21.9265 0 7.42481
    endloop
  endfacet
  facet normal 0 1 0
    outer loop
      vertex -3.96578 0 10.5221
      vertex -6.70632 0 8.23075
      vertex -7 0 8.25
    endloop
  endfacet
  facet normal 0 1 0
    outer loop
      vertex -3.8637 0 8.96472
      vertex -6.41766 0 8.17333
      vertex -6.70632 0 8.23075
    endloop
  endfacet
  facet normal 0 1 0
    outer loop
      vertex -3.8637 0 8.96472
      vertex -6.13896 0 8.07873
      vertex -6.41766 0 8.17333
    endloop
  endfacet
  facet normal 0 1 0
    outer loop
      vertex -5.21495 0 7.36971
      vertex -3.69552 0 8.46927
      vertex -3.4641 0 8
    endloop
  endfacet
  facet normal 0 1 0
    outer loop
      vertex -3.8637 0 8.96472
      vertex -5.875 0 7.94856
      vertex -6.13896 0 8.07873
    endloop
  endfacet
  facet normal 0 1 0
    outer loop
      vertex -3.8637 0 8.96472
      vertex -5.63029 0 7.78504
      vertex -5.875 0 7.94856
    endloop
  endfacet
  facet normal 0 1 0
    outer loop
      vertex -3.8637 0 8.96472
      vertex -5.40901 0 7.59099
      vertex -5.63029 0 7.78504
    endloop
  endfacet
  facet normal 0 1 0
    outer loop
      vertex -4.92127 0 6.86104
      vertex -3.4641 0 8
      vertex -3.17341 0 7.56495
    endloop
  endfacet
  facet normal 0 1 0
    outer loop
      vertex -3.69552 0 8.46927
      vertex -5.21495 0 7.36971
      vertex -5.40901 0 7.59099
    endloop
  endfacet
  facet normal 0 1 0
    outer loop
      vertex -4.82667 0 6.58234
      vertex -3.17341 0 7.56495
      vertex -2.82843 0 7.17157
    endloop
  endfacet
  facet normal 0 1 0
    outer loop
      vertex -3.4641 0 8
      vertex -5.05144 0 7.125
      vertex -5.21495 0 7.36971
    endloop
  endfacet
  facet normal 0 1 0
    outer loop
      vertex -3.4641 0 8
      vertex -4.92127 0 6.86104
      vertex -5.05144 0 7.125
    endloop
  endfacet
  facet normal 0 1 0
    outer loop
      vertex -4.75 0 6
      vertex -2.82843 0 7.17157
      vertex -2.43505 0 6.82659
    endloop
  endfacet
  facet normal 0 1 0
    outer loop
      vertex -3.17341 0 7.56495
      vertex -4.82667 0 6.58234
      vertex -4.92127 0 6.86104
    endloop
  endfacet
  facet normal 0 1 0
    outer loop
      vertex -4.76925 0 5.70632
      vertex -2.43505 0 6.82659
      vertex -2 0 6.5359
    endloop
  endfacet
  facet normal 0 1 0
    outer loop
      vertex -4.92127 0 5.13896
      vertex -2 0 6.5359
      vertex -1.53073 0 6.30448
    endloop
  endfacet
  facet normal 0 1 0
    outer loop
      vertex -2.82843 0 7.17157
      vertex -4.76925 0 6.29368
      vertex -4.82667 0 6.58234
    endloop
  endfacet
  facet normal 0 1 0
    outer loop
      vertex -5.05144 0 4.875
      vertex -1.53073 0 6.30448
      vertex -1.03528 0 6.1363
    endloop
  endfacet
  facet normal 0 1 0
    outer loop
      vertex -5.21495 0 4.63029
      vertex -1.03528 0 6.1363
      vertex -0.522104 0 6.03422
    endloop
  endfacet
  facet normal 0 1 0
    outer loop
      vertex -5.63029 0 4.21495
      vertex -0.522104 0 6.03422
      vertex 0 0 6
    endloop
  endfacet
  facet normal 0 1 0
    outer loop
      vertex -2.82843 0 7.17157
      vertex -4.75 0 6
      vertex -4.76925 0 6.29368
    endloop
  endfacet
  facet normal 0 1 0
    outer loop
      vertex 6.70632 0 26.2308
      vertex 13 0 30
      vertex 7 0 26.25
    endloop
  endfacet
  facet normal 0 1 0
    outer loop
      vertex 13 0 30
      vertex 7.29368 0 26.2308
      vertex 7 0 26.25
    endloop
  endfacet
  facet normal 0 1 0
    outer loop
      vertex 13 0 30
      vertex 7.58234 0 26.1733
      vertex 7.29368 0 26.2308
    endloop
  endfacet
  facet normal 0 1 0
    outer loop
      vertex 13 0 30
      vertex 7.86104 0 26.0787
      vertex 7.58234 0 26.1733
    endloop
  endfacet
  facet normal 0 1 0
    outer loop
      vertex 13 0 30
      vertex 8.125 0 25.9486
      vertex 7.86104 0 26.0787
    endloop
  endfacet
  facet normal 0 1 0
    outer loop
      vertex 13 0 30
      vertex 8.36971 0 25.785
      vertex 8.125 0 25.9486
    endloop
  endfacet
  facet normal 0 1 0
    outer loop
      vertex 13 0 30
      vertex 8.59099 0 25.591
      vertex 8.36971 0 25.785
    endloop
  endfacet
  facet normal 0 1 0
    outer loop
      vertex 13 0 30
      vertex 8.78504 0 25.3697
      vertex 8.59099 0 25.591
    endloop
  endfacet
  facet normal 0 1 0
    outer loop
      vertex 13 0 30
      vertex 8.94856 0 25.125
      vertex 8.78504 0 25.3697
    endloop
  endfacet
  facet normal 0 1 0
    outer loop
      vertex 13 0 30
      vertex 9.07873 0 24.861
      vertex 8.94856 0 25.125
    endloop
  endfacet
  facet normal 0 1 0
    outer loop
      vertex 13 0 30
      vertex 9.17333 0 24.5823
      vertex 9.07873 0 24.861
    endloop
  endfacet
  facet normal 0 1 0
    outer loop
      vertex 13 0 30
      vertex 9.23075 0 24.2937
      vertex 9.17333 0 24.5823
    endloop
  endfacet
  facet normal 0 1 0
    outer loop
      vertex 13 0 30
      vertex 9.25 0 24
      vertex 9.23075 0 24.2937
    endloop
  endfacet
  facet normal 0 1 0
    outer loop
      vertex 13 0 30
      vertex 9.23075 0 23.7063
      vertex 9.25 0 24
    endloop
  endfacet
  facet normal 0 1 0
    outer loop
      vertex 13 0 30
      vertex 9.17333 0 23.4177
      vertex 9.23075 0 23.7063
    endloop
  endfacet
  facet normal 0 1 0
    outer loop
      vertex 13 0 30
      vertex 9.07873 0 23.139
      vertex 9.17333 0 23.4177
    endloop
  endfacet
  facet normal 0 1 -0
    outer loop
      vertex 13 0 2.84975
      vertex 9.07873 0 23.139
      vertex 13 0 30
    endloop
  endfacet
  facet normal 0 1 0
    outer loop
      vertex 3.17341 0 12.435
      vertex 7 0 21.75
      vertex 7.29368 0 21.7692
    endloop
  endfacet
  facet normal 0 1 0
    outer loop
      vertex 3.4641 0 12
      vertex 7.29368 0 21.7692
      vertex 7.58234 0 21.8267
    endloop
  endfacet
  facet normal 0 1 0
    outer loop
      vertex 3.4641 0 12
      vertex 7.58234 0 21.8267
      vertex 7.86104 0 21.9213
    endloop
  endfacet
  facet normal 0 1 0
    outer loop
      vertex 3.69552 0 11.5307
      vertex 7.86104 0 21.9213
      vertex 8.125 0 22.0514
    endloop
  endfacet
  facet normal 0 1 0
    outer loop
      vertex 3.8637 0 11.0353
      vertex 8.125 0 22.0514
      vertex 8.36971 0 22.215
    endloop
  endfacet
  facet normal 0 1 0
    outer loop
      vertex 13 0 2.84975
      vertex 8.36971 0 22.215
      vertex 8.59099 0 22.409
    endloop
  endfacet
  facet normal 0 1 0
    outer loop
      vertex 7 0 21.75
      vertex 0.522104 0 13.9658
      vertex 0 0 14
    endloop
  endfacet
  facet normal 0 1 0
    outer loop
      vertex 7 0 21.75
      vertex 1.03528 0 13.8637
      vertex 0.522104 0 13.9658
    endloop
  endfacet
  facet normal 0 1 0
    outer loop
      vertex 7 0 21.75
      vertex 1.53073 0 13.6955
      vertex 1.03528 0 13.8637
    endloop
  endfacet
  facet normal 0 1 0
    outer loop
      vertex 13 0 2.84975
      vertex 8.59099 0 22.409
      vertex 8.78504 0 22.6303
    endloop
  endfacet
  facet normal 0 1 0
    outer loop
      vertex 7 0 21.75
      vertex 2 0 13.4641
      vertex 1.53073 0 13.6955
    endloop
  endfacet
  facet normal 0 1 0
    outer loop
      vertex 7 0 21.75
      vertex 2.43505 0 13.1734
      vertex 2 0 13.4641
    endloop
  endfacet
  facet normal 0 1 0
    outer loop
      vertex 7 0 21.75
      vertex 2.82843 0 12.8284
      vertex 2.43505 0 13.1734
    endloop
  endfacet
  facet normal 0 1 0
    outer loop
      vertex 13 0 2.84975
      vertex 8.78504 0 22.6303
      vertex 8.94856 0 22.875
    endloop
  endfacet
  facet normal 0 1 0
    outer loop
      vertex 7 0 21.75
      vertex 3.17341 0 12.435
      vertex 2.82843 0 12.8284
    endloop
  endfacet
  facet normal 0 1 0
    outer loop
      vertex 9.07873 0 23.139
      vertex 13 0 2.84975
      vertex 8.94856 0 22.875
    endloop
  endfacet
  facet normal 0 1 0
    outer loop
      vertex 7.29368 0 21.7692
      vertex 3.4641 0 12
      vertex 3.17341 0 12.435
    endloop
  endfacet
  facet normal 0 1 0
    outer loop
      vertex 7.86104 0 21.9213
      vertex 3.69552 0 11.5307
      vertex 3.4641 0 12
    endloop
  endfacet
  facet normal 0 1 0
    outer loop
      vertex 8.36971 0 22.215
      vertex 13 0 2.84975
      vertex 3.8637 0 11.0353
    endloop
  endfacet
  facet normal 0 1 0
    outer loop
      vertex 8.125 0 22.0514
      vertex 3.8637 0 11.0353
      vertex 3.69552 0 11.5307
    endloop
  endfacet
  facet normal 0 1 0
    outer loop
      vertex 3.8637 0 11.0353
      vertex 13 0 2.84975
      vertex 3.96578 0 10.5221
    endloop
  endfacet
  facet normal 0 1 0
    outer loop
      vertex 3.96578 0 10.5221
      vertex 13 0 2.84975
      vertex 4 0 10
    endloop
  endfacet
  facet normal 0 1 0
    outer loop
      vertex 4 0 10
      vertex 13 0 2.84975
      vertex 3.96578 0 9.47789
    endloop
  endfacet
  facet normal 0 1 0
    outer loop
      vertex 3.96578 0 9.47789
      vertex 13 0 2.84975
      vertex 3.8637 0 8.96472
    endloop
  endfacet
  facet normal 0 1 0
    outer loop
      vertex -2.43505 0 6.82659
      vertex -4.76925 0 5.70632
      vertex -4.75 0 6
    endloop
  endfacet
  facet normal 0 1 0
    outer loop
      vertex -2 0 6.5359
      vertex -4.82667 0 5.41766
      vertex -4.76925 0 5.70632
    endloop
  endfacet
  facet normal 0 1 0
    outer loop
      vertex 10.09 0 0
      vertex 0 0 6
      vertex 0.522104 0 6.03422
    endloop
  endfacet
  facet normal 0 1 0
    outer loop
      vertex -2 0 6.5359
      vertex -4.92127 0 5.13896
      vertex -4.82667 0 5.41766
    endloop
  endfacet
  facet normal 0 1 0
    outer loop
      vertex -1.53073 0 6.30448
      vertex -5.05144 0 4.875
      vertex -4.92127 0 5.13896
    endloop
  endfacet
  facet normal 0 1 0
    outer loop
      vertex 10.09 0 0
      vertex 0.522104 0 6.03422
      vertex 1.03528 0 6.1363
    endloop
  endfacet
  facet normal 0 1 0
    outer loop
      vertex -1.03528 0 6.1363
      vertex -5.21495 0 4.63029
      vertex -5.05144 0 4.875
    endloop
  endfacet
  facet normal 0 1 0
    outer loop
      vertex -0.522104 0 6.03422
      vertex -5.40901 0 4.40901
      vertex -5.21495 0 4.63029
    endloop
  endfacet
  facet normal 0 1 0
    outer loop
      vertex -0.522104 0 6.03422
      vertex -5.63029 0 4.21495
      vertex -5.40901 0 4.40901
    endloop
  endfacet
  facet normal 0 1 0
    outer loop
      vertex 0 0 6
      vertex 10.09 0 0
      vertex -5.63029 0 4.21495
    endloop
  endfacet
  facet normal 0 1 0
    outer loop
      vertex -5.63029 0 4.21495
      vertex 10.09 0 0
      vertex -5.875 0 4.05144
    endloop
  endfacet
  facet normal 0 1 0
    outer loop
      vertex -10.09 0 0
      vertex -5.875 0 4.05144
      vertex 10.09 0 0
    endloop
  endfacet
  facet normal 0 1 0
    outer loop
      vertex -5.875 0 4.05144
      vertex -10.09 0 0
      vertex -6.13896 0 3.92127
    endloop
  endfacet
  facet normal 0 1 0
    outer loop
      vertex 1.53073 0 6.30448
      vertex 10.09 0 0
      vertex 1.03528 0 6.1363
    endloop
  endfacet
  facet normal 0 1 0
    outer loop
      vertex 2 0 6.5359
      vertex 10.09 0 0
      vertex 1.53073 0 6.30448
    endloop
  endfacet
  facet normal 0 1 0
    outer loop
      vertex 2.43505 0 6.82659
      vertex 10.09 0 0
      vertex 2 0 6.5359
    endloop
  endfacet
  facet normal 0 1 0
    outer loop
      vertex 2.82843 0 7.17157
      vertex 10.09 0 0
      vertex 2.43505 0 6.82659
    endloop
  endfacet
  facet normal 0 1 0
    outer loop
      vertex 3.17341 0 7.56495
      vertex 10.09 0 0
      vertex 2.82843 0 7.17157
    endloop
  endfacet
  facet normal 0 1 -0
    outer loop
      vertex 10.09 0 0
      vertex 3.17341 0 7.56495
      vertex 11.8087 0 1.49132
    endloop
  endfacet
  facet normal 0 1 0
    outer loop
      vertex 3.4641 0 8
      vertex 11.8087 0 1.49132
      vertex 3.17341 0 7.56495
    endloop
  endfacet
  facet normal 0 1 -0
    outer loop
      vertex 11.8087 0 1.49132
      vertex 3.4641 0 8
      vertex 13 0 2.84975
    endloop
  endfacet
  facet normal 0 1 0
    outer loop
      vertex 3.69552 0 8.46927
      vertex 13 0 2.84975
      vertex 3.4641 0 8
    endloop
  endfacet
  facet normal 0 1 0
    outer loop
      vertex 3.8637 0 8.96472
      vertex 13 0 2.84975
      vertex 3.69552 0 8.46927
    endloop
  endfacet
  facet normal 0 1 0
    outer loop
      vertex 6.41766 0 26.1733
      vertex 13 0 30
      vertex 6.70632 0 26.2308
    endloop
  endfacet
  facet normal 0 1 0
    outer loop
      vertex 13 0 30
      vertex 6.41766 0 26.1733
      vertex -13 0 30
    endloop
  endfacet
  facet normal 0 1 -0
    outer loop
      vertex 6.13896 0 26.0787
      vertex -13 0 30
      vertex 6.41766 0 26.1733
    endloop
  endfacet
  facet normal 0 1 -0
    outer loop
      vertex 5.875 0 25.9486
      vertex -13 0 30
      vertex 6.13896 0 26.0787
    endloop
  endfacet
  facet normal 0 1 -0
    outer loop
      vertex 5.63029 0 25.785
      vertex -13 0 30
      vertex 5.875 0 25.9486
    endloop
  endfacet
  facet normal 0 1 -0
    outer loop
      vertex 5.40901 0 25.591
      vertex -13 0 30
      vertex 5.63029 0 25.785
    endloop
  endfacet
  facet normal 0 1 -0
    outer loop
      vertex 5.21495 0 25.3697
      vertex -13 0 30
      vertex 5.40901 0 25.591
    endloop
  endfacet
  facet normal 0 1 -0
    outer loop
      vertex 5.05144 0 25.125
      vertex -13 0 30
      vertex 5.21495 0 25.3697
    endloop
  endfacet
  facet normal 0 1 -0
    outer loop
      vertex 4.92127 0 24.861
      vertex -13 0 30
      vertex 5.05144 0 25.125
    endloop
  endfacet
  facet normal 0 1 -0
    outer loop
      vertex 4.82667 0 24.5823
      vertex -13 0 30
      vertex 4.92127 0 24.861
    endloop
  endfacet
  facet normal 0 1 -0
    outer loop
      vertex 4.76925 0 24.2937
      vertex -13 0 30
      vertex 4.82667 0 24.5823
    endloop
  endfacet
  facet normal 0 1 -0
    outer loop
      vertex 4.75 0 24
      vertex -13 0 30
      vertex 4.76925 0 24.2937
    endloop
  endfacet
  facet normal 0 1 0
    outer loop
      vertex 4.76925 0 23.7063
      vertex -13 0 30
      vertex 4.75 0 24
    endloop
  endfacet
  facet normal 0 1 0
    outer loop
      vertex -1.03528 0 13.8637
      vertex 4.76925 0 23.7063
      vertex 4.82667 0 23.4177
    endloop
  endfacet
  facet normal 0 1 0
    outer loop
      vertex -0.522104 0 13.9658
      vertex 4.82667 0 23.4177
      vertex 4.92127 0 23.139
    endloop
  endfacet
  facet normal 0 1 0
    outer loop
      vertex -0.522104 0 13.9658
      vertex 4.92127 0 23.139
      vertex 5.05144 0 22.875
    endloop
  endfacet
  facet normal 0 1 0
    outer loop
      vertex 0 0 14
      vertex 5.05144 0 22.875
      vertex 5.21495 0 22.6303
    endloop
  endfacet
  facet normal 0 1 0
    outer loop
      vertex 0 0 14
      vertex 5.21495 0 22.6303
      vertex 5.40901 0 22.409
    endloop
  endfacet
  facet normal 0 1 0
    outer loop
      vertex 0 0 14
      vertex 5.40901 0 22.409
      vertex 5.63029 0 22.215
    endloop
  endfacet
  facet normal 0 1 0
    outer loop
      vertex 0 0 14
      vertex 5.63029 0 22.215
      vertex 5.875 0 22.0514
    endloop
  endfacet
  facet normal 0 1 0
    outer loop
      vertex 0 0 14
      vertex 5.875 0 22.0514
      vertex 6.13896 0 21.9213
    endloop
  endfacet
  facet normal 0 1 0
    outer loop
      vertex 0 0 14
      vertex 6.70632 0 21.7692
      vertex 7 0 21.75
    endloop
  endfacet
  facet normal 0 1 0
    outer loop
      vertex 0 0 14
      vertex 6.41766 0 21.8267
      vertex 6.70632 0 21.7692
    endloop
  endfacet
  facet normal 0 1 0
    outer loop
      vertex 0 0 14
      vertex 6.13896 0 21.9213
      vertex 6.41766 0 21.8267
    endloop
  endfacet
  facet normal 0 1 0
    outer loop
      vertex 5.05144 0 22.875
      vertex 0 0 14
      vertex -0.522104 0 13.9658
    endloop
  endfacet
  facet normal 0 1 0
    outer loop
      vertex 4.82667 0 23.4177
      vertex -0.522104 0 13.9658
      vertex -1.03528 0 13.8637
    endloop
  endfacet
  facet normal 0 1 0
    outer loop
      vertex 4.76925 0 23.7063
      vertex -1.03528 0 13.8637
      vertex -1.53073 0 13.6955
    endloop
  endfacet
  facet normal 0 1 0
    outer loop
      vertex 4.76925 0 23.7063
      vertex -1.53073 0 13.6955
      vertex -13 0 30
    endloop
  endfacet
  facet normal 0 1 -0
    outer loop
      vertex -2 0 13.4641
      vertex -13 0 30
      vertex -1.53073 0 13.6955
    endloop
  endfacet
  facet normal 0 1 -0
    outer loop
      vertex -2.43505 0 13.1734
      vertex -13 0 30
      vertex -2 0 13.4641
    endloop
  endfacet
  facet normal 0 1 -0
    outer loop
      vertex -2.82843 0 12.8284
      vertex -13 0 30
      vertex -2.43505 0 13.1734
    endloop
  endfacet
  facet normal 0 1 -0
    outer loop
      vertex -3.17341 0 12.435
      vertex -13 0 30
      vertex -2.82843 0 12.8284
    endloop
  endfacet
  facet normal 0 1 -0
    outer loop
      vertex -3.4641 0 12
      vertex -13 0 30
      vertex -3.17341 0 12.435
    endloop
  endfacet
  facet normal 0 1 0
    outer loop
      vertex -7.86104 0 8.07873
      vertex -3.4641 0 12
      vertex -3.69552 0 11.5307
    endloop
  endfacet
  facet normal 0 1 0
    outer loop
      vertex -7.29368 0 8.23075
      vertex -3.69552 0 11.5307
      vertex -3.8637 0 11.0353
    endloop
  endfacet
  facet normal 0 1 0
    outer loop
      vertex -7 0 8.25
      vertex -3.8637 0 11.0353
      vertex -3.96578 0 10.5221
    endloop
  endfacet
  facet normal 0 1 0
    outer loop
      vertex -6.70632 0 8.23075
      vertex -3.96578 0 10.5221
      vertex -4 0 10
    endloop
  endfacet
  facet normal 0 1 0
    outer loop
      vertex -6.70632 0 8.23075
      vertex -4 0 10
      vertex -3.96578 0 9.47789
    endloop
  endfacet
  facet normal 0 1 0
    outer loop
      vertex -6.70632 0 8.23075
      vertex -3.96578 0 9.47789
      vertex -3.8637 0 8.96472
    endloop
  endfacet
  facet normal 0 1 0
    outer loop
      vertex -5.40901 0 7.59099
      vertex -3.8637 0 8.96472
      vertex -3.69552 0 8.46927
    endloop
  endfacet
  facet normal 0 1 0
    outer loop
      vertex -3.8637 0 11.0353
      vertex -7 0 8.25
      vertex -7.29368 0 8.23075
    endloop
  endfacet
  facet normal 0 1 0
    outer loop
      vertex -3.69552 0 11.5307
      vertex -7.29368 0 8.23075
      vertex -7.58234 0 8.17333
    endloop
  endfacet
  facet normal 0 1 0
    outer loop
      vertex -3.69552 0 11.5307
      vertex -7.58234 0 8.17333
      vertex -7.86104 0 8.07873
    endloop
  endfacet
  facet normal 0 1 0
    outer loop
      vertex -3.4641 0 12
      vertex -7.86104 0 8.07873
      vertex -13 0 30
    endloop
  endfacet
  facet normal 0 1 -0
    outer loop
      vertex -8.125 0 7.94856
      vertex -13 0 30
      vertex -7.86104 0 8.07873
    endloop
  endfacet
  facet normal 0 1 -0
    outer loop
      vertex -8.36971 0 7.78504
      vertex -13 0 30
      vertex -8.125 0 7.94856
    endloop
  endfacet
  facet normal 0 1 -0
    outer loop
      vertex -8.59099 0 7.59099
      vertex -13 0 30
      vertex -8.36971 0 7.78504
    endloop
  endfacet
  facet normal 0 1 -0
    outer loop
      vertex -8.78504 0 7.36971
      vertex -13 0 30
      vertex -8.59099 0 7.59099
    endloop
  endfacet
  facet normal 0 1 -0
    outer loop
      vertex -8.94856 0 7.125
      vertex -13 0 30
      vertex -8.78504 0 7.36971
    endloop
  endfacet
  facet normal 0 1 0
    outer loop
      vertex -13 0 2.84975
      vertex -8.94856 0 7.125
      vertex -9.07873 0 6.86104
    endloop
  endfacet
  facet normal 0 1 0
    outer loop
      vertex -13 0 2.84975
      vertex -9.07873 0 6.86104
      vertex -9.17333 0 6.58234
    endloop
  endfacet
  facet normal 0 1 0
    outer loop
      vertex -13 0 2.84975
      vertex -9.17333 0 6.58234
      vertex -9.23075 0 6.29368
    endloop
  endfacet
  facet normal 0 1 0
    outer loop
      vertex -13 0 2.84975
      vertex -9.23075 0 6.29368
      vertex -9.25 0 6
    endloop
  endfacet
  facet normal 0 1 0
    outer loop
      vertex -13 0 2.84975
      vertex -9.25 0 6
      vertex -9.23075 0 5.70632
    endloop
  endfacet
  facet normal 0 1 0
    outer loop
      vertex -8.94856 0 7.125
      vertex -13 0 2.84975
      vertex -13 0 30
    endloop
  endfacet
  facet normal 0 1 0
    outer loop
      vertex -9.17333 0 5.41766
      vertex -13 0 2.84975
      vertex -9.23075 0 5.70632
    endloop
  endfacet
  facet normal 0 1 0
    outer loop
      vertex -9.07873 0 5.13896
      vertex -13 0 2.84975
      vertex -9.17333 0 5.41766
    endloop
  endfacet
  facet normal 0 1 0
    outer loop
      vertex -8.94856 0 4.875
      vertex -13 0 2.84975
      vertex -9.07873 0 5.13896
    endloop
  endfacet
  facet normal 0 1 0
    outer loop
      vertex -11.8087 0 1.49132
      vertex -8.94856 0 4.875
      vertex -8.78504 0 4.63029
    endloop
  endfacet
  facet normal 0 1 0
    outer loop
      vertex -11.8087 0 1.49132
      vertex -8.78504 0 4.63029
      vertex -8.59099 0 4.40901
    endloop
  endfacet
  facet normal 0 1 0
    outer loop
      vertex -11.8087 0 1.49132
      vertex -8.59099 0 4.40901
      vertex -8.36971 0 4.21495
    endloop
  endfacet
  facet normal 0 1 0
    outer loop
      vertex -10.1663 0 0.0509995
      vertex -8.36971 0 4.21495
      vertex -8.125 0 4.05144
    endloop
  endfacet
  facet normal 0 1 0
    outer loop
      vertex -10.1663 0 0.0509995
      vertex -8.125 0 4.05144
      vertex -7.86104 0 3.92127
    endloop
  endfacet
  facet normal 0 1 0
    outer loop
      vertex -10.09 0 0
      vertex -7.86104 0 3.92127
      vertex -7.58234 0 3.82667
    endloop
  endfacet
  facet normal 0 1 0
    outer loop
      vertex -10.09 0 0
      vertex -7.58234 0 3.82667
      vertex -7.29368 0 3.76925
    endloop
  endfacet
  facet normal 0 1 0
    outer loop
      vertex -10.09 0 0
      vertex -7.29368 0 3.76925
      vertex -7 0 3.75
    endloop
  endfacet
  facet normal 0 1 0
    outer loop
      vertex -6.13896 0 3.92127
      vertex -10.09 0 0
      vertex -6.41766 0 3.82667
    endloop
  endfacet
  facet normal 0 1 0
    outer loop
      vertex -6.41766 0 3.82667
      vertex -10.09 0 0
      vertex -6.70632 0 3.76925
    endloop
  endfacet
  facet normal 0 1 0
    outer loop
      vertex -6.70632 0 3.76925
      vertex -10.09 0 0
      vertex -7 0 3.75
    endloop
  endfacet
  facet normal 0 1 0
    outer loop
      vertex 10.09 0 0
      vertex 11.8087 0 1.49132
      vertex 10.1663 0 0.0509995
    endloop
  endfacet
  facet normal 0 1 0
    outer loop
      vertex -7.86104 0 3.92127
      vertex -10.09 0 0
      vertex -10.1663 0 0.0509995
    endloop
  endfacet
  facet normal 0 1 0
    outer loop
      vertex -8.94856 0 4.875
      vertex -11.8087 0 1.49132
      vertex -13 0 2.84975
    endloop
  endfacet
  facet normal 0 1 0
    outer loop
      vertex -8.36971 0 4.21495
      vertex -10.1663 0 0.0509995
      vertex -11.8087 0 1.49132
    endloop
  endfacet
  facet normal 0 -1 0
    outer loop
      vertex -22.7 0 13.3
      vertex -16.5571 0 11.1202
      vertex -16.7 0 13.3
    endloop
  endfacet
  facet normal 0 -1 0
    outer loop
      vertex -22.5058 0 10.3371
      vertex -16.5571 0 11.1202
      vertex -22.7 0 13.3
    endloop
  endfacet
  facet normal 0 -1 0
    outer loop
      vertex -22.5058 0 10.3371
      vertex -16.131 0 8.97772
      vertex -16.5571 0 11.1202
    endloop
  endfacet
  facet normal 0 -1 0
    outer loop
      vertex -21.9265 0 7.42481
      vertex -16.131 0 8.97772
      vertex -22.5058 0 10.3371
    endloop
  endfacet
  facet normal 0 -1 0
    outer loop
      vertex -21.9265 0 7.42481
      vertex -15.4288 0 6.90919
      vertex -16.131 0 8.97772
    endloop
  endfacet
  facet normal 0 -1 0
    outer loop
      vertex -20.9721 0 4.61309
      vertex -15.4288 0 6.90919
      vertex -21.9265 0 7.42481
    endloop
  endfacet
  facet normal 0 -1 -0
    outer loop
      vertex -15.4288 0 6.90919
      vertex -20.9721 0 4.61309
      vertex -14.4626 0 4.95
    endloop
  endfacet
  facet normal 0 -1 0
    outer loop
      vertex -19.6588 0 1.95
      vertex -14.4626 0 4.95
      vertex -20.9721 0 4.61309
    endloop
  endfacet
  facet normal 0 -1 -0
    outer loop
      vertex -14.4626 0 4.95
      vertex -19.6588 0 1.95
      vertex -13.249 0 3.13368
    endloop
  endfacet
  facet normal 0 -1 0
    outer loop
      vertex -18.0091 0 -0.518884
      vertex -13.249 0 3.13368
      vertex -19.6588 0 1.95
    endloop
  endfacet
  facet normal -0 -1 0
    outer loop
      vertex -13 0 0
      vertex -13.249 0 3.13368
      vertex -18.0091 0 -0.518884
    endloop
  endfacet
  facet normal 0 -1 0
    outer loop
      vertex -13.249 0 3.13368
      vertex -13 0 0
      vertex -13 0 2.84975
    endloop
  endfacet
  facet normal 0 -1 0
    outer loop
      vertex -16.0513 0 -2.75132
      vertex -13 0 0
      vertex -18.0091 0 -0.518884
    endloop
  endfacet
  facet normal 0 -1 0
    outer loop
      vertex -13.8189 0 -4.70912
      vertex -13 0 0
      vertex -16.0513 0 -2.75132
    endloop
  endfacet
  facet normal 0 -1 -0
    outer loop
      vertex -13 0 0
      vertex -13.8189 0 -4.70912
      vertex -10.09 0 0
    endloop
  endfacet
  facet normal 0 -1 0
    outer loop
      vertex -11.35 0 -6.35878
      vertex -10.09 0 0
      vertex -13.8189 0 -4.70912
    endloop
  endfacet
  facet normal 0 -1 -0
    outer loop
      vertex -10.09 0 0
      vertex -11.35 0 -6.35878
      vertex -8.35 0 -1.16262
    endloop
  endfacet
  facet normal 0 -1 -0
    outer loop
      vertex -8.35 0 -1.16262
      vertex -11.35 0 -6.35878
      vertex -6.39081 0 -2.12879
    endloop
  endfacet
  facet normal 0 -1 0
    outer loop
      vertex -8.68691 0 -7.67206
      vertex -6.39081 0 -2.12879
      vertex -11.35 0 -6.35878
    endloop
  endfacet
  facet normal 0 -1 -0
    outer loop
      vertex -6.39081 0 -2.12879
      vertex -8.68691 0 -7.67206
      vertex -4.32228 0 -2.83096
    endloop
  endfacet
  facet normal 0 -1 0
    outer loop
      vertex 13.8189 0 -4.70912
      vertex 13 0 0
      vertex 10.09 0 0
    endloop
  endfacet
  facet normal 0 -1 0
    outer loop
      vertex 11.35 0 -6.35878
      vertex 10.09 0 0
      vertex 8.35 0 -1.16262
    endloop
  endfacet
  facet normal 0 -1 0
    outer loop
      vertex 11.35 0 -6.35878
      vertex 8.35 0 -1.16262
      vertex 6.39081 0 -2.12879
    endloop
  endfacet
  facet normal 0 -1 0
    outer loop
      vertex 13 0 0
      vertex 16.0513 0 -2.75132
      vertex 18.0091 0 -0.518884
    endloop
  endfacet
  facet normal 0 -1 0
    outer loop
      vertex 8.68691 0 -7.67206
      vertex 6.39081 0 -2.12879
      vertex 4.32228 0 -2.83096
    endloop
  endfacet
  facet normal 0 -1 0
    outer loop
      vertex 5.87519 0 -8.62652
      vertex 4.32228 0 -2.83096
      vertex 2.17979 0 -3.25713
    endloop
  endfacet
  facet normal 0 -1 0
    outer loop
      vertex 2.96294 0 -9.2058
      vertex 2.17979 0 -3.25713
      vertex 0 0 -3.4
    endloop
  endfacet
  facet normal 0 -1 0
    outer loop
      vertex -5.87519 0 -8.62652
      vertex -4.32228 0 -2.83096
      vertex -8.68691 0 -7.67206
    endloop
  endfacet
  facet normal 0 -1 0
    outer loop
      vertex 13 0 0
      vertex 13.8189 0 -4.70912
      vertex 16.0513 0 -2.75132
    endloop
  endfacet
  facet normal 0 -1 -0
    outer loop
      vertex -4.32228 0 -2.83096
      vertex -5.87519 0 -8.62652
      vertex -2.17979 0 -3.25713
    endloop
  endfacet
  facet normal 0 -1 0
    outer loop
      vertex 10.09 0 0
      vertex 11.35 0 -6.35878
      vertex 13.8189 0 -4.70912
    endloop
  endfacet
  facet normal 0 -1 0
    outer loop
      vertex -2.96294 0 -9.2058
      vertex -2.17979 0 -3.25713
      vertex -5.87519 0 -8.62652
    endloop
  endfacet
  facet normal 0 -1 0
    outer loop
      vertex 6.39081 0 -2.12879
      vertex 8.68691 0 -7.67206
      vertex 11.35 0 -6.35878
    endloop
  endfacet
  facet normal 0 -1 -0
    outer loop
      vertex -2.17979 0 -3.25713
      vertex -2.96294 0 -9.2058
      vertex 0 0 -3.4
    endloop
  endfacet
  facet normal 0 -1 0
    outer loop
      vertex 4.32228 0 -2.83096
      vertex 5.87519 0 -8.62652
      vertex 8.68691 0 -7.67206
    endloop
  endfacet
  facet normal 0 -1 0
    outer loop
      vertex 0 0 -9.4
      vertex 0 0 -3.4
      vertex -2.96294 0 -9.2058
    endloop
  endfacet
  facet normal 0 -1 0
    outer loop
      vertex 2.17979 0 -3.25713
      vertex 2.96294 0 -9.2058
      vertex 5.87519 0 -8.62652
    endloop
  endfacet
  facet normal 0 -1 0
    outer loop
      vertex 0 0 -3.4
      vertex 0 0 -9.4
      vertex 2.96294 0 -9.2058
    endloop
  endfacet
  facet normal 0 -1 0
    outer loop
      vertex 16.5571 0 11.1202
      vertex 22.7 0 13.3
      vertex 16.7 0 13.3
    endloop
  endfacet
  facet normal 0 -1 0
    outer loop
      vertex 16.5571 0 11.1202
      vertex 22.5058 0 10.3371
      vertex 22.7 0 13.3
    endloop
  endfacet
  facet normal 0 -1 0
    outer loop
      vertex 16.131 0 8.97772
      vertex 22.5058 0 10.3371
      vertex 16.5571 0 11.1202
    endloop
  endfacet
  facet normal 0 -1 0
    outer loop
      vertex 16.131 0 8.97772
      vertex 21.9265 0 7.42481
      vertex 22.5058 0 10.3371
    endloop
  endfacet
  facet normal 0 -1 0
    outer loop
      vertex 15.4288 0 6.90919
      vertex 21.9265 0 7.42481
      vertex 16.131 0 8.97772
    endloop
  endfacet
  facet normal 0 -1 0
    outer loop
      vertex 20.9721 0 4.61309
      vertex 15.4288 0 6.90919
      vertex 14.4626 0 4.95
    endloop
  endfacet
  facet normal 0 -1 0
    outer loop
      vertex 15.4288 0 6.90919
      vertex 20.9721 0 4.61309
      vertex 21.9265 0 7.42481
    endloop
  endfacet
  facet normal 0 -1 0
    outer loop
      vertex 19.6588 0 1.95
      vertex 14.4626 0 4.95
      vertex 13.249 0 3.13368
    endloop
  endfacet
  facet normal 0 -1 0
    outer loop
      vertex 13 0 0
      vertex 13.249 0 3.13368
      vertex 13 0 2.84975
    endloop
  endfacet
  facet normal 0 -1 0
    outer loop
      vertex 14.4626 0 4.95
      vertex 19.6588 0 1.95
      vertex 20.9721 0 4.61309
    endloop
  endfacet
  facet normal 0 -1 -0
    outer loop
      vertex 13.249 0 3.13368
      vertex 13 0 0
      vertex 18.0091 0 -0.518884
    endloop
  endfacet
  facet normal 0 -1 0
    outer loop
      vertex 13.249 0 3.13368
      vertex 18.0091 0 -0.518884
      vertex 19.6588 0 1.95
    endloop
  endfacet
  facet normal -0.195089 0 -0.980785
    outer loop
      vertex -5.87519 0 -8.62652
      vertex -2.96294 40 -9.2058
      vertex -2.96294 0 -9.2058
    endloop
  endfacet
  facet normal -0.195089 0 -0.980785
    outer loop
      vertex -2.96294 40 -9.2058
      vertex -5.87519 0 -8.62652
      vertex -5.87519 40 -8.62652
    endloop
  endfacet
  facet normal 0.659353 0 -0.751834
    outer loop
      vertex 13.8189 0 -4.70912
      vertex 16.0513 40 -2.75132
      vertex 16.0513 0 -2.75132
    endloop
  endfacet
  facet normal 0.659353 0 -0.751834
    outer loop
      vertex 16.0513 40 -2.75132
      vertex 13.8189 0 -4.70912
      vertex 13.8189 40 -4.70912
    endloop
  endfacet
  facet normal 0.751839 0 -0.659347
    outer loop
      vertex 18.0091 0 -0.518884
      vertex 16.0513 40 -2.75132
      vertex 18.0091 40 -0.518884
    endloop
  endfacet
  facet normal 0.751839 0 -0.659347
    outer loop
      vertex 16.0513 40 -2.75132
      vertex 18.0091 0 -0.518884
      vertex 16.0513 0 -2.75132
    endloop
  endfacet
  facet normal -0.442286 0 -0.896874
    outer loop
      vertex -11.35 0 -6.35878
      vertex -8.68691 40 -7.67206
      vertex -8.68691 0 -7.67206
    endloop
  endfacet
  facet normal -0.442286 0 -0.896874
    outer loop
      vertex -8.68691 40 -7.67206
      vertex -11.35 0 -6.35878
      vertex -11.35 40 -6.35878
    endloop
  endfacet
  facet normal -0.751839 0 -0.659347
    outer loop
      vertex -16.0513 0 -2.75132
      vertex -18.0091 40 -0.518884
      vertex -16.0513 40 -2.75132
    endloop
  endfacet
  facet normal -0.751839 -0 -0.659347
    outer loop
      vertex -18.0091 40 -0.518884
      vertex -16.0513 0 -2.75132
      vertex -18.0091 0 -0.518884
    endloop
  endfacet
  facet normal -0.0654027 0 -0.997859
    outer loop
      vertex -2.96294 0 -9.2058
      vertex 0 40 -9.4
      vertex 0 0 -9.4
    endloop
  endfacet
  facet normal -0.0654027 0 -0.997859
    outer loop
      vertex 0 40 -9.4
      vertex -2.96294 0 -9.2058
      vertex -2.96294 40 -9.2058
    endloop
  endfacet
  facet normal -0.659353 0 -0.751834
    outer loop
      vertex -16.0513 0 -2.75132
      vertex -13.8189 40 -4.70912
      vertex -13.8189 0 -4.70912
    endloop
  endfacet
  facet normal -0.659353 0 -0.751834
    outer loop
      vertex -13.8189 40 -4.70912
      vertex -16.0513 0 -2.75132
      vertex -16.0513 40 -2.75132
    endloop
  endfacet
  facet normal -0.555569 0 -0.831471
    outer loop
      vertex -13.8189 0 -4.70912
      vertex -11.35 40 -6.35878
      vertex -11.35 0 -6.35878
    endloop
  endfacet
  facet normal -0.555569 0 -0.831471
    outer loop
      vertex -11.35 40 -6.35878
      vertex -13.8189 0 -4.70912
      vertex -13.8189 40 -4.70912
    endloop
  endfacet
  facet normal -0.0654027 0 0.997859
    outer loop
      vertex 0 40 -3.4
      vertex 2.17979 0 -3.25713
      vertex 2.17979 40 -3.25713
    endloop
  endfacet
  facet normal -0.0654027 0 0.997859
    outer loop
      vertex 2.17979 0 -3.25713
      vertex 0 40 -3.4
      vertex 0 0 -3.4
    endloop
  endfacet
  facet normal -0.896866 0 0.442301
    outer loop
      vertex 14.4626 0 4.95
      vertex 15.4288 40 6.90919
      vertex 14.4626 40 4.95
    endloop
  endfacet
  facet normal -0.896866 0 0.442301
    outer loop
      vertex 15.4288 40 6.90919
      vertex 14.4626 0 4.95
      vertex 15.4288 0 6.90919
    endloop
  endfacet
  facet normal 0.997858 -0 0.0654161
    outer loop
      vertex -16.7 0 13.3
      vertex -16.5571 40 11.1202
      vertex -16.7 40 13.3
    endloop
  endfacet
  facet normal 0.997858 0 0.0654161
    outer loop
      vertex -16.5571 40 11.1202
      vertex -16.7 0 13.3
      vertex -16.5571 0 11.1202
    endloop
  endfacet
  facet normal 0.321439 0 0.94693
    outer loop
      vertex -6.39081 40 -2.12879
      vertex -4.32228 0 -2.83096
      vertex -4.32228 40 -2.83096
    endloop
  endfacet
  facet normal 0.321439 0 0.94693
    outer loop
      vertex -4.32228 0 -2.83096
      vertex -6.39081 40 -2.12879
      vertex -6.39081 0 -2.12879
    endloop
  endfacet
  facet normal 0.195091 0 0.980785
    outer loop
      vertex -4.32228 40 -2.83096
      vertex -2.17979 0 -3.25713
      vertex -2.17979 40 -3.25713
    endloop
  endfacet
  facet normal 0.195091 0 0.980785
    outer loop
      vertex -2.17979 0 -3.25713
      vertex -4.32228 40 -2.83096
      vertex -4.32228 0 -2.83096
    endloop
  endfacet
  facet normal 0.555567 0 0.831472
    outer loop
      vertex -8.35 40 -1.16262
      vertex -10.09 0 0
      vertex -8.35 0 -1.16262
    endloop
  endfacet
  facet normal 0.555572 -3.57344e-07 0.831468
    outer loop
      vertex -10.1663 40 0.0509995
      vertex -10.09 0 0
      vertex -8.35 40 -1.16262
    endloop
  endfacet
  facet normal 0.555702 0 0.831382
    outer loop
      vertex -10.09 0 0
      vertex -10.1663 40 0.0509995
      vertex -10.1663 0 0.0509995
    endloop
  endfacet
  facet normal 0.75184 0 0.659346
    outer loop
      vertex -13 0 2.84975
      vertex -13.249 40 3.13368
      vertex -13.249 0 3.13368
    endloop
  endfacet
  facet normal 0.751842 3.73207e-08 0.659343
    outer loop
      vertex -13.249 40 3.13368
      vertex -13 0 2.84975
      vertex -11.8087 40 1.49132
    endloop
  endfacet
  facet normal 0.751843 0 0.659342
    outer loop
      vertex -11.8087 40 1.49132
      vertex -13 0 2.84975
      vertex -11.8087 0 1.49132
    endloop
  endfacet
  facet normal -0.195091 0 0.980785
    outer loop
      vertex 2.17979 40 -3.25713
      vertex 4.32228 0 -2.83096
      vertex 4.32228 40 -2.83096
    endloop
  endfacet
  facet normal -0.195091 0 0.980785
    outer loop
      vertex 4.32228 0 -2.83096
      vertex 2.17979 40 -3.25713
      vertex 2.17979 0 -3.25713
    endloop
  endfacet
  facet normal -0.946926 0 0.321451
    outer loop
      vertex 15.4288 0 6.90919
      vertex 16.131 40 8.97772
      vertex 15.4288 40 6.90919
    endloop
  endfacet
  facet normal -0.946926 0 0.321451
    outer loop
      vertex 16.131 40 8.97772
      vertex 15.4288 0 6.90919
      vertex 16.131 0 8.97772
    endloop
  endfacet
  facet normal -0.997858 0 0.0654161
    outer loop
      vertex 16.5571 0 11.1202
      vertex 16.7 40 13.3
      vertex 16.5571 40 11.1202
    endloop
  endfacet
  facet normal -0.997858 0 0.0654161
    outer loop
      vertex 16.7 40 13.3
      vertex 16.5571 0 11.1202
      vertex 16.7 0 13.3
    endloop
  endfacet
  facet normal 0.0654027 0 0.997859
    outer loop
      vertex -2.17979 40 -3.25713
      vertex 0 0 -3.4
      vertex 0 40 -3.4
    endloop
  endfacet
  facet normal 0.0654027 0 0.997859
    outer loop
      vertex 0 0 -3.4
      vertex -2.17979 40 -3.25713
      vertex -2.17979 0 -3.25713
    endloop
  endfacet
  facet normal -0.321439 0 0.94693
    outer loop
      vertex 4.32228 40 -2.83096
      vertex 6.39081 0 -2.12879
      vertex 6.39081 40 -2.12879
    endloop
  endfacet
  facet normal -0.321439 0 0.94693
    outer loop
      vertex 6.39081 0 -2.12879
      vertex 4.32228 40 -2.83096
      vertex 4.32228 0 -2.83096
    endloop
  endfacet
  facet normal 0.980791 -0 0.195061
    outer loop
      vertex -16.5571 0 11.1202
      vertex -16.131 40 8.97772
      vertex -16.5571 40 11.1202
    endloop
  endfacet
  facet normal 0.980791 0 0.195061
    outer loop
      vertex -16.131 40 8.97772
      vertex -16.5571 0 11.1202
      vertex -16.131 0 8.97772
    endloop
  endfacet
  facet normal -0.751842 0 0.659343
    outer loop
      vertex 11.8087 0 1.49132
      vertex 13.249 40 3.13368
      vertex 11.8087 40 1.49132
    endloop
  endfacet
  facet normal -0.751843 4.51212e-08 0.659342
    outer loop
      vertex 13 0 2.84975
      vertex 13.249 40 3.13368
      vertex 11.8087 0 1.49132
    endloop
  endfacet
  facet normal -0.75184 0 0.659346
    outer loop
      vertex 13.249 40 3.13368
      vertex 13 0 2.84975
      vertex 13.249 0 3.13368
    endloop
  endfacet
  facet normal -0.44229 0 0.896872
    outer loop
      vertex 6.39081 40 -2.12879
      vertex 8.35 0 -1.16262
      vertex 8.35 40 -1.16262
    endloop
  endfacet
  facet normal -0.44229 0 0.896872
    outer loop
      vertex 8.35 0 -1.16262
      vertex 6.39081 40 -2.12879
      vertex 6.39081 0 -2.12879
    endloop
  endfacet
  facet normal 0.896866 -0 0.442301
    outer loop
      vertex -15.4288 0 6.90919
      vertex -14.4626 40 4.95
      vertex -15.4288 40 6.90919
    endloop
  endfacet
  facet normal 0.896866 0 0.442301
    outer loop
      vertex -14.4626 40 4.95
      vertex -15.4288 0 6.90919
      vertex -14.4626 0 4.95
    endloop
  endfacet
  facet normal 0.659339 0 0.751846
    outer loop
      vertex -11.8087 40 1.49132
      vertex -10.1663 0 0.0509995
      vertex -10.1663 40 0.0509995
    endloop
  endfacet
  facet normal 0.659339 0 0.751846
    outer loop
      vertex -10.1663 0 0.0509995
      vertex -11.8087 40 1.49132
      vertex -11.8087 0 1.49132
    endloop
  endfacet
  facet normal 0.946926 -0 0.321451
    outer loop
      vertex -16.131 0 8.97772
      vertex -15.4288 40 6.90919
      vertex -16.131 40 8.97772
    endloop
  endfacet
  facet normal 0.946926 0 0.321451
    outer loop
      vertex -15.4288 40 6.90919
      vertex -16.131 0 8.97772
      vertex -15.4288 0 6.90919
    endloop
  endfacet
  facet normal -0.831475 0 0.555562
    outer loop
      vertex 13.249 0 3.13368
      vertex 14.4626 40 4.95
      vertex 13.249 40 3.13368
    endloop
  endfacet
  facet normal -0.831475 0 0.555562
    outer loop
      vertex 14.4626 40 4.95
      vertex 13.249 0 3.13368
      vertex 14.4626 0 4.95
    endloop
  endfacet
  facet normal -0.980791 0 0.195061
    outer loop
      vertex 16.131 0 8.97772
      vertex 16.5571 40 11.1202
      vertex 16.131 40 8.97772
    endloop
  endfacet
  facet normal -0.980791 0 0.195061
    outer loop
      vertex 16.5571 40 11.1202
      vertex 16.131 0 8.97772
      vertex 16.5571 0 11.1202
    endloop
  endfacet
  facet normal -0.555702 0 0.831382
    outer loop
      vertex 10.1663 40 0.0509995
      vertex 10.09 0 0
      vertex 10.1663 0 0.0509995
    endloop
  endfacet
  facet normal -0.555572 -3.57344e-07 0.831468
    outer loop
      vertex 8.35 40 -1.16262
      vertex 10.09 0 0
      vertex 10.1663 40 0.0509995
    endloop
  endfacet
  facet normal -0.555567 0 0.831472
    outer loop
      vertex 10.09 0 0
      vertex 8.35 40 -1.16262
      vertex 8.35 0 -1.16262
    endloop
  endfacet
  facet normal 0.44229 0 0.896872
    outer loop
      vertex -8.35 40 -1.16262
      vertex -6.39081 0 -2.12879
      vertex -6.39081 40 -2.12879
    endloop
  endfacet
  facet normal 0.44229 0 0.896872
    outer loop
      vertex -6.39081 0 -2.12879
      vertex -8.35 40 -1.16262
      vertex -8.35 0 -1.16262
    endloop
  endfacet
  facet normal -0.659339 0 0.751846
    outer loop
      vertex 10.1663 40 0.0509995
      vertex 11.8087 0 1.49132
      vertex 11.8087 40 1.49132
    endloop
  endfacet
  facet normal -0.659339 0 0.751846
    outer loop
      vertex 11.8087 0 1.49132
      vertex 10.1663 40 0.0509995
      vertex 10.1663 0 0.0509995
    endloop
  endfacet
  facet normal 0.831475 -0 0.555562
    outer loop
      vertex -14.4626 0 4.95
      vertex -13.249 40 3.13368
      vertex -14.4626 40 4.95
    endloop
  endfacet
  facet normal 0.831475 0 0.555562
    outer loop
      vertex -13.249 40 3.13368
      vertex -14.4626 0 4.95
      vertex -13.249 0 3.13368
    endloop
  endfacet
  facet normal -0 0 1
    outer loop
      vertex 16.7 40 13.3
      vertex 22.7 0 13.3
      vertex 22.7 40 13.3
    endloop
  endfacet
  facet normal 0 0 1
    outer loop
      vertex 22.7 0 13.3
      vertex 16.7 40 13.3
      vertex 16.7 0 13.3
    endloop
  endfacet
  facet normal -0 0 1
    outer loop
      vertex -22.7 40 13.3
      vertex -16.7 0 13.3
      vertex -16.7 40 13.3
    endloop
  endfacet
  facet normal 0 0 1
    outer loop
      vertex -16.7 0 13.3
      vertex -22.7 40 13.3
      vertex -22.7 0 13.3
    endloop
  endfacet
  facet normal 1 -0 0
    outer loop
      vertex 13 -6 30
      vertex 13 0 2.84975
      vertex 13 0 30
    endloop
  endfacet
  facet normal 1 0 0
    outer loop
      vertex 13 -6 0
      vertex 13 0 2.84975
      vertex 13 -6 30
    endloop
  endfacet
  facet normal 1 0 0
    outer loop
      vertex 13 0 2.84975
      vertex 13 -6 0
      vertex 13 0 0
    endloop
  endfacet
  facet normal -0 0 1
    outer loop
      vertex -13 0 30
      vertex 13 -6 30
      vertex 13 0 30
    endloop
  endfacet
  facet normal 0 0 1
    outer loop
      vertex 13 -6 30
      vertex -13 0 30
      vertex -13 -6 30
    endloop
  endfacet
  facet normal 0 0 -1
    outer loop
      vertex 13 -6 0
      vertex 10.09 0 0
      vertex 13 0 0
    endloop
  endfacet
  facet normal 0 0 -1
    outer loop
      vertex 13 -6 0
      vertex -10.09 0 0
      vertex 10.09 0 0
    endloop
  endfacet
  facet normal 0 0 -1
    outer loop
      vertex -13 -6 0
      vertex -10.09 0 0
      vertex 13 -6 0
    endloop
  endfacet
  facet normal -0 0 -1
    outer loop
      vertex -10.09 0 0
      vertex -13 -6 0
      vertex -13 0 0
    endloop
  endfacet
  facet normal -1 0 0
    outer loop
      vertex -13 -6 0
      vertex -13 0 2.84975
      vertex -13 0 0
    endloop
  endfacet
  facet normal -1 0 0
    outer loop
      vertex -13 -6 30
      vertex -13 0 2.84975
      vertex -13 -6 0
    endloop
  endfacet
  facet normal -1 0 0
    outer loop
      vertex -13 0 2.84975
      vertex -13 -6 30
      vertex -13 0 30
    endloop
  endfacet
  facet normal 0 -1 0
    outer loop
      vertex 6.41766 -6 26.1733
      vertex 13 -6 30
      vertex -13 -6 30
    endloop
  endfacet
  facet normal 0 -1 0
    outer loop
      vertex 13 -6 30
      vertex 6.70632 -6 26.2308
      vertex 7 -6 26.25
    endloop
  endfacet
  facet normal 0 -1 0
    outer loop
      vertex 13 -6 30
      vertex 6.41766 -6 26.1733
      vertex 6.70632 -6 26.2308
    endloop
  endfacet
  facet normal 0 -1 0
    outer loop
      vertex -13 -6 30
      vertex 6.13896 -6 26.0787
      vertex 6.41766 -6 26.1733
    endloop
  endfacet
  facet normal 0 -1 0
    outer loop
      vertex -13 -6 30
      vertex 5.875 -6 25.9486
      vertex 6.13896 -6 26.0787
    endloop
  endfacet
  facet normal 0 -1 0
    outer loop
      vertex -13 -6 30
      vertex 5.63029 -6 25.785
      vertex 5.875 -6 25.9486
    endloop
  endfacet
  facet normal 0 -1 0
    outer loop
      vertex -13 -6 30
      vertex 5.40901 -6 25.591
      vertex 5.63029 -6 25.785
    endloop
  endfacet
  facet normal 0 -1 0
    outer loop
      vertex -13 -6 30
      vertex 5.21495 -6 25.3697
      vertex 5.40901 -6 25.591
    endloop
  endfacet
  facet normal 0 -1 0
    outer loop
      vertex -13 -6 30
      vertex 5.05144 -6 25.125
      vertex 5.21495 -6 25.3697
    endloop
  endfacet
  facet normal 0 -1 0
    outer loop
      vertex -13 -6 30
      vertex 4.92127 -6 24.861
      vertex 5.05144 -6 25.125
    endloop
  endfacet
  facet normal 0 -1 0
    outer loop
      vertex -13 -6 30
      vertex 4.82667 -6 24.5823
      vertex 4.92127 -6 24.861
    endloop
  endfacet
  facet normal 0 -1 0
    outer loop
      vertex -13 -6 30
      vertex 4.76925 -6 24.2937
      vertex 4.82667 -6 24.5823
    endloop
  endfacet
  facet normal 0 -1 0
    outer loop
      vertex -13 -6 30
      vertex 4.75 -6 24
      vertex 4.76925 -6 24.2937
    endloop
  endfacet
  facet normal 0 -1 0
    outer loop
      vertex -13 -6 30
      vertex 4.76925 -6 23.7063
      vertex 4.75 -6 24
    endloop
  endfacet
  facet normal 0 -1 0
    outer loop
      vertex -1.53073 -6 13.6955
      vertex 4.76925 -6 23.7063
      vertex -13 -6 30
    endloop
  endfacet
  facet normal -0 -1 0
    outer loop
      vertex -1.03528 -6 13.8637
      vertex 4.76925 -6 23.7063
      vertex -1.53073 -6 13.6955
    endloop
  endfacet
  facet normal 0 -1 -0
    outer loop
      vertex 4.76925 -6 23.7063
      vertex -1.03528 -6 13.8637
      vertex 4.82667 -6 23.4177
    endloop
  endfacet
  facet normal -0 -1 0
    outer loop
      vertex -0.522104 -6 13.9658
      vertex 4.82667 -6 23.4177
      vertex -1.03528 -6 13.8637
    endloop
  endfacet
  facet normal 0 -1 -0
    outer loop
      vertex 4.82667 -6 23.4177
      vertex -0.522104 -6 13.9658
      vertex 4.92127 -6 23.139
    endloop
  endfacet
  facet normal 0 -1 -0
    outer loop
      vertex 4.92127 -6 23.139
      vertex -0.522104 -6 13.9658
      vertex 5.05144 -6 22.875
    endloop
  endfacet
  facet normal 0 -1 -0
    outer loop
      vertex 5.05144 -6 22.875
      vertex 0 -6 14
      vertex 5.21495 -6 22.6303
    endloop
  endfacet
  facet normal 0 -1 0
    outer loop
      vertex 0.522104 -6 13.9658
      vertex 5.21495 -6 22.6303
      vertex 0 -6 14
    endloop
  endfacet
  facet normal 0 -1 0
    outer loop
      vertex 2 -6 13.4641
      vertex 5.875 -6 22.0514
      vertex 1.53073 -6 13.6955
    endloop
  endfacet
  facet normal 0 -1 -0
    outer loop
      vertex 5.63029 -6 22.215
      vertex 1.53073 -6 13.6955
      vertex 5.875 -6 22.0514
    endloop
  endfacet
  facet normal 0 -1 0
    outer loop
      vertex 1.53073 -6 13.6955
      vertex 5.63029 -6 22.215
      vertex 1.03528 -6 13.8637
    endloop
  endfacet
  facet normal 0 -1 -0
    outer loop
      vertex 5.21495 -6 22.6303
      vertex 0.522104 -6 13.9658
      vertex 5.40901 -6 22.409
    endloop
  endfacet
  facet normal 0 -1 -0
    outer loop
      vertex 5.40901 -6 22.409
      vertex 1.03528 -6 13.8637
      vertex 5.63029 -6 22.215
    endloop
  endfacet
  facet normal 0 -1 0
    outer loop
      vertex 1.03528 -6 13.8637
      vertex 5.40901 -6 22.409
      vertex 0.522104 -6 13.9658
    endloop
  endfacet
  facet normal -0 -1 0
    outer loop
      vertex 0 -6 14
      vertex 5.05144 -6 22.875
      vertex -0.522104 -6 13.9658
    endloop
  endfacet
  facet normal 0 -1 0
    outer loop
      vertex -13 -6 30
      vertex -2 -6 13.4641
      vertex -1.53073 -6 13.6955
    endloop
  endfacet
  facet normal 0 -1 0
    outer loop
      vertex -13 -6 30
      vertex -2.43505 -6 13.1734
      vertex -2 -6 13.4641
    endloop
  endfacet
  facet normal 0 -1 0
    outer loop
      vertex -13 -6 30
      vertex -2.82843 -6 12.8284
      vertex -2.43505 -6 13.1734
    endloop
  endfacet
  facet normal 0 -1 0
    outer loop
      vertex -13 -6 30
      vertex -3.17341 -6 12.435
      vertex -2.82843 -6 12.8284
    endloop
  endfacet
  facet normal 0 -1 0
    outer loop
      vertex -13 -6 30
      vertex -3.4641 -6 12
      vertex -3.17341 -6 12.435
    endloop
  endfacet
  facet normal 0 -1 0
    outer loop
      vertex -7.86104 -6 8.07873
      vertex -3.4641 -6 12
      vertex -13 -6 30
    endloop
  endfacet
  facet normal 0 -1 0
    outer loop
      vertex -3.4641 -6 12
      vertex -7.86104 -6 8.07873
      vertex -3.69552 -6 11.5307
    endloop
  endfacet
  facet normal -0 -1 0
    outer loop
      vertex -7.58234 -6 8.17333
      vertex -3.69552 -6 11.5307
      vertex -7.86104 -6 8.07873
    endloop
  endfacet
  facet normal -0 -1 0
    outer loop
      vertex -7.29368 -6 8.23075
      vertex -3.69552 -6 11.5307
      vertex -7.58234 -6 8.17333
    endloop
  endfacet
  facet normal -0 -1 0
    outer loop
      vertex -7 -6 8.25
      vertex -3.8637 -6 11.0353
      vertex -7.29368 -6 8.23075
    endloop
  endfacet
  facet normal 0 -1 0
    outer loop
      vertex -6.70632 -6 8.23075
      vertex -3.96578 -6 10.5221
      vertex -7 -6 8.25
    endloop
  endfacet
  facet normal 0 -1 0
    outer loop
      vertex -6.41766 -6 8.17333
      vertex -4 -6 10
      vertex -6.70632 -6 8.23075
    endloop
  endfacet
  facet normal 0 -1 0
    outer loop
      vertex -6.13896 -6 8.07873
      vertex -4 -6 10
      vertex -6.41766 -6 8.17333
    endloop
  endfacet
  facet normal 0 -1 0
    outer loop
      vertex -3.96578 -6 10.5221
      vertex -6.70632 -6 8.23075
      vertex -4 -6 10
    endloop
  endfacet
  facet normal 0 -1 0
    outer loop
      vertex -3.8637 -6 11.0353
      vertex -7 -6 8.25
      vertex -3.96578 -6 10.5221
    endloop
  endfacet
  facet normal 0 -1 0
    outer loop
      vertex -3.69552 -6 11.5307
      vertex -7.29368 -6 8.23075
      vertex -3.8637 -6 11.0353
    endloop
  endfacet
  facet normal 0 -1 0
    outer loop
      vertex -13 -6 30
      vertex -8.125 -6 7.94856
      vertex -7.86104 -6 8.07873
    endloop
  endfacet
  facet normal 0 -1 0
    outer loop
      vertex -13 -6 30
      vertex -8.36971 -6 7.78504
      vertex -8.125 -6 7.94856
    endloop
  endfacet
  facet normal 0 -1 0
    outer loop
      vertex -13 -6 30
      vertex -8.59099 -6 7.59099
      vertex -8.36971 -6 7.78504
    endloop
  endfacet
  facet normal 0 -1 0
    outer loop
      vertex -13 -6 30
      vertex -8.78504 -6 7.36971
      vertex -8.59099 -6 7.59099
    endloop
  endfacet
  facet normal 0 -1 0
    outer loop
      vertex -13 -6 30
      vertex -8.94856 -6 7.125
      vertex -8.78504 -6 7.36971
    endloop
  endfacet
  facet normal 0 -1 0
    outer loop
      vertex -13 -6 30
      vertex -9.07873 -6 6.86104
      vertex -8.94856 -6 7.125
    endloop
  endfacet
  facet normal 0 -1 0
    outer loop
      vertex -13 -6 0
      vertex -9.07873 -6 6.86104
      vertex -13 -6 30
    endloop
  endfacet
  facet normal 0 -1 0
    outer loop
      vertex -9.07873 -6 6.86104
      vertex -13 -6 0
      vertex -9.17333 -6 6.58234
    endloop
  endfacet
  facet normal 0 -1 0
    outer loop
      vertex -9.17333 -6 6.58234
      vertex -13 -6 0
      vertex -9.23075 -6 6.29368
    endloop
  endfacet
  facet normal 0 -1 0
    outer loop
      vertex -9.23075 -6 6.29368
      vertex -13 -6 0
      vertex -9.25 -6 6
    endloop
  endfacet
  facet normal 0 -1 -0
    outer loop
      vertex -7.29368 -6 3.76925
      vertex -13 -6 0
      vertex -7 -6 3.75
    endloop
  endfacet
  facet normal 0 -1 -0
    outer loop
      vertex -7.58234 -6 3.82667
      vertex -13 -6 0
      vertex -7.29368 -6 3.76925
    endloop
  endfacet
  facet normal 0 -1 -0
    outer loop
      vertex -7.86104 -6 3.92127
      vertex -13 -6 0
      vertex -7.58234 -6 3.82667
    endloop
  endfacet
  facet normal 0 -1 -0
    outer loop
      vertex -8.125 -6 4.05144
      vertex -13 -6 0
      vertex -7.86104 -6 3.92127
    endloop
  endfacet
  facet normal 0 -1 -0
    outer loop
      vertex -8.36971 -6 4.21495
      vertex -13 -6 0
      vertex -8.125 -6 4.05144
    endloop
  endfacet
  facet normal 0 -1 -0
    outer loop
      vertex -8.59099 -6 4.40901
      vertex -13 -6 0
      vertex -8.36971 -6 4.21495
    endloop
  endfacet
  facet normal 0 -1 -0
    outer loop
      vertex -8.78504 -6 4.63029
      vertex -13 -6 0
      vertex -8.59099 -6 4.40901
    endloop
  endfacet
  facet normal 0 -1 -0
    outer loop
      vertex -8.94856 -6 4.875
      vertex -13 -6 0
      vertex -8.78504 -6 4.63029
    endloop
  endfacet
  facet normal 0 -1 -0
    outer loop
      vertex -9.07873 -6 5.13896
      vertex -13 -6 0
      vertex -8.94856 -6 4.875
    endloop
  endfacet
  facet normal 0 -1 -0
    outer loop
      vertex -9.17333 -6 5.41766
      vertex -13 -6 0
      vertex -9.07873 -6 5.13896
    endloop
  endfacet
  facet normal 0 -1 -0
    outer loop
      vertex -9.23075 -6 5.70632
      vertex -13 -6 0
      vertex -9.17333 -6 5.41766
    endloop
  endfacet
  facet normal 0 -1 -0
    outer loop
      vertex -9.25 -6 6
      vertex -13 -6 0
      vertex -9.23075 -6 5.70632
    endloop
  endfacet
  facet normal 0 -1 0
    outer loop
      vertex 7.29368 -6 26.2308
      vertex 13 -6 30
      vertex 7 -6 26.25
    endloop
  endfacet
  facet normal 0 -1 0
    outer loop
      vertex 7.58234 -6 26.1733
      vertex 13 -6 30
      vertex 7.29368 -6 26.2308
    endloop
  endfacet
  facet normal 0 -1 0
    outer loop
      vertex 7.86104 -6 26.0787
      vertex 13 -6 30
      vertex 7.58234 -6 26.1733
    endloop
  endfacet
  facet normal 0 -1 0
    outer loop
      vertex 8.125 -6 25.9486
      vertex 13 -6 30
      vertex 7.86104 -6 26.0787
    endloop
  endfacet
  facet normal 0 -1 0
    outer loop
      vertex 8.36971 -6 25.785
      vertex 13 -6 30
      vertex 8.125 -6 25.9486
    endloop
  endfacet
  facet normal 0 -1 0
    outer loop
      vertex 8.59099 -6 25.591
      vertex 13 -6 30
      vertex 8.36971 -6 25.785
    endloop
  endfacet
  facet normal 0 -1 0
    outer loop
      vertex 8.78504 -6 25.3697
      vertex 13 -6 30
      vertex 8.59099 -6 25.591
    endloop
  endfacet
  facet normal 0 -1 0
    outer loop
      vertex 8.94856 -6 25.125
      vertex 13 -6 30
      vertex 8.78504 -6 25.3697
    endloop
  endfacet
  facet normal 0 -1 0
    outer loop
      vertex 9.07873 -6 24.861
      vertex 13 -6 30
      vertex 8.94856 -6 25.125
    endloop
  endfacet
  facet normal 0 -1 0
    outer loop
      vertex 9.17333 -6 24.5823
      vertex 13 -6 30
      vertex 9.07873 -6 24.861
    endloop
  endfacet
  facet normal 0 -1 0
    outer loop
      vertex 9.23075 -6 24.2937
      vertex 13 -6 30
      vertex 9.17333 -6 24.5823
    endloop
  endfacet
  facet normal 0 -1 0
    outer loop
      vertex 9.25 -6 24
      vertex 13 -6 30
      vertex 9.23075 -6 24.2937
    endloop
  endfacet
  facet normal 0 -1 0
    outer loop
      vertex 9.23075 -6 23.7063
      vertex 13 -6 30
      vertex 9.25 -6 24
    endloop
  endfacet
  facet normal 0 -1 0
    outer loop
      vertex 9.17333 -6 23.4177
      vertex 13 -6 30
      vertex 9.23075 -6 23.7063
    endloop
  endfacet
  facet normal 0 -1 0
    outer loop
      vertex 9.07873 -6 23.139
      vertex 13 -6 30
      vertex 9.17333 -6 23.4177
    endloop
  endfacet
  facet normal 0 -1 0
    outer loop
      vertex 13 -6 0
      vertex 9.07873 -6 23.139
      vertex 8.94856 -6 22.875
    endloop
  endfacet
  facet normal 0 -1 -0
    outer loop
      vertex 5.875 -6 22.0514
      vertex 2 -6 13.4641
      vertex 6.13896 -6 21.9213
    endloop
  endfacet
  facet normal 0 -1 -0
    outer loop
      vertex 6.13896 -6 21.9213
      vertex 2 -6 13.4641
      vertex 6.41766 -6 21.8267
    endloop
  endfacet
  facet normal 0 -1 0
    outer loop
      vertex 2.43505 -6 13.1734
      vertex 6.41766 -6 21.8267
      vertex 2 -6 13.4641
    endloop
  endfacet
  facet normal 0 -1 -0
    outer loop
      vertex 6.41766 -6 21.8267
      vertex 2.43505 -6 13.1734
      vertex 6.70632 -6 21.7692
    endloop
  endfacet
  facet normal 0 -1 0
    outer loop
      vertex 2.82843 -6 12.8284
      vertex 6.70632 -6 21.7692
      vertex 2.43505 -6 13.1734
    endloop
  endfacet
  facet normal 0 -1 -0
    outer loop
      vertex 6.70632 -6 21.7692
      vertex 2.82843 -6 12.8284
      vertex 7 -6 21.75
    endloop
  endfacet
  facet normal 0 -1 0
    outer loop
      vertex 3.17341 -6 12.435
      vertex 7 -6 21.75
      vertex 2.82843 -6 12.8284
    endloop
  endfacet
  facet normal 0 -1 -0
    outer loop
      vertex 7 -6 21.75
      vertex 3.17341 -6 12.435
      vertex 7.29368 -6 21.7692
    endloop
  endfacet
  facet normal 0 -1 0
    outer loop
      vertex 3.4641 -6 12
      vertex 7.29368 -6 21.7692
      vertex 3.17341 -6 12.435
    endloop
  endfacet
  facet normal 0 -1 -0
    outer loop
      vertex 7.29368 -6 21.7692
      vertex 3.4641 -6 12
      vertex 7.58234 -6 21.8267
    endloop
  endfacet
  facet normal 0 -1 -0
    outer loop
      vertex 7.58234 -6 21.8267
      vertex 3.4641 -6 12
      vertex 7.86104 -6 21.9213
    endloop
  endfacet
  facet normal 0 -1 0
    outer loop
      vertex 3.69552 -6 11.5307
      vertex 7.86104 -6 21.9213
      vertex 3.4641 -6 12
    endloop
  endfacet
  facet normal 0 -1 -0
    outer loop
      vertex 7.86104 -6 21.9213
      vertex 3.69552 -6 11.5307
      vertex 8.125 -6 22.0514
    endloop
  endfacet
  facet normal 0 -1 0
    outer loop
      vertex 3.8637 -6 11.0353
      vertex 8.125 -6 22.0514
      vertex 3.69552 -6 11.5307
    endloop
  endfacet
  facet normal 0 -1 -0
    outer loop
      vertex 8.125 -6 22.0514
      vertex 3.8637 -6 11.0353
      vertex 8.36971 -6 22.215
    endloop
  endfacet
  facet normal 0 -1 0
    outer loop
      vertex 3.96578 -6 10.5221
      vertex 8.36971 -6 22.215
      vertex 3.8637 -6 11.0353
    endloop
  endfacet
  facet normal 0 -1 0
    outer loop
      vertex 13 -6 0
      vertex 8.36971 -6 22.215
      vertex 3.96578 -6 10.5221
    endloop
  endfacet
  facet normal 0 -1 0
    outer loop
      vertex 8.36971 -6 22.215
      vertex 13 -6 0
      vertex 8.59099 -6 22.409
    endloop
  endfacet
  facet normal 0 -1 0
    outer loop
      vertex 8.59099 -6 22.409
      vertex 13 -6 0
      vertex 8.78504 -6 22.6303
    endloop
  endfacet
  facet normal 0 -1 0
    outer loop
      vertex 8.78504 -6 22.6303
      vertex 13 -6 0
      vertex 8.94856 -6 22.875
    endloop
  endfacet
  facet normal 0 -1 0
    outer loop
      vertex 13 -6 0
      vertex 3.96578 -6 10.5221
      vertex 4 -6 10
    endloop
  endfacet
  facet normal 0 -1 0
    outer loop
      vertex 13 -6 0
      vertex 4 -6 10
      vertex 3.96578 -6 9.47789
    endloop
  endfacet
  facet normal 0 -1 0
    outer loop
      vertex 13 -6 0
      vertex 3.96578 -6 9.47789
      vertex 3.8637 -6 8.96472
    endloop
  endfacet
  facet normal 0 -1 0
    outer loop
      vertex 13 -6 0
      vertex 3.8637 -6 8.96472
      vertex 3.69552 -6 8.46927
    endloop
  endfacet
  facet normal 0 -1 -0
    outer loop
      vertex -1.53073 -6 6.30448
      vertex -5.05144 -6 4.875
      vertex -1.03528 -6 6.1363
    endloop
  endfacet
  facet normal 0 -1 0
    outer loop
      vertex -5.21495 -6 4.63029
      vertex -1.03528 -6 6.1363
      vertex -5.05144 -6 4.875
    endloop
  endfacet
  facet normal 0 -1 -0
    outer loop
      vertex -1.03528 -6 6.1363
      vertex -5.21495 -6 4.63029
      vertex -0.522104 -6 6.03422
    endloop
  endfacet
  facet normal 0 -1 0
    outer loop
      vertex -5.40901 -6 4.40901
      vertex -0.522104 -6 6.03422
      vertex -5.21495 -6 4.63029
    endloop
  endfacet
  facet normal 0 -1 0
    outer loop
      vertex -5.63029 -6 4.21495
      vertex -0.522104 -6 6.03422
      vertex -5.40901 -6 4.40901
    endloop
  endfacet
  facet normal 0 -1 -0
    outer loop
      vertex -0.522104 -6 6.03422
      vertex -5.63029 -6 4.21495
      vertex 0 -6 6
    endloop
  endfacet
  facet normal 0 -1 0
    outer loop
      vertex -5.875 -6 4.05144
      vertex 0 -6 6
      vertex -5.63029 -6 4.21495
    endloop
  endfacet
  facet normal 0 -1 -0
    outer loop
      vertex 0 -6 6
      vertex -5.875 -6 4.05144
      vertex 0.522104 -6 6.03422
    endloop
  endfacet
  facet normal 0 -1 0
    outer loop
      vertex 13 -6 0
      vertex 0.522104 -6 6.03422
      vertex -5.875 -6 4.05144
    endloop
  endfacet
  facet normal 0 -1 0
    outer loop
      vertex 13 -6 0
      vertex -5.875 -6 4.05144
      vertex -6.13896 -6 3.92127
    endloop
  endfacet
  facet normal 0 -1 0
    outer loop
      vertex 13 -6 0
      vertex -6.13896 -6 3.92127
      vertex -6.41766 -6 3.82667
    endloop
  endfacet
  facet normal 0 -1 0
    outer loop
      vertex -13 -6 0
      vertex -6.70632 -6 3.76925
      vertex -7 -6 3.75
    endloop
  endfacet
  facet normal 0 -1 0
    outer loop
      vertex -13 -6 0
      vertex -6.41766 -6 3.82667
      vertex -6.70632 -6 3.76925
    endloop
  endfacet
  facet normal 0 -1 0
    outer loop
      vertex 13 -6 0
      vertex -6.41766 -6 3.82667
      vertex -13 -6 0
    endloop
  endfacet
  facet normal 0 -1 0
    outer loop
      vertex 0.522104 -6 6.03422
      vertex 13 -6 0
      vertex 1.03528 -6 6.1363
    endloop
  endfacet
  facet normal 0 -1 0
    outer loop
      vertex 9.07873 -6 23.139
      vertex 13 -6 0
      vertex 13 -6 30
    endloop
  endfacet
  facet normal 0 -1 0
    outer loop
      vertex 3.4641 -6 8
      vertex 13 -6 0
      vertex 3.69552 -6 8.46927
    endloop
  endfacet
  facet normal 0 -1 0
    outer loop
      vertex 3.17341 -6 7.56495
      vertex 13 -6 0
      vertex 3.4641 -6 8
    endloop
  endfacet
  facet normal 0 -1 0
    outer loop
      vertex 2.82843 -6 7.17157
      vertex 13 -6 0
      vertex 3.17341 -6 7.56495
    endloop
  endfacet
  facet normal 0 -1 0
    outer loop
      vertex 2.43505 -6 6.82659
      vertex 13 -6 0
      vertex 2.82843 -6 7.17157
    endloop
  endfacet
  facet normal 0 -1 0
    outer loop
      vertex 2 -6 6.5359
      vertex 13 -6 0
      vertex 2.43505 -6 6.82659
    endloop
  endfacet
  facet normal 0 -1 0
    outer loop
      vertex 1.53073 -6 6.30448
      vertex 13 -6 0
      vertex 2 -6 6.5359
    endloop
  endfacet
  facet normal 0 -1 0
    outer loop
      vertex 1.03528 -6 6.1363
      vertex 13 -6 0
      vertex 1.53073 -6 6.30448
    endloop
  endfacet
  facet normal 0 -1 -0
    outer loop
      vertex -4 -6 10
      vertex -6.13896 -6 8.07873
      vertex -3.96578 -6 9.47789
    endloop
  endfacet
  facet normal 0 -1 0
    outer loop
      vertex -5.875 -6 7.94856
      vertex -3.96578 -6 9.47789
      vertex -6.13896 -6 8.07873
    endloop
  endfacet
  facet normal 0 -1 -0
    outer loop
      vertex -3.96578 -6 9.47789
      vertex -5.875 -6 7.94856
      vertex -3.8637 -6 8.96472
    endloop
  endfacet
  facet normal 0 -1 0
    outer loop
      vertex -5.63029 -6 7.78504
      vertex -3.8637 -6 8.96472
      vertex -5.875 -6 7.94856
    endloop
  endfacet
  facet normal 0 -1 0
    outer loop
      vertex -5.40901 -6 7.59099
      vertex -3.8637 -6 8.96472
      vertex -5.63029 -6 7.78504
    endloop
  endfacet
  facet normal 0 -1 -0
    outer loop
      vertex -3.8637 -6 8.96472
      vertex -5.40901 -6 7.59099
      vertex -3.69552 -6 8.46927
    endloop
  endfacet
  facet normal 0 -1 0
    outer loop
      vertex -5.21495 -6 7.36971
      vertex -3.69552 -6 8.46927
      vertex -5.40901 -6 7.59099
    endloop
  endfacet
  facet normal 0 -1 -0
    outer loop
      vertex -3.69552 -6 8.46927
      vertex -5.21495 -6 7.36971
      vertex -3.4641 -6 8
    endloop
  endfacet
  facet normal 0 -1 0
    outer loop
      vertex -5.05144 -6 7.125
      vertex -3.4641 -6 8
      vertex -5.21495 -6 7.36971
    endloop
  endfacet
  facet normal 0 -1 0
    outer loop
      vertex -4.92127 -6 6.86104
      vertex -3.4641 -6 8
      vertex -5.05144 -6 7.125
    endloop
  endfacet
  facet normal 0 -1 -0
    outer loop
      vertex -3.4641 -6 8
      vertex -4.92127 -6 6.86104
      vertex -3.17341 -6 7.56495
    endloop
  endfacet
  facet normal 0 -1 0
    outer loop
      vertex -4.82667 -6 6.58234
      vertex -3.17341 -6 7.56495
      vertex -4.92127 -6 6.86104
    endloop
  endfacet
  facet normal 0 -1 -0
    outer loop
      vertex -3.17341 -6 7.56495
      vertex -4.82667 -6 6.58234
      vertex -2.82843 -6 7.17157
    endloop
  endfacet
  facet normal 0 -1 0
    outer loop
      vertex -4.76925 -6 6.29368
      vertex -2.82843 -6 7.17157
      vertex -4.82667 -6 6.58234
    endloop
  endfacet
  facet normal 0 -1 0
    outer loop
      vertex -4.75 -6 6
      vertex -2.82843 -6 7.17157
      vertex -4.76925 -6 6.29368
    endloop
  endfacet
  facet normal 0 -1 -0
    outer loop
      vertex -2.82843 -6 7.17157
      vertex -4.75 -6 6
      vertex -2.43505 -6 6.82659
    endloop
  endfacet
  facet normal 0 -1 0
    outer loop
      vertex -4.76925 -6 5.70632
      vertex -2.43505 -6 6.82659
      vertex -4.75 -6 6
    endloop
  endfacet
  facet normal 0 -1 -0
    outer loop
      vertex -2.43505 -6 6.82659
      vertex -4.76925 -6 5.70632
      vertex -2 -6 6.5359
    endloop
  endfacet
  facet normal 0 -1 0
    outer loop
      vertex -4.82667 -6 5.41766
      vertex -2 -6 6.5359
      vertex -4.76925 -6 5.70632
    endloop
  endfacet
  facet normal 0 -1 0
    outer loop
      vertex -4.92127 -6 5.13896
      vertex -2 -6 6.5359
      vertex -4.82667 -6 5.41766
    endloop
  endfacet
  facet normal 0 -1 -0
    outer loop
      vertex -2 -6 6.5359
      vertex -4.92127 -6 5.13896
      vertex -1.53073 -6 6.30448
    endloop
  endfacet
  facet normal 0 -1 0
    outer loop
      vertex -5.05144 -6 4.875
      vertex -1.53073 -6 6.30448
      vertex -4.92127 -6 5.13896
    endloop
  endfacet
  facet normal -0.980784 0 -0.195097
    outer loop
      vertex -4.76925 -6 6.29368
      vertex -4.82667 0 6.58234
      vertex -4.76925 0 6.29368
    endloop
  endfacet
  facet normal -0.980784 -0 -0.195097
    outer loop
      vertex -4.82667 0 6.58234
      vertex -4.76925 -6 6.29368
      vertex -4.82667 -6 6.58234
    endloop
  endfacet
  facet normal -0.997859 0 -0.0654072
    outer loop
      vertex -4.75 -6 6
      vertex -4.76925 0 6.29368
      vertex -4.75 0 6
    endloop
  endfacet
  facet normal -0.997859 -0 -0.0654072
    outer loop
      vertex -4.76925 0 6.29368
      vertex -4.75 -6 6
      vertex -4.76925 -6 6.29368
    endloop
  endfacet
  facet normal -0.555594 0 -0.831454
    outer loop
      vertex -5.875 -6 7.94856
      vertex -5.63029 0 7.78504
      vertex -5.63029 -6 7.78504
    endloop
  endfacet
  facet normal -0.555594 0 -0.831454
    outer loop
      vertex -5.63029 0 7.78504
      vertex -5.875 -6 7.94856
      vertex -5.875 0 7.94856
    endloop
  endfacet
  facet normal -0.321421 0 0.946936
    outer loop
      vertex -6.41766 0 3.82667
      vertex -6.13896 -6 3.92127
      vertex -6.13896 0 3.92127
    endloop
  endfacet
  facet normal -0.321421 0 0.946936
    outer loop
      vertex -6.13896 -6 3.92127
      vertex -6.41766 0 3.82667
      vertex -6.41766 -6 3.82667
    endloop
  endfacet
  facet normal -0.195097 0 -0.980784
    outer loop
      vertex -6.70632 -6 8.23075
      vertex -6.41766 0 8.17333
      vertex -6.41766 -6 8.17333
    endloop
  endfacet
  facet normal -0.195097 0 -0.980784
    outer loop
      vertex -6.41766 0 8.17333
      vertex -6.70632 -6 8.23075
      vertex -6.70632 0 8.23075
    endloop
  endfacet
  facet normal -0.946936 0 0.321421
    outer loop
      vertex -4.92127 -6 5.13896
      vertex -4.82667 0 5.41766
      vertex -4.92127 0 5.13896
    endloop
  endfacet
  facet normal -0.946936 0 0.321421
    outer loop
      vertex -4.82667 0 5.41766
      vertex -4.92127 -6 5.13896
      vertex -4.82667 -6 5.41766
    endloop
  endfacet
  facet normal -0.946936 0 -0.321421
    outer loop
      vertex -4.82667 -6 6.58234
      vertex -4.92127 0 6.86104
      vertex -4.82667 0 6.58234
    endloop
  endfacet
  facet normal -0.946936 -0 -0.321421
    outer loop
      vertex -4.92127 0 6.86104
      vertex -4.82667 -6 6.58234
      vertex -4.92127 -6 6.86104
    endloop
  endfacet
  facet normal 0.896874 -0 0.442287
    outer loop
      vertex -9.07873 -6 5.13896
      vertex -8.94856 0 4.875
      vertex -9.07873 0 5.13896
    endloop
  endfacet
  facet normal 0.896874 0 0.442287
    outer loop
      vertex -8.94856 0 4.875
      vertex -9.07873 -6 5.13896
      vertex -8.94856 -6 4.875
    endloop
  endfacet
  facet normal 0.0654072 0 -0.997859
    outer loop
      vertex -7.29368 -6 8.23075
      vertex -7 0 8.25
      vertex -7 -6 8.25
    endloop
  endfacet
  facet normal 0.0654072 0 -0.997859
    outer loop
      vertex -7 0 8.25
      vertex -7.29368 -6 8.23075
      vertex -7.29368 0 8.23075
    endloop
  endfacet
  facet normal 0.555594 0 -0.831454
    outer loop
      vertex -8.36971 -6 7.78504
      vertex -8.125 0 7.94856
      vertex -8.125 -6 7.94856
    endloop
  endfacet
  facet normal 0.555594 0 -0.831454
    outer loop
      vertex -8.125 0 7.94856
      vertex -8.36971 -6 7.78504
      vertex -8.36971 0 7.78504
    endloop
  endfacet
  facet normal -0.195097 0 0.980784
    outer loop
      vertex -6.70632 0 3.76925
      vertex -6.41766 -6 3.82667
      vertex -6.41766 0 3.82667
    endloop
  endfacet
  facet normal -0.195097 0 0.980784
    outer loop
      vertex -6.41766 -6 3.82667
      vertex -6.70632 0 3.76925
      vertex -6.70632 -6 3.76925
    endloop
  endfacet
  facet normal -0.896874 0 -0.442287
    outer loop
      vertex -4.92127 -6 6.86104
      vertex -5.05144 0 7.125
      vertex -4.92127 0 6.86104
    endloop
  endfacet
  facet normal -0.896874 -0 -0.442287
    outer loop
      vertex -5.05144 0 7.125
      vertex -4.92127 -6 6.86104
      vertex -5.05144 -6 7.125
    endloop
  endfacet
  facet normal 0.195097 0 -0.980784
    outer loop
      vertex -7.58234 -6 8.17333
      vertex -7.29368 0 8.23075
      vertex -7.29368 -6 8.23075
    endloop
  endfacet
  facet normal 0.195097 0 -0.980784
    outer loop
      vertex -7.29368 0 8.23075
      vertex -7.58234 -6 8.17333
      vertex -7.58234 0 8.17333
    endloop
  endfacet
  facet normal 0.442287 0 -0.896874
    outer loop
      vertex -8.125 -6 7.94856
      vertex -7.86104 0 8.07873
      vertex -7.86104 -6 8.07873
    endloop
  endfacet
  facet normal 0.442287 0 -0.896874
    outer loop
      vertex -7.86104 0 8.07873
      vertex -8.125 -6 7.94856
      vertex -8.125 0 7.94856
    endloop
  endfacet
  facet normal 0.831454 -0 0.555594
    outer loop
      vertex -8.94856 -6 4.875
      vertex -8.78504 0 4.63029
      vertex -8.94856 0 4.875
    endloop
  endfacet
  facet normal 0.831454 0 0.555594
    outer loop
      vertex -8.78504 0 4.63029
      vertex -8.94856 -6 4.875
      vertex -8.78504 -6 4.63029
    endloop
  endfacet
  facet normal 0.321421 0 -0.946936
    outer loop
      vertex -7.86104 -6 8.07873
      vertex -7.58234 0 8.17333
      vertex -7.58234 -6 8.17333
    endloop
  endfacet
  facet normal 0.321421 0 -0.946936
    outer loop
      vertex -7.58234 0 8.17333
      vertex -7.86104 -6 8.07873
      vertex -7.86104 0 8.07873
    endloop
  endfacet
  facet normal 0.659332 0 -0.751852
    outer loop
      vertex -8.59099 -6 7.59099
      vertex -8.36971 0 7.78504
      vertex -8.36971 -6 7.78504
    endloop
  endfacet
  facet normal 0.659332 0 -0.751852
    outer loop
      vertex -8.36971 0 7.78504
      vertex -8.59099 -6 7.59099
      vertex -8.59099 0 7.59099
    endloop
  endfacet
  facet normal -0.751835 0 -0.659351
    outer loop
      vertex -5.21495 -6 7.36971
      vertex -5.40901 0 7.59099
      vertex -5.21495 0 7.36971
    endloop
  endfacet
  facet normal -0.751835 -0 -0.659351
    outer loop
      vertex -5.40901 0 7.59099
      vertex -5.21495 -6 7.36971
      vertex -5.40901 -6 7.59099
    endloop
  endfacet
  facet normal 0.980784 0 -0.195097
    outer loop
      vertex -9.17333 -6 6.58234
      vertex -9.23075 0 6.29368
      vertex -9.17333 0 6.58234
    endloop
  endfacet
  facet normal 0.980784 0 -0.195097
    outer loop
      vertex -9.23075 0 6.29368
      vertex -9.17333 -6 6.58234
      vertex -9.23075 -6 6.29368
    endloop
  endfacet
  facet normal -0.751835 0 0.659351
    outer loop
      vertex -5.40901 -6 4.40901
      vertex -5.21495 0 4.63029
      vertex -5.40901 0 4.40901
    endloop
  endfacet
  facet normal -0.751835 0 0.659351
    outer loop
      vertex -5.21495 0 4.63029
      vertex -5.40901 -6 4.40901
      vertex -5.21495 -6 4.63029
    endloop
  endfacet
  facet normal -0.83147 0 -0.55557
    outer loop
      vertex -5.05144 -6 7.125
      vertex -5.21495 0 7.36971
      vertex -5.05144 0 7.125
    endloop
  endfacet
  facet normal -0.83147 -0 -0.55557
    outer loop
      vertex -5.21495 0 7.36971
      vertex -5.05144 -6 7.125
      vertex -5.21495 -6 7.36971
    endloop
  endfacet
  facet normal -0.442287 0 0.896874
    outer loop
      vertex -6.13896 0 3.92127
      vertex -5.875 -6 4.05144
      vertex -5.875 0 4.05144
    endloop
  endfacet
  facet normal -0.442287 0 0.896874
    outer loop
      vertex -5.875 -6 4.05144
      vertex -6.13896 0 3.92127
      vertex -6.13896 -6 3.92127
    endloop
  endfacet
  facet normal 0.751852 0 -0.659332
    outer loop
      vertex -8.59099 -6 7.59099
      vertex -8.78504 0 7.36971
      vertex -8.59099 0 7.59099
    endloop
  endfacet
  facet normal 0.751852 0 -0.659332
    outer loop
      vertex -8.78504 0 7.36971
      vertex -8.59099 -6 7.59099
      vertex -8.78504 -6 7.36971
    endloop
  endfacet
  facet normal 0.442287 0 0.896874
    outer loop
      vertex -8.125 0 4.05144
      vertex -7.86104 -6 3.92127
      vertex -7.86104 0 3.92127
    endloop
  endfacet
  facet normal 0.442287 0 0.896874
    outer loop
      vertex -7.86104 -6 3.92127
      vertex -8.125 0 4.05144
      vertex -8.125 -6 4.05144
    endloop
  endfacet
  facet normal -0.980784 0 0.195097
    outer loop
      vertex -4.82667 -6 5.41766
      vertex -4.76925 0 5.70632
      vertex -4.82667 0 5.41766
    endloop
  endfacet
  facet normal -0.980784 0 0.195097
    outer loop
      vertex -4.76925 0 5.70632
      vertex -4.82667 -6 5.41766
      vertex -4.76925 -6 5.70632
    endloop
  endfacet
  facet normal 0.946936 0 -0.321421
    outer loop
      vertex -9.07873 -6 6.86104
      vertex -9.17333 0 6.58234
      vertex -9.07873 0 6.86104
    endloop
  endfacet
  facet normal 0.946936 0 -0.321421
    outer loop
      vertex -9.17333 0 6.58234
      vertex -9.07873 -6 6.86104
      vertex -9.17333 -6 6.58234
    endloop
  endfacet
  facet normal -0.659332 0 -0.751852
    outer loop
      vertex -5.63029 -6 7.78504
      vertex -5.40901 0 7.59099
      vertex -5.40901 -6 7.59099
    endloop
  endfacet
  facet normal -0.659332 0 -0.751852
    outer loop
      vertex -5.40901 0 7.59099
      vertex -5.63029 -6 7.78504
      vertex -5.63029 0 7.78504
    endloop
  endfacet
  facet normal 0.997859 0 -0.0654072
    outer loop
      vertex -9.23075 -6 6.29368
      vertex -9.25 0 6
      vertex -9.23075 0 6.29368
    endloop
  endfacet
  facet normal 0.997859 0 -0.0654072
    outer loop
      vertex -9.25 0 6
      vertex -9.23075 -6 6.29368
      vertex -9.25 -6 6
    endloop
  endfacet
  facet normal -0.55557 0 0.83147
    outer loop
      vertex -5.875 0 4.05144
      vertex -5.63029 -6 4.21495
      vertex -5.63029 0 4.21495
    endloop
  endfacet
  facet normal -0.55557 0 0.83147
    outer loop
      vertex -5.63029 -6 4.21495
      vertex -5.875 0 4.05144
      vertex -5.875 -6 4.05144
    endloop
  endfacet
  facet normal -0.997859 0 0.0654072
    outer loop
      vertex -4.76925 -6 5.70632
      vertex -4.75 0 6
      vertex -4.76925 0 5.70632
    endloop
  endfacet
  facet normal -0.997859 0 0.0654072
    outer loop
      vertex -4.75 0 6
      vertex -4.76925 -6 5.70632
      vertex -4.75 -6 6
    endloop
  endfacet
  facet normal 0.946936 -0 0.321421
    outer loop
      vertex -9.17333 -6 5.41766
      vertex -9.07873 0 5.13896
      vertex -9.17333 0 5.41766
    endloop
  endfacet
  facet normal 0.946936 0 0.321421
    outer loop
      vertex -9.07873 0 5.13896
      vertex -9.17333 -6 5.41766
      vertex -9.07873 -6 5.13896
    endloop
  endfacet
  facet normal 0.751852 -0 0.659332
    outer loop
      vertex -8.78504 -6 4.63029
      vertex -8.59099 0 4.40901
      vertex -8.78504 0 4.63029
    endloop
  endfacet
  facet normal 0.751852 0 0.659332
    outer loop
      vertex -8.59099 0 4.40901
      vertex -8.78504 -6 4.63029
      vertex -8.59099 -6 4.40901
    endloop
  endfacet
  facet normal -0.896874 0 0.442287
    outer loop
      vertex -5.05144 -6 4.875
      vertex -4.92127 0 5.13896
      vertex -5.05144 0 4.875
    endloop
  endfacet
  facet normal -0.896874 0 0.442287
    outer loop
      vertex -4.92127 0 5.13896
      vertex -5.05144 -6 4.875
      vertex -4.92127 -6 5.13896
    endloop
  endfacet
  facet normal -0.321421 0 -0.946936
    outer loop
      vertex -6.41766 -6 8.17333
      vertex -6.13896 0 8.07873
      vertex -6.13896 -6 8.07873
    endloop
  endfacet
  facet normal -0.321421 0 -0.946936
    outer loop
      vertex -6.13896 0 8.07873
      vertex -6.41766 -6 8.17333
      vertex -6.41766 0 8.17333
    endloop
  endfacet
  facet normal 0.997859 -0 0.0654072
    outer loop
      vertex -9.25 -6 6
      vertex -9.23075 0 5.70632
      vertex -9.25 0 6
    endloop
  endfacet
  facet normal 0.997859 0 0.0654072
    outer loop
      vertex -9.23075 0 5.70632
      vertex -9.25 -6 6
      vertex -9.23075 -6 5.70632
    endloop
  endfacet
  facet normal -0.659351 0 0.751835
    outer loop
      vertex -5.63029 0 4.21495
      vertex -5.40901 -6 4.40901
      vertex -5.40901 0 4.40901
    endloop
  endfacet
  facet normal -0.659351 0 0.751835
    outer loop
      vertex -5.40901 -6 4.40901
      vertex -5.63029 0 4.21495
      vertex -5.63029 -6 4.21495
    endloop
  endfacet
  facet normal 0.195097 0 0.980784
    outer loop
      vertex -7.58234 0 3.82667
      vertex -7.29368 -6 3.76925
      vertex -7.29368 0 3.76925
    endloop
  endfacet
  facet normal 0.195097 0 0.980784
    outer loop
      vertex -7.29368 -6 3.76925
      vertex -7.58234 0 3.82667
      vertex -7.58234 -6 3.82667
    endloop
  endfacet
  facet normal -0.442287 0 -0.896874
    outer loop
      vertex -6.13896 -6 8.07873
      vertex -5.875 0 7.94856
      vertex -5.875 -6 7.94856
    endloop
  endfacet
  facet normal -0.442287 0 -0.896874
    outer loop
      vertex -5.875 0 7.94856
      vertex -6.13896 -6 8.07873
      vertex -6.13896 0 8.07873
    endloop
  endfacet
  facet normal 0.980784 -0 0.195097
    outer loop
      vertex -9.23075 -6 5.70632
      vertex -9.17333 0 5.41766
      vertex -9.23075 0 5.70632
    endloop
  endfacet
  facet normal 0.980784 0 0.195097
    outer loop
      vertex -9.17333 0 5.41766
      vertex -9.23075 -6 5.70632
      vertex -9.17333 -6 5.41766
    endloop
  endfacet
  facet normal -0.83147 0 0.55557
    outer loop
      vertex -5.21495 -6 4.63029
      vertex -5.05144 0 4.875
      vertex -5.21495 0 4.63029
    endloop
  endfacet
  facet normal -0.83147 0 0.55557
    outer loop
      vertex -5.05144 0 4.875
      vertex -5.21495 -6 4.63029
      vertex -5.05144 -6 4.875
    endloop
  endfacet
  facet normal 0.321421 0 0.946936
    outer loop
      vertex -7.86104 0 3.92127
      vertex -7.58234 -6 3.82667
      vertex -7.58234 0 3.82667
    endloop
  endfacet
  facet normal 0.321421 0 0.946936
    outer loop
      vertex -7.58234 -6 3.82667
      vertex -7.86104 0 3.92127
      vertex -7.86104 -6 3.92127
    endloop
  endfacet
  facet normal -0.0654072 0 0.997859
    outer loop
      vertex -7 0 3.75
      vertex -6.70632 -6 3.76925
      vertex -6.70632 0 3.76925
    endloop
  endfacet
  facet normal -0.0654072 0 0.997859
    outer loop
      vertex -6.70632 -6 3.76925
      vertex -7 0 3.75
      vertex -7 -6 3.75
    endloop
  endfacet
  facet normal 0.659351 0 0.751835
    outer loop
      vertex -8.59099 0 4.40901
      vertex -8.36971 -6 4.21495
      vertex -8.36971 0 4.21495
    endloop
  endfacet
  facet normal 0.659351 0 0.751835
    outer loop
      vertex -8.36971 -6 4.21495
      vertex -8.59099 0 4.40901
      vertex -8.59099 -6 4.40901
    endloop
  endfacet
  facet normal 0.896874 0 -0.442287
    outer loop
      vertex -8.94856 -6 7.125
      vertex -9.07873 0 6.86104
      vertex -8.94856 0 7.125
    endloop
  endfacet
  facet normal 0.896874 0 -0.442287
    outer loop
      vertex -9.07873 0 6.86104
      vertex -8.94856 -6 7.125
      vertex -9.07873 -6 6.86104
    endloop
  endfacet
  facet normal -0.0654072 0 -0.997859
    outer loop
      vertex -7 -6 8.25
      vertex -6.70632 0 8.23075
      vertex -6.70632 -6 8.23075
    endloop
  endfacet
  facet normal -0.0654072 0 -0.997859
    outer loop
      vertex -6.70632 0 8.23075
      vertex -7 -6 8.25
      vertex -7 0 8.25
    endloop
  endfacet
  facet normal 0.0654072 0 0.997859
    outer loop
      vertex -7.29368 0 3.76925
      vertex -7 -6 3.75
      vertex -7 0 3.75
    endloop
  endfacet
  facet normal 0.0654072 0 0.997859
    outer loop
      vertex -7 -6 3.75
      vertex -7.29368 0 3.76925
      vertex -7.29368 -6 3.76925
    endloop
  endfacet
  facet normal 0.831454 0 -0.555594
    outer loop
      vertex -8.78504 -6 7.36971
      vertex -8.94856 0 7.125
      vertex -8.78504 0 7.36971
    endloop
  endfacet
  facet normal 0.831454 0 -0.555594
    outer loop
      vertex -8.94856 0 7.125
      vertex -8.78504 -6 7.36971
      vertex -8.94856 -6 7.125
    endloop
  endfacet
  facet normal 0.55557 0 0.83147
    outer loop
      vertex -8.36971 0 4.21495
      vertex -8.125 -6 4.05144
      vertex -8.125 0 4.05144
    endloop
  endfacet
  facet normal 0.55557 0 0.83147
    outer loop
      vertex -8.125 -6 4.05144
      vertex -8.36971 0 4.21495
      vertex -8.36971 -6 4.21495
    endloop
  endfacet
  facet normal 0.442096 0 -0.896968
    outer loop
      vertex 5.875 -6 25.9486
      vertex 6.13896 0 26.0787
      vertex 6.13896 -6 26.0787
    endloop
  endfacet
  facet normal 0.442096 0 -0.896968
    outer loop
      vertex 6.13896 0 26.0787
      vertex 5.875 -6 25.9486
      vertex 5.875 0 25.9486
    endloop
  endfacet
  facet normal 0.751865 -0 0.659317
    outer loop
      vertex 5.21495 -6 22.6303
      vertex 5.40901 0 22.409
      vertex 5.21495 0 22.6303
    endloop
  endfacet
  facet normal 0.751865 0 0.659317
    outer loop
      vertex 5.40901 0 22.409
      vertex 5.21495 -6 22.6303
      vertex 5.40901 -6 22.409
    endloop
  endfacet
  facet normal 0.997859 0 -0.0654027
    outer loop
      vertex 4.76925 -6 24.2937
      vertex 4.75 0 24
      vertex 4.76925 0 24.2937
    endloop
  endfacet
  facet normal 0.997859 0 -0.0654027
    outer loop
      vertex 4.75 0 24
      vertex 4.76925 -6 24.2937
      vertex 4.75 -6 24
    endloop
  endfacet
  facet normal -0.946936 0 -0.321421
    outer loop
      vertex 9.17333 -6 24.5823
      vertex 9.07873 0 24.861
      vertex 9.17333 0 24.5823
    endloop
  endfacet
  facet normal -0.946936 -0 -0.321421
    outer loop
      vertex 9.07873 0 24.861
      vertex 9.17333 -6 24.5823
      vertex 9.07873 -6 24.861
    endloop
  endfacet
  facet normal -0.8969 0 -0.442233
    outer loop
      vertex 9.07873 -6 24.861
      vertex 8.94856 0 25.125
      vertex 9.07873 0 24.861
    endloop
  endfacet
  facet normal -0.8969 -0 -0.442233
    outer loop
      vertex 8.94856 0 25.125
      vertex 9.07873 -6 24.861
      vertex 8.94856 -6 25.125
    endloop
  endfacet
  facet normal 0.321421 0 -0.946936
    outer loop
      vertex 6.13896 -6 26.0787
      vertex 6.41766 0 26.1733
      vertex 6.41766 -6 26.1733
    endloop
  endfacet
  facet normal 0.321421 0 -0.946936
    outer loop
      vertex 6.41766 0 26.1733
      vertex 6.13896 -6 26.0787
      vertex 6.13896 0 26.0787
    endloop
  endfacet
  facet normal -0.659236 0 -0.751936
    outer loop
      vertex 8.36971 -6 25.785
      vertex 8.59099 0 25.591
      vertex 8.59099 -6 25.591
    endloop
  endfacet
  facet normal -0.659236 0 -0.751936
    outer loop
      vertex 8.59099 0 25.591
      vertex 8.36971 -6 25.785
      vertex 8.36971 0 25.785
    endloop
  endfacet
  facet normal -0.997859 0 -0.0654027
    outer loop
      vertex 9.25 -6 24
      vertex 9.23075 0 24.2937
      vertex 9.25 0 24
    endloop
  endfacet
  facet normal -0.997859 -0 -0.0654027
    outer loop
      vertex 9.23075 0 24.2937
      vertex 9.25 -6 24
      vertex 9.23075 -6 24.2937
    endloop
  endfacet
  facet normal -0.442096 0 -0.896968
    outer loop
      vertex 7.86104 -6 26.0787
      vertex 8.125 0 25.9486
      vertex 8.125 -6 25.9486
    endloop
  endfacet
  facet normal -0.442096 0 -0.896968
    outer loop
      vertex 8.125 0 25.9486
      vertex 7.86104 -6 26.0787
      vertex 7.86104 0 26.0787
    endloop
  endfacet
  facet normal 0.555782 0 -0.831328
    outer loop
      vertex 5.63029 -6 25.785
      vertex 5.875 0 25.9486
      vertex 5.875 -6 25.9486
    endloop
  endfacet
  facet normal 0.555782 0 -0.831328
    outer loop
      vertex 5.875 0 25.9486
      vertex 5.63029 -6 25.785
      vertex 5.63029 0 25.785
    endloop
  endfacet
  facet normal -0.065238 0 -0.99787
    outer loop
      vertex 7 -6 26.25
      vertex 7.29368 0 26.2308
      vertex 7.29368 -6 26.2308
    endloop
  endfacet
  facet normal -0.065238 0 -0.99787
    outer loop
      vertex 7.29368 0 26.2308
      vertex 7 -6 26.25
      vertex 7 0 26.25
    endloop
  endfacet
  facet normal -0.555782 0 -0.831328
    outer loop
      vertex 8.125 -6 25.9486
      vertex 8.36971 0 25.785
      vertex 8.36971 -6 25.785
    endloop
  endfacet
  facet normal -0.555782 0 -0.831328
    outer loop
      vertex 8.36971 0 25.785
      vertex 8.125 -6 25.9486
      vertex 8.125 0 25.9486
    endloop
  endfacet
  facet normal 0.555782 0 0.831328
    outer loop
      vertex 5.63029 0 22.215
      vertex 5.875 -6 22.0514
      vertex 5.875 0 22.0514
    endloop
  endfacet
  facet normal 0.555782 0 0.831328
    outer loop
      vertex 5.875 -6 22.0514
      vertex 5.63029 0 22.215
      vertex 5.63029 -6 22.215
    endloop
  endfacet
  facet normal -0.980776 0 -0.195136
    outer loop
      vertex 9.23075 -6 24.2937
      vertex 9.17333 0 24.5823
      vertex 9.23075 0 24.2937
    endloop
  endfacet
  facet normal -0.980776 -0 -0.195136
    outer loop
      vertex 9.17333 0 24.5823
      vertex 9.23075 -6 24.2937
      vertex 9.17333 -6 24.5823
    endloop
  endfacet
  facet normal -0.946936 0 0.321421
    outer loop
      vertex 9.07873 -6 23.139
      vertex 9.17333 0 23.4177
      vertex 9.07873 0 23.139
    endloop
  endfacet
  facet normal -0.946936 0 0.321421
    outer loop
      vertex 9.17333 0 23.4177
      vertex 9.07873 -6 23.139
      vertex 9.17333 -6 23.4177
    endloop
  endfacet
  facet normal -0.321421 0 0.946936
    outer loop
      vertex 7.58234 0 21.8267
      vertex 7.86104 -6 21.9213
      vertex 7.86104 0 21.9213
    endloop
  endfacet
  facet normal -0.321421 0 0.946936
    outer loop
      vertex 7.86104 -6 21.9213
      vertex 7.58234 0 21.8267
      vertex 7.58234 -6 21.8267
    endloop
  endfacet
  facet normal -0.751882 0 -0.659298
    outer loop
      vertex 8.78504 -6 25.3697
      vertex 8.59099 0 25.591
      vertex 8.78504 0 25.3697
    endloop
  endfacet
  facet normal -0.751882 -0 -0.659298
    outer loop
      vertex 8.59099 0 25.591
      vertex 8.78504 -6 25.3697
      vertex 8.59099 -6 25.591
    endloop
  endfacet
  facet normal 0.831459 -0 0.555586
    outer loop
      vertex 5.05144 -6 22.875
      vertex 5.21495 0 22.6303
      vertex 5.05144 0 22.875
    endloop
  endfacet
  facet normal 0.831459 0 0.555586
    outer loop
      vertex 5.21495 0 22.6303
      vertex 5.05144 -6 22.875
      vertex 5.21495 -6 22.6303
    endloop
  endfacet
  facet normal -0.980776 0 0.195136
    outer loop
      vertex 9.17333 -6 23.4177
      vertex 9.23075 0 23.7063
      vertex 9.17333 0 23.4177
    endloop
  endfacet
  facet normal -0.980776 0 0.195136
    outer loop
      vertex 9.23075 0 23.7063
      vertex 9.17333 -6 23.4177
      vertex 9.23075 -6 23.7063
    endloop
  endfacet
  facet normal 0.946936 -0 0.321421
    outer loop
      vertex 4.82667 -6 23.4177
      vertex 4.92127 0 23.139
      vertex 4.82667 0 23.4177
    endloop
  endfacet
  facet normal 0.946936 0 0.321421
    outer loop
      vertex 4.92127 0 23.139
      vertex 4.82667 -6 23.4177
      vertex 4.92127 -6 23.139
    endloop
  endfacet
  facet normal -0.997859 0 0.0654027
    outer loop
      vertex 9.23075 -6 23.7063
      vertex 9.25 0 24
      vertex 9.23075 0 23.7063
    endloop
  endfacet
  facet normal -0.997859 0 0.0654027
    outer loop
      vertex 9.25 0 24
      vertex 9.23075 -6 23.7063
      vertex 9.25 -6 24
    endloop
  endfacet
  facet normal 0.8969 -0 0.442233
    outer loop
      vertex 4.92127 -6 23.139
      vertex 5.05144 0 22.875
      vertex 4.92127 0 23.139
    endloop
  endfacet
  facet normal 0.8969 0 0.442233
    outer loop
      vertex 5.05144 0 22.875
      vertex 4.92127 -6 23.139
      vertex 5.05144 -6 22.875
    endloop
  endfacet
  facet normal 0.195358 0 -0.980732
    outer loop
      vertex 6.41766 -6 26.1733
      vertex 6.70632 0 26.2308
      vertex 6.70632 -6 26.2308
    endloop
  endfacet
  facet normal 0.195358 0 -0.980732
    outer loop
      vertex 6.70632 0 26.2308
      vertex 6.41766 -6 26.1733
      vertex 6.41766 0 26.1733
    endloop
  endfacet
  facet normal 0.751865 0 -0.659317
    outer loop
      vertex 5.40901 -6 25.591
      vertex 5.21495 0 25.3697
      vertex 5.40901 0 25.591
    endloop
  endfacet
  facet normal 0.751865 0 -0.659317
    outer loop
      vertex 5.21495 0 25.3697
      vertex 5.40901 -6 25.591
      vertex 5.21495 -6 25.3697
    endloop
  endfacet
  facet normal -0.442096 0 0.896968
    outer loop
      vertex 7.86104 0 21.9213
      vertex 8.125 -6 22.0514
      vertex 8.125 0 22.0514
    endloop
  endfacet
  facet normal -0.442096 0 0.896968
    outer loop
      vertex 8.125 -6 22.0514
      vertex 7.86104 0 21.9213
      vertex 7.86104 -6 21.9213
    endloop
  endfacet
  facet normal -0.751882 0 0.659298
    outer loop
      vertex 8.59099 -6 22.409
      vertex 8.78504 0 22.6303
      vertex 8.59099 0 22.409
    endloop
  endfacet
  facet normal -0.751882 0 0.659298
    outer loop
      vertex 8.78504 0 22.6303
      vertex 8.59099 -6 22.409
      vertex 8.78504 -6 22.6303
    endloop
  endfacet
  facet normal -0.831443 0 0.555609
    outer loop
      vertex 8.78504 -6 22.6303
      vertex 8.94856 0 22.875
      vertex 8.78504 0 22.6303
    endloop
  endfacet
  facet normal -0.831443 0 0.555609
    outer loop
      vertex 8.94856 0 22.875
      vertex 8.78504 -6 22.6303
      vertex 8.94856 -6 22.875
    endloop
  endfacet
  facet normal 0.980776 -0 0.195136
    outer loop
      vertex 4.76925 -6 23.7063
      vertex 4.82667 0 23.4177
      vertex 4.76925 0 23.7063
    endloop
  endfacet
  facet normal 0.980776 0 0.195136
    outer loop
      vertex 4.82667 0 23.4177
      vertex 4.76925 -6 23.7063
      vertex 4.82667 -6 23.4177
    endloop
  endfacet
  facet normal -0.831443 0 -0.555609
    outer loop
      vertex 8.94856 -6 25.125
      vertex 8.78504 0 25.3697
      vertex 8.94856 0 25.125
    endloop
  endfacet
  facet normal -0.831443 -0 -0.555609
    outer loop
      vertex 8.78504 0 25.3697
      vertex 8.94856 -6 25.125
      vertex 8.78504 -6 25.3697
    endloop
  endfacet
  facet normal 0.442096 0 0.896968
    outer loop
      vertex 5.875 0 22.0514
      vertex 6.13896 -6 21.9213
      vertex 6.13896 0 21.9213
    endloop
  endfacet
  facet normal 0.442096 0 0.896968
    outer loop
      vertex 6.13896 -6 21.9213
      vertex 5.875 0 22.0514
      vertex 5.875 -6 22.0514
    endloop
  endfacet
  facet normal -0.195358 0 0.980732
    outer loop
      vertex 7.29368 0 21.7692
      vertex 7.58234 -6 21.8267
      vertex 7.58234 0 21.8267
    endloop
  endfacet
  facet normal -0.195358 0 0.980732
    outer loop
      vertex 7.58234 -6 21.8267
      vertex 7.29368 0 21.7692
      vertex 7.29368 -6 21.7692
    endloop
  endfacet
  facet normal -0.321421 0 -0.946936
    outer loop
      vertex 7.58234 -6 26.1733
      vertex 7.86104 0 26.0787
      vertex 7.86104 -6 26.0787
    endloop
  endfacet
  facet normal -0.321421 0 -0.946936
    outer loop
      vertex 7.86104 0 26.0787
      vertex 7.58234 -6 26.1733
      vertex 7.58234 0 26.1733
    endloop
  endfacet
  facet normal 0.321421 0 0.946936
    outer loop
      vertex 6.13896 0 21.9213
      vertex 6.41766 -6 21.8267
      vertex 6.41766 0 21.8267
    endloop
  endfacet
  facet normal 0.321421 0 0.946936
    outer loop
      vertex 6.41766 -6 21.8267
      vertex 6.13896 0 21.9213
      vertex 6.13896 -6 21.9213
    endloop
  endfacet
  facet normal 0.659236 0 0.751936
    outer loop
      vertex 5.40901 0 22.409
      vertex 5.63029 -6 22.215
      vertex 5.63029 0 22.215
    endloop
  endfacet
  facet normal 0.659236 0 0.751936
    outer loop
      vertex 5.63029 -6 22.215
      vertex 5.40901 0 22.409
      vertex 5.40901 -6 22.409
    endloop
  endfacet
  facet normal -0.195358 0 -0.980732
    outer loop
      vertex 7.29368 -6 26.2308
      vertex 7.58234 0 26.1733
      vertex 7.58234 -6 26.1733
    endloop
  endfacet
  facet normal -0.195358 0 -0.980732
    outer loop
      vertex 7.58234 0 26.1733
      vertex 7.29368 -6 26.2308
      vertex 7.29368 0 26.2308
    endloop
  endfacet
  facet normal 0.980776 0 -0.195136
    outer loop
      vertex 4.82667 -6 24.5823
      vertex 4.76925 0 24.2937
      vertex 4.82667 0 24.5823
    endloop
  endfacet
  facet normal 0.980776 0 -0.195136
    outer loop
      vertex 4.76925 0 24.2937
      vertex 4.82667 -6 24.5823
      vertex 4.76925 -6 24.2937
    endloop
  endfacet
  facet normal 0.8969 0 -0.442233
    outer loop
      vertex 5.05144 -6 25.125
      vertex 4.92127 0 24.861
      vertex 5.05144 0 25.125
    endloop
  endfacet
  facet normal 0.8969 0 -0.442233
    outer loop
      vertex 4.92127 0 24.861
      vertex 5.05144 -6 25.125
      vertex 4.92127 -6 24.861
    endloop
  endfacet
  facet normal -0.8969 0 0.442233
    outer loop
      vertex 8.94856 -6 22.875
      vertex 9.07873 0 23.139
      vertex 8.94856 0 22.875
    endloop
  endfacet
  facet normal -0.8969 0 0.442233
    outer loop
      vertex 9.07873 0 23.139
      vertex 8.94856 -6 22.875
      vertex 9.07873 -6 23.139
    endloop
  endfacet
  facet normal 0.065238 0 -0.99787
    outer loop
      vertex 6.70632 -6 26.2308
      vertex 7 0 26.25
      vertex 7 -6 26.25
    endloop
  endfacet
  facet normal 0.065238 0 -0.99787
    outer loop
      vertex 7 0 26.25
      vertex 6.70632 -6 26.2308
      vertex 6.70632 0 26.2308
    endloop
  endfacet
  facet normal 0.659236 0 -0.751936
    outer loop
      vertex 5.40901 -6 25.591
      vertex 5.63029 0 25.785
      vertex 5.63029 -6 25.785
    endloop
  endfacet
  facet normal 0.659236 0 -0.751936
    outer loop
      vertex 5.63029 0 25.785
      vertex 5.40901 -6 25.591
      vertex 5.40901 0 25.591
    endloop
  endfacet
  facet normal 0.065238 0 0.99787
    outer loop
      vertex 6.70632 0 21.7692
      vertex 7 -6 21.75
      vertex 7 0 21.75
    endloop
  endfacet
  facet normal 0.065238 0 0.99787
    outer loop
      vertex 7 -6 21.75
      vertex 6.70632 0 21.7692
      vertex 6.70632 -6 21.7692
    endloop
  endfacet
  facet normal 0.997859 -0 0.0654027
    outer loop
      vertex 4.75 -6 24
      vertex 4.76925 0 23.7063
      vertex 4.75 0 24
    endloop
  endfacet
  facet normal 0.997859 0 0.0654027
    outer loop
      vertex 4.76925 0 23.7063
      vertex 4.75 -6 24
      vertex 4.76925 -6 23.7063
    endloop
  endfacet
  facet normal 0.195358 0 0.980732
    outer loop
      vertex 6.41766 0 21.8267
      vertex 6.70632 -6 21.7692
      vertex 6.70632 0 21.7692
    endloop
  endfacet
  facet normal 0.195358 0 0.980732
    outer loop
      vertex 6.70632 -6 21.7692
      vertex 6.41766 0 21.8267
      vertex 6.41766 -6 21.8267
    endloop
  endfacet
  facet normal -0.555782 0 0.831328
    outer loop
      vertex 8.125 0 22.0514
      vertex 8.36971 -6 22.215
      vertex 8.36971 0 22.215
    endloop
  endfacet
  facet normal -0.555782 0 0.831328
    outer loop
      vertex 8.36971 -6 22.215
      vertex 8.125 0 22.0514
      vertex 8.125 -6 22.0514
    endloop
  endfacet
  facet normal -0.659236 0 0.751936
    outer loop
      vertex 8.36971 0 22.215
      vertex 8.59099 -6 22.409
      vertex 8.59099 0 22.409
    endloop
  endfacet
  facet normal -0.659236 0 0.751936
    outer loop
      vertex 8.59099 -6 22.409
      vertex 8.36971 0 22.215
      vertex 8.36971 -6 22.215
    endloop
  endfacet
  facet normal 0.831459 0 -0.555586
    outer loop
      vertex 5.21495 -6 25.3697
      vertex 5.05144 0 25.125
      vertex 5.21495 0 25.3697
    endloop
  endfacet
  facet normal 0.831459 0 -0.555586
    outer loop
      vertex 5.05144 0 25.125
      vertex 5.21495 -6 25.3697
      vertex 5.05144 -6 25.125
    endloop
  endfacet
  facet normal 0.946936 0 -0.321421
    outer loop
      vertex 4.92127 -6 24.861
      vertex 4.82667 0 24.5823
      vertex 4.92127 0 24.861
    endloop
  endfacet
  facet normal 0.946936 0 -0.321421
    outer loop
      vertex 4.82667 0 24.5823
      vertex 4.92127 -6 24.861
      vertex 4.82667 -6 24.5823
    endloop
  endfacet
  facet normal -0.065238 0 0.99787
    outer loop
      vertex 7 0 21.75
      vertex 7.29368 -6 21.7692
      vertex 7.29368 0 21.7692
    endloop
  endfacet
  facet normal -0.065238 0 0.99787
    outer loop
      vertex 7.29368 -6 21.7692
      vertex 7 0 21.75
      vertex 7 -6 21.75
    endloop
  endfacet
  facet normal -0.980786 0 -0.195087
    outer loop
      vertex 3.96578 -6 10.5221
      vertex 3.8637 0 11.0353
      vertex 3.96578 0 10.5221
    endloop
  endfacet
  facet normal -0.980786 -0 -0.195087
    outer loop
      vertex 3.8637 0 11.0353
      vertex 3.96578 -6 10.5221
      vertex 3.8637 -6 11.0353
    endloop
  endfacet
  facet normal -0.997859 0 -0.0654027
    outer loop
      vertex 4 -6 10
      vertex 3.96578 0 10.5221
      vertex 4 0 10
    endloop
  endfacet
  facet normal -0.997859 -0 -0.0654027
    outer loop
      vertex 3.96578 0 10.5221
      vertex 4 -6 10
      vertex 3.96578 -6 10.5221
    endloop
  endfacet
  facet normal 0.555569 0 0.831471
    outer loop
      vertex -2.43505 0 6.82659
      vertex -2 -6 6.5359
      vertex -2 0 6.5359
    endloop
  endfacet
  facet normal 0.555569 0 0.831471
    outer loop
      vertex -2 -6 6.5359
      vertex -2.43505 0 6.82659
      vertex -2.43505 -6 6.82659
    endloop
  endfacet
  facet normal -0.980784 0 0.195098
    outer loop
      vertex 3.8637 -6 8.96472
      vertex 3.96578 0 9.47789
      vertex 3.8637 0 8.96472
    endloop
  endfacet
  facet normal -0.980784 0 0.195098
    outer loop
      vertex 3.96578 0 9.47789
      vertex 3.8637 -6 8.96472
      vertex 3.96578 -6 9.47789
    endloop
  endfacet
  facet normal -0.946932 0 0.321435
    outer loop
      vertex 3.69552 -6 8.46927
      vertex 3.8637 0 8.96472
      vertex 3.69552 0 8.46927
    endloop
  endfacet
  facet normal -0.946932 0 0.321435
    outer loop
      vertex 3.8637 0 8.96472
      vertex 3.69552 -6 8.46927
      vertex 3.8637 -6 8.96472
    endloop
  endfacet
  facet normal -0.321469 0 -0.94692
    outer loop
      vertex 1.03528 -6 13.8637
      vertex 1.53073 0 13.6955
      vertex 1.53073 -6 13.6955
    endloop
  endfacet
  facet normal -0.321469 0 -0.94692
    outer loop
      vertex 1.53073 0 13.6955
      vertex 1.03528 -6 13.8637
      vertex 1.03528 0 13.8637
    endloop
  endfacet
  facet normal 0.946932 -0 0.321435
    outer loop
      vertex -3.8637 -6 8.96472
      vertex -3.69552 0 8.46927
      vertex -3.8637 0 8.96472
    endloop
  endfacet
  facet normal 0.946932 0 0.321435
    outer loop
      vertex -3.69552 0 8.46927
      vertex -3.8637 -6 8.96472
      vertex -3.69552 -6 8.46927
    endloop
  endfacet
  facet normal -0.195133 0 -0.980777
    outer loop
      vertex 0.522104 -6 13.9658
      vertex 1.03528 0 13.8637
      vertex 1.03528 -6 13.8637
    endloop
  endfacet
  facet normal -0.195133 0 -0.980777
    outer loop
      vertex 1.03528 0 13.8637
      vertex 0.522104 -6 13.9658
      vertex 0.522104 0 13.9658
    endloop
  endfacet
  facet normal -0.442291 0 0.896871
    outer loop
      vertex 1.53073 0 6.30448
      vertex 2 -6 6.5359
      vertex 2 0 6.5359
    endloop
  endfacet
  facet normal -0.442291 0 0.896871
    outer loop
      vertex 2 -6 6.5359
      vertex 1.53073 0 6.30448
      vertex 1.53073 -6 6.30448
    endloop
  endfacet
  facet normal -0.659362 0 -0.751826
    outer loop
      vertex 2.43505 -6 13.1734
      vertex 2.82843 0 12.8284
      vertex 2.82843 -6 12.8284
    endloop
  endfacet
  facet normal -0.659362 0 -0.751826
    outer loop
      vertex 2.82843 0 12.8284
      vertex 2.43505 -6 13.1734
      vertex 2.43505 0 13.1734
    endloop
  endfacet
  facet normal -0.831471 0 0.555569
    outer loop
      vertex 3.17341 -6 7.56495
      vertex 3.4641 0 8
      vertex 3.17341 0 7.56495
    endloop
  endfacet
  facet normal -0.831471 0 0.555569
    outer loop
      vertex 3.4641 0 8
      vertex 3.17341 -6 7.56495
      vertex 3.4641 -6 8
    endloop
  endfacet
  facet normal 0.896871 -0 0.442291
    outer loop
      vertex -3.69552 -6 8.46927
      vertex -3.4641 0 8
      vertex -3.69552 0 8.46927
    endloop
  endfacet
  facet normal 0.896871 0 0.442291
    outer loop
      vertex -3.4641 0 8
      vertex -3.69552 -6 8.46927
      vertex -3.4641 -6 8
    endloop
  endfacet
  facet normal 0.321435 0 0.946932
    outer loop
      vertex -1.53073 0 6.30448
      vertex -1.03528 -6 6.1363
      vertex -1.03528 0 6.1363
    endloop
  endfacet
  facet normal 0.321435 0 0.946932
    outer loop
      vertex -1.03528 -6 6.1363
      vertex -1.53073 0 6.30448
      vertex -1.53073 -6 6.30448
    endloop
  endfacet
  facet normal -0.751861 0 -0.659321
    outer loop
      vertex 3.17341 -6 12.435
      vertex 2.82843 0 12.8284
      vertex 3.17341 0 12.435
    endloop
  endfacet
  facet normal -0.751861 -0 -0.659321
    outer loop
      vertex 2.82843 0 12.8284
      vertex 3.17341 -6 12.435
      vertex 2.82843 -6 12.8284
    endloop
  endfacet
  facet normal 0.896883 0 -0.442268
    outer loop
      vertex -3.4641 -6 12
      vertex -3.69552 0 11.5307
      vertex -3.4641 0 12
    endloop
  endfacet
  facet normal 0.896883 0 -0.442268
    outer loop
      vertex -3.69552 0 11.5307
      vertex -3.4641 -6 12
      vertex -3.69552 -6 11.5307
    endloop
  endfacet
  facet normal 0.555582 0 -0.831462
    outer loop
      vertex -2.43505 -6 13.1734
      vertex -2 0 13.4641
      vertex -2 -6 13.4641
    endloop
  endfacet
  facet normal 0.555582 0 -0.831462
    outer loop
      vertex -2 0 13.4641
      vertex -2.43505 -6 13.1734
      vertex -2.43505 0 13.1734
    endloop
  endfacet
  facet normal -0.946922 0 -0.321464
    outer loop
      vertex 3.8637 -6 11.0353
      vertex 3.69552 0 11.5307
      vertex 3.8637 0 11.0353
    endloop
  endfacet
  facet normal -0.946922 -0 -0.321464
    outer loop
      vertex 3.69552 0 11.5307
      vertex 3.8637 -6 11.0353
      vertex 3.69552 -6 11.5307
    endloop
  endfacet
  facet normal 0.44226 0 -0.896887
    outer loop
      vertex -2 -6 13.4641
      vertex -1.53073 0 13.6955
      vertex -1.53073 -6 13.6955
    endloop
  endfacet
  facet normal 0.44226 0 -0.896887
    outer loop
      vertex -1.53073 0 13.6955
      vertex -2 -6 13.4641
      vertex -2 0 13.4641
    endloop
  endfacet
  facet normal -0.896883 0 -0.442268
    outer loop
      vertex 3.69552 -6 11.5307
      vertex 3.4641 0 12
      vertex 3.69552 0 11.5307
    endloop
  endfacet
  facet normal -0.896883 -0 -0.442268
    outer loop
      vertex 3.4641 0 12
      vertex 3.69552 -6 11.5307
      vertex 3.4641 -6 12
    endloop
  endfacet
  facet normal -0.321435 0 0.946932
    outer loop
      vertex 1.03528 0 6.1363
      vertex 1.53073 -6 6.30448
      vertex 1.53073 0 6.30448
    endloop
  endfacet
  facet normal -0.321435 0 0.946932
    outer loop
      vertex 1.53073 -6 6.30448
      vertex 1.03528 0 6.1363
      vertex 1.03528 -6 6.1363
    endloop
  endfacet
  facet normal 0.0654022 0 0.997859
    outer loop
      vertex -0.522104 0 6.03422
      vertex 0 -6 6
      vertex 0 0 6
    endloop
  endfacet
  facet normal 0.0654022 0 0.997859
    outer loop
      vertex 0 -6 6
      vertex -0.522104 0 6.03422
      vertex -0.522104 -6 6.03422
    endloop
  endfacet
  facet normal 0.980784 -0 0.195098
    outer loop
      vertex -3.96578 -6 9.47789
      vertex -3.8637 0 8.96472
      vertex -3.96578 0 9.47789
    endloop
  endfacet
  facet normal 0.980784 0 0.195098
    outer loop
      vertex -3.8637 0 8.96472
      vertex -3.96578 -6 9.47789
      vertex -3.8637 -6 8.96472
    endloop
  endfacet
  facet normal -0.195096 0 0.980784
    outer loop
      vertex 0.522104 0 6.03422
      vertex 1.03528 -6 6.1363
      vertex 1.03528 0 6.1363
    endloop
  endfacet
  facet normal -0.195096 0 0.980784
    outer loop
      vertex 1.03528 -6 6.1363
      vertex 0.522104 0 6.03422
      vertex 0.522104 -6 6.03422
    endloop
  endfacet
  facet normal -0.44226 0 -0.896887
    outer loop
      vertex 1.53073 -6 13.6955
      vertex 2 0 13.4641
      vertex 2 -6 13.4641
    endloop
  endfacet
  facet normal -0.44226 0 -0.896887
    outer loop
      vertex 2 0 13.4641
      vertex 1.53073 -6 13.6955
      vertex 1.53073 0 13.6955
    endloop
  endfacet
  facet normal 0.751861 0 -0.659321
    outer loop
      vertex -2.82843 -6 12.8284
      vertex -3.17341 0 12.435
      vertex -2.82843 0 12.8284
    endloop
  endfacet
  facet normal 0.751861 0 -0.659321
    outer loop
      vertex -3.17341 0 12.435
      vertex -2.82843 -6 12.8284
      vertex -3.17341 -6 12.435
    endloop
  endfacet
  facet normal 0.831441 0 -0.555613
    outer loop
      vertex -3.17341 -6 12.435
      vertex -3.4641 0 12
      vertex -3.17341 0 12.435
    endloop
  endfacet
  facet normal 0.831441 0 -0.555613
    outer loop
      vertex -3.4641 0 12
      vertex -3.17341 -6 12.435
      vertex -3.4641 -6 12
    endloop
  endfacet
  facet normal 0.321469 0 -0.94692
    outer loop
      vertex -1.53073 -6 13.6955
      vertex -1.03528 0 13.8637
      vertex -1.03528 -6 13.8637
    endloop
  endfacet
  facet normal 0.321469 0 -0.94692
    outer loop
      vertex -1.03528 0 13.8637
      vertex -1.53073 -6 13.6955
      vertex -1.53073 0 13.6955
    endloop
  endfacet
  facet normal -0.555582 0 -0.831462
    outer loop
      vertex 2 -6 13.4641
      vertex 2.43505 0 13.1734
      vertex 2.43505 -6 13.1734
    endloop
  endfacet
  facet normal -0.555582 0 -0.831462
    outer loop
      vertex 2.43505 0 13.1734
      vertex 2 -6 13.4641
      vertex 2 0 13.4641
    endloop
  endfacet
  facet normal -0.831441 0 -0.555613
    outer loop
      vertex 3.4641 -6 12
      vertex 3.17341 0 12.435
      vertex 3.4641 0 12
    endloop
  endfacet
  facet normal -0.831441 -0 -0.555613
    outer loop
      vertex 3.17341 0 12.435
      vertex 3.4641 -6 12
      vertex 3.17341 -6 12.435
    endloop
  endfacet
  facet normal 0.0653641 0 -0.997861
    outer loop
      vertex -0.522104 -6 13.9658
      vertex 0 0 14
      vertex 0 -6 14
    endloop
  endfacet
  facet normal 0.0653641 0 -0.997861
    outer loop
      vertex 0 0 14
      vertex -0.522104 -6 13.9658
      vertex -0.522104 0 13.9658
    endloop
  endfacet
  facet normal 0.980786 0 -0.195087
    outer loop
      vertex -3.8637 -6 11.0353
      vertex -3.96578 0 10.5221
      vertex -3.8637 0 11.0353
    endloop
  endfacet
  facet normal 0.980786 0 -0.195087
    outer loop
      vertex -3.96578 0 10.5221
      vertex -3.8637 -6 11.0353
      vertex -3.96578 -6 10.5221
    endloop
  endfacet
  facet normal 0.65934 0 0.751845
    outer loop
      vertex -2.82843 0 7.17157
      vertex -2.43505 -6 6.82659
      vertex -2.43505 0 6.82659
    endloop
  endfacet
  facet normal 0.65934 0 0.751845
    outer loop
      vertex -2.43505 -6 6.82659
      vertex -2.82843 0 7.17157
      vertex -2.82843 -6 7.17157
    endloop
  endfacet
  facet normal -0.997859 0 0.0654014
    outer loop
      vertex 3.96578 -6 9.47789
      vertex 4 0 10
      vertex 3.96578 0 9.47789
    endloop
  endfacet
  facet normal -0.997859 0 0.0654014
    outer loop
      vertex 4 0 10
      vertex 3.96578 -6 9.47789
      vertex 4 -6 10
    endloop
  endfacet
  facet normal -0.65934 0 0.751845
    outer loop
      vertex 2.43505 0 6.82659
      vertex 2.82843 -6 7.17157
      vertex 2.82843 0 7.17157
    endloop
  endfacet
  facet normal -0.65934 0 0.751845
    outer loop
      vertex 2.82843 -6 7.17157
      vertex 2.43505 0 6.82659
      vertex 2.43505 -6 6.82659
    endloop
  endfacet
  facet normal 0.659362 0 -0.751826
    outer loop
      vertex -2.82843 -6 12.8284
      vertex -2.43505 0 13.1734
      vertex -2.43505 -6 13.1734
    endloop
  endfacet
  facet normal 0.659362 0 -0.751826
    outer loop
      vertex -2.43505 0 13.1734
      vertex -2.82843 -6 12.8284
      vertex -2.82843 0 12.8284
    endloop
  endfacet
  facet normal -0.555569 0 0.831471
    outer loop
      vertex 2 0 6.5359
      vertex 2.43505 -6 6.82659
      vertex 2.43505 0 6.82659
    endloop
  endfacet
  facet normal -0.555569 0 0.831471
    outer loop
      vertex 2.43505 -6 6.82659
      vertex 2 0 6.5359
      vertex 2 -6 6.5359
    endloop
  endfacet
  facet normal -0.0653641 0 -0.997861
    outer loop
      vertex 0 -6 14
      vertex 0.522104 0 13.9658
      vertex 0.522104 -6 13.9658
    endloop
  endfacet
  facet normal -0.0653641 0 -0.997861
    outer loop
      vertex 0.522104 0 13.9658
      vertex 0 -6 14
      vertex 0 0 14
    endloop
  endfacet
  facet normal 0.831471 -0 0.555569
    outer loop
      vertex -3.4641 -6 8
      vertex -3.17341 0 7.56495
      vertex -3.4641 0 8
    endloop
  endfacet
  facet normal 0.831471 0 0.555569
    outer loop
      vertex -3.17341 0 7.56495
      vertex -3.4641 -6 8
      vertex -3.17341 -6 7.56495
    endloop
  endfacet
  facet normal 0.442291 0 0.896871
    outer loop
      vertex -2 0 6.5359
      vertex -1.53073 -6 6.30448
      vertex -1.53073 0 6.30448
    endloop
  endfacet
  facet normal 0.442291 0 0.896871
    outer loop
      vertex -1.53073 -6 6.30448
      vertex -2 0 6.5359
      vertex -2 -6 6.5359
    endloop
  endfacet
  facet normal -0.896871 0 0.442291
    outer loop
      vertex 3.4641 -6 8
      vertex 3.69552 0 8.46927
      vertex 3.4641 0 8
    endloop
  endfacet
  facet normal -0.896871 0 0.442291
    outer loop
      vertex 3.69552 0 8.46927
      vertex 3.4641 -6 8
      vertex 3.69552 -6 8.46927
    endloop
  endfacet
  facet normal 0.195096 0 0.980784
    outer loop
      vertex -1.03528 0 6.1363
      vertex -0.522104 -6 6.03422
      vertex -0.522104 0 6.03422
    endloop
  endfacet
  facet normal 0.195096 0 0.980784
    outer loop
      vertex -0.522104 -6 6.03422
      vertex -1.03528 0 6.1363
      vertex -1.03528 -6 6.1363
    endloop
  endfacet
  facet normal -0.0654022 0 0.997859
    outer loop
      vertex 0 0 6
      vertex 0.522104 -6 6.03422
      vertex 0.522104 0 6.03422
    endloop
  endfacet
  facet normal -0.0654022 0 0.997859
    outer loop
      vertex 0.522104 -6 6.03422
      vertex 0 0 6
      vertex 0 -6 6
    endloop
  endfacet
  facet normal 0.997859 0 -0.0654027
    outer loop
      vertex -3.96578 -6 10.5221
      vertex -4 0 10
      vertex -3.96578 0 10.5221
    endloop
  endfacet
  facet normal 0.997859 0 -0.0654027
    outer loop
      vertex -4 0 10
      vertex -3.96578 -6 10.5221
      vertex -4 -6 10
    endloop
  endfacet
  facet normal 0.195133 0 -0.980777
    outer loop
      vertex -1.03528 -6 13.8637
      vertex -0.522104 0 13.9658
      vertex -0.522104 -6 13.9658
    endloop
  endfacet
  facet normal 0.195133 0 -0.980777
    outer loop
      vertex -0.522104 0 13.9658
      vertex -1.03528 -6 13.8637
      vertex -1.03528 0 13.8637
    endloop
  endfacet
  facet normal 0.997859 -0 0.0654014
    outer loop
      vertex -4 -6 10
      vertex -3.96578 0 9.47789
      vertex -4 0 10
    endloop
  endfacet
  facet normal 0.997859 0 0.0654014
    outer loop
      vertex -3.96578 0 9.47789
      vertex -4 -6 10
      vertex -3.96578 -6 9.47789
    endloop
  endfacet
  facet normal 0.751845 -0 0.65934
    outer loop
      vertex -3.17341 -6 7.56495
      vertex -2.82843 0 7.17157
      vertex -3.17341 0 7.56495
    endloop
  endfacet
  facet normal 0.751845 0 0.65934
    outer loop
      vertex -2.82843 0 7.17157
      vertex -3.17341 -6 7.56495
      vertex -2.82843 -6 7.17157
    endloop
  endfacet
  facet normal 0.946922 0 -0.321464
    outer loop
      vertex -3.69552 -6 11.5307
      vertex -3.8637 0 11.0353
      vertex -3.69552 0 11.5307
    endloop
  endfacet
  facet normal 0.946922 0 -0.321464
    outer loop
      vertex -3.8637 0 11.0353
      vertex -3.69552 -6 11.5307
      vertex -3.8637 -6 11.0353
    endloop
  endfacet
  facet normal -0.751845 0 0.65934
    outer loop
      vertex 2.82843 -6 7.17157
      vertex 3.17341 0 7.56495
      vertex 2.82843 0 7.17157
    endloop
  endfacet
  facet normal -0.751845 0 0.65934
    outer loop
      vertex 3.17341 0 7.56495
      vertex 2.82843 -6 7.17157
      vertex 3.17341 -6 7.56495
    endloop
  endfacet
endsolid OpenSCAD_Model
